"p_val","avg_log2FC","pct.1","pct.2","p_val_adj","cluster","gene"
0,4.3191844970171,0.492,0.058,0,"0","OMD"
0,1.94525167339551,0.748,0.319,0,"0","DCN"
0,2.86273327775053,0.641,0.222,0,"0","RARRES1"
0,2.74357775036302,0.91,0.515,0,"0","LUM"
0,2.24456536534565,0.77,0.377,0,"0","COL1A2"
0,1.42459408875289,0.92,0.531,0,"0","TF"
0,3.51484256522914,0.443,0.089,0,"0","DAPL1"
0,2.95294109275886,0.473,0.13,0,"0","COCH"
0,1.89856884860985,0.704,0.366,0,"0","PCOLCE"
0,1.51221525905794,0.66,0.336,0,"0","PTGDS"
0,2.18780319717557,0.519,0.197,0,"0","C1S"
0,3.76657411770828,0.383,0.062,0,"0","WIF1"
0,1.90555696598765,0.579,0.26,0,"0","C1R"
0,1.47712303513563,0.786,0.473,0,"0","CFH"
0,1.41460205463136,0.655,0.342,0,"0","CCK"
0,1.57872404285172,0.595,0.288,0,"0","CRABP1"
0,2.05792967939976,0.516,0.211,0,"0","OLFML3"
0,2.15696138686151,0.486,0.184,0,"0","NSG1"
0,2.00816997639425,0.501,0.2,0,"0","SERPINF1"
0,1.79605787076731,0.599,0.299,0,"0","CYP1B1"
0,1.61085822625626,0.647,0.358,0,"0","AKAP12"
0,3.01826414205943,0.954,0.668,0,"0","PTN"
0,1.2096731550534,0.727,0.444,0,"0","RARRES2"
0,1.43792379468579,0.619,0.346,0,"0","DKK3"
0,2.50711178141641,0.973,0.708,0,"0","CXCL14"
0,1.75271996644518,0.504,0.239,0,"0","AC233723.1"
0,1.67086603133095,0.692,0.438,0,"0","IGFBP6"
0,2.23060898021986,0.425,0.176,0,"0","FBLN2"
0,1.52338592594894,0.489,0.244,0,"0","SCRG1"
0,1.28292742832065,0.726,0.485,0,"0","MDK"
0,1.98708905194717,0.395,0.158,0,"0","DLX6-AS1"
0,1.83503738308957,0.902,0.667,0,"0","CLU"
0,2.98993488252462,0.281,0.064,0,"0","SCIN"
0,1.51981456566076,0.704,0.492,0,"0","TPM1"
0,3.4673669584006,0.256,0.046,0,"0","SYT1"
0,1.78525013214016,0.509,0.302,0,"0","LIMCH1"
0,1.4353887826955,0.822,0.631,0,"0","SELENOP"
0,1.13492265520375,0.794,0.615,0,"0","HMGN3"
0,1.47685598665039,0.89,0.741,0,"0","LAPTM4A"
0,1.13191559196381,0.737,0.615,0,"0","ANXA2"
0,0.597318828119621,0.932,0.854,0,"0","ITM2B"
3.49798477255603e-321,1.60948781229258,0.473,0.248,1.57675161607735e-316,"0","CLEC11A"
8.13893710461226e-313,1.66238388899939,0.424,0.203,3.66870728927502e-308,"0","PDGFD"
8.71542624010938e-311,0.572965556886195,0.896,0.806,3.9285655319917e-306,"0","LGALS1"
1.70643437576413e-304,2.03887020976813,0.324,0.125,7.69192359219437e-300,"0","ABCA6"
4.34218939503027e-294,0.538120212613269,0.959,0.912,1.95728529170385e-289,"0","VIM"
4.96075183322029e-288,1.14639621698998,0.612,0.408,2.23610849634238e-283,"0","GPX3"
2.49015939536123e-274,1.61509643309034,0.449,0.248,1.12246424905303e-269,"0","GJA1"
8.37743843197085e-274,1.34167457915835,0.514,0.301,3.77621414759518e-269,"0","TMEM150C"
1.28951241641538e-273,1.42439483337655,0.512,0.306,5.81260616823395e-269,"0","NUDT4"
3.81805570943686e-272,0.914668850216562,0.762,0.676,1.72102679158576e-267,"0","NDUFA4"
1.20634169005795e-268,0.633722806144996,0.755,0.624,5.43770580210523e-264,"0","CALD1"
1.31504519070919e-262,2.0483417810704,0.302,0.122,5.92769770164075e-258,"0","PCDH9"
3.38249446011805e-259,1.51088582218312,0.389,0.187,1.52469320284281e-254,"0","BAMBI"
1.83421524545255e-258,2.15434254794352,0.273,0.102,8.26790864040191e-254,"0","PDGFRA"
8.7725646287177e-253,1.52232985412862,0.449,0.259,3.95432123204079e-248,"0","SEPT11"
2.58489697988963e-248,0.62588703044864,0.857,0.817,1.16516816265505e-243,"0","CALM2"
2.9970773984038e-247,1.72777361419467,0.36,0.169,1.3509626081045e-242,"0","COL1A1"
1.45146351469172e-236,0.918126373130763,0.708,0.62,6.54261693882438e-232,"0","TMEM59"
9.86067634648316e-235,1.90822956944868,0.294,0.123,4.44479846994075e-230,"0","PTPRD"
6.57103519372903e-231,1.95018101182552,0.308,0.139,2.9619598239253e-226,"0","GCHFR"
1.38148369183777e-214,1.94213732017091,0.27,0.112,6.22717588932795e-210,"0","RDH10"
9.21861260400517e-211,1.71850895020762,0.285,0.123,4.15538181738137e-206,"0","SSPN"
2.53333379654375e-209,1.9677905448797,0.318,0.152,1.14192554213006e-204,"0","ATP1B1"
1.38054737478146e-207,1.20505917442356,0.569,0.443,6.2229553465649e-203,"0","S100A13"
6.47794104710549e-200,0.994397934259966,0.651,0.51,2.91999670639327e-195,"0","MARCKS"
3.12219539701572e-193,1.17867133229403,0.507,0.351,1.40736079715881e-188,"0","ARID5B"
1.39545737584574e-192,1.04403396653384,0.467,0.284,6.29016366736228e-188,"0","LGALS3BP"
1.90613466162547e-183,1.65041500123262,0.324,0.165,8.59209260074297e-179,"0","SLIT2"
4.58691048595995e-177,0.697023017747353,0.764,0.704,2.06759577065131e-172,"0","MORF4L1"
1.20399503532621e-176,1.32660073484308,0.368,0.203,5.4271280212364e-172,"0","PRRX1"
7.62903615995599e-176,0.769314852822025,0.69,0.61,3.43886433946176e-171,"0","SELENOM"
5.03159404465304e-174,1.78179173319737,0.303,0.157,2.2680413315678e-169,"0","FGFR1"
4.36262084075857e-171,1.07812606361805,0.527,0.371,1.96649497018034e-166,"0","TFPI"
3.59626421325351e-168,0.757706006197152,0.704,0.643,1.62105205676615e-163,"0","SON"
3.74214424776675e-168,0.89695751388691,0.549,0.386,1.68680894112334e-163,"0","ITM2C"
3.62578826361419e-166,1.28996079756778,0.495,0.365,1.63436031770673e-161,"0","PPP1CB"
8.20319491285054e-163,1.20167417703361,0.353,0.195,3.69767213891651e-158,"0","DLX5"
3.9253827956706e-159,1.55885456365386,0.299,0.155,1.76940554897648e-154,"0","DIO3OS"
9.42883428605402e-153,1.38829153711198,0.495,0.365,4.25014134278171e-148,"0","GOLIM4"
1.5183810486886e-150,1.54765933171219,0.25,0.118,6.84425441506873e-146,"0","AL445471.2"
8.11598216145745e-149,1.45348072236085,0.396,0.268,3.65836011909856e-144,"0","FAM177A1"
1.64107884010663e-146,1.37279797012607,0.303,0.159,7.39732697966463e-142,"0","MSX2"
2.86020357723363e-146,1.53408745643971,0.413,0.282,1.28926536447383e-141,"0","PPP3CA"
9.3472259496724e-137,1.23125902345669,0.412,0.283,4.21335556907433e-132,"0","DMAC1"
7.54644392184111e-133,1.6539648965785,0.251,0.127,3.4016350622091e-128,"0","TNC"
7.92815122362301e-127,0.923281629567289,0.515,0.395,3.57369344556031e-122,"0","NUPR1"
1.72100857939484e-122,1.09725166572773,0.44,0.322,7.7576182724802e-118,"0","MAGED2"
4.63093510480453e-121,1.50531389089164,0.294,0.172,2.08744030784169e-116,"0","PLXDC2"
3.84022213521854e-119,1.4460527094611,0.269,0.148,1.73101852967111e-114,"0","UNC5B"
8.81048565960857e-116,1.27118196781496,0.343,0.216,3.97141451592516e-111,"0","SLC20A2"
1.59849277278092e-112,0.884555555778186,0.571,0.497,7.20536602258728e-108,"0","SLIRP"
9.33433740433528e-106,0.922052424626205,0.397,0.269,4.20754592837817e-101,"0","MXRA8"
3.87340965246861e-94,1.06225067235418,0.37,0.259,1.74597813494675e-89,"0","GSTM3"
2.2522560555936e-93,1.17322094088743,0.261,0.152,1.01522693961937e-88,"0","TMEM98"
5.37251647752208e-92,0.73752636303629,0.572,0.512,2.42171552740785e-87,"0","BEX3"
6.54235045130161e-91,0.666184257455433,0.64,0.609,2.94902988942872e-86,"0","NUCKS1"
1.10806345994192e-89,1.45421740529216,0.295,0.196,4.99470685203421e-85,"0","DHRS3"
2.79128910607725e-89,1.29144230759218,0.263,0.16,1.25820147745538e-84,"0","EFEMP2"
4.35042359041568e-89,1.28399566763786,0.283,0.177,1.96099693761577e-84,"0","LRP1"
2.64781384033199e-84,0.927810036984009,0.382,0.276,1.19352856666805e-79,"0","FTH1P10"
1.41592750073762e-83,1.23673382297026,0.355,0.262,6.38243480232491e-79,"0","PHIP"
1.65373942603285e-81,0.985621040771022,0.394,0.287,7.4543958367857e-77,"0","COL3A1"
5.36539709039575e-78,0.653278635823086,0.517,0.434,2.41850639246679e-73,"0","CYBA"
8.12083972828701e-76,0.603858945836529,0.636,0.603,3.66054971592265e-71,"0","SEM1"
1.77230960861138e-75,1.20524260460358,0.345,0.256,7.98886279177666e-71,"0","SPPL2A"
3.96007374214967e-69,0.799053947094351,0.419,0.333,1.78504284001139e-64,"0","SERPING1"
1.02667468782145e-67,1.13069629740673,0.363,0.287,4.62783882282395e-63,"0","SLC38A2"
3.59308584244675e-67,0.635578466626155,0.607,0.585,1.6196193743413e-62,"0","POLR2L"
3.59348846444914e-67,1.09079753312751,0.262,0.171,1.61980086023509e-62,"0","TCEAL2"
7.17550786649756e-66,0.500149157074555,0.729,0.685,3.23443192590244e-61,"0","IFI6"
8.45448526267546e-66,0.718157003822883,0.442,0.357,3.81094377700359e-61,"0","PLPP3"
1.58886572462406e-64,1.07045150414802,0.352,0.273,7.16197114031541e-60,"0","PDCD4"
2.48881594122556e-59,0.773534201901676,0.418,0.336,1.12185867366683e-54,"0","MRPS6"
2.2783386514001e-58,1.14065400320016,0.271,0.193,1.02698393050511e-53,"0","CTSF"
3.92643654319906e-57,0.944879383070037,0.29,0.207,1.76988053621241e-52,"0","SEPT4"
1.38450796750399e-56,0.697917600232485,0.509,0.465,6.24080811432099e-52,"0","RTN4"
1.58754404289179e-53,1.02966112523796,0.322,0.249,7.15601352773903e-49,"0","TMEM14A"
1.75348722255403e-52,0.972151377248549,0.297,0.22,7.90401900438457e-48,"0","PRNP"
8.69349834405374e-47,1.01291213647725,0.317,0.252,3.91868131356566e-42,"0","CWF19L2"
2.88722976653466e-46,0.883133021437289,0.306,0.239,1.30144768956316e-41,"0","PLD3"
4.94809014609086e-46,0.901562742703798,0.294,0.221,2.23040111425192e-41,"0","HMOX2"
6.32155066911738e-45,0.644213174958556,0.372,0.288,2.84950217961135e-40,"0","MSX1"
1.71699379258194e-44,0.517023029153989,0.503,0.467,7.73952121944236e-40,"0","FCGRT"
3.33537366691288e-44,0.903251282371563,0.359,0.302,1.50345303409765e-39,"0","ZRANB2"
4.85925033466033e-44,0.806657092507431,0.33,0.262,2.19035568085149e-39,"0","RGS3"
3.72110543960808e-41,0.720090198749288,0.439,0.403,1.67732548795774e-36,"0","TCEAL4"
3.73744587082294e-41,0.553417342311462,0.441,0.379,1.68469110073215e-36,"0","EMP3"
6.10809779472318e-39,0.899856550704628,0.319,0.263,2.75328616194942e-34,"0","CD164"
7.35277464656352e-38,0.570593941157369,0.517,0.498,3.31433669968497e-33,"0","PNISR"
1.06262683281458e-37,0.519945527401876,0.332,0.265,4.789896711595e-33,"0","CTGF"
3.17343160823543e-37,0.730964915989539,0.317,0.252,1.4304560317282e-32,"0","RBP1"
4.68690693192998e-37,0.847881717958138,0.332,0.28,2.11267016863676e-32,"0","KCTD12"
1.09272123960797e-33,1.19716304144007,0.267,0.217,4.92555025965688e-29,"0","SKIL"
9.94507194714148e-30,0.529036972485538,0.532,0.516,4.48284063089349e-25,"0","DBI"
4.3790342256294e-29,0.733610294615085,0.307,0.258,1.97389346754471e-24,"0","BLVRB"
5.97773383608469e-29,0.729601886818208,0.38,0.344,2.69452330395354e-24,"0","TMED10"
2.77770367638378e-26,0.817898399263136,0.326,0.29,1.25207770916675e-21,"0","PRDX4"
9.14894911864103e-25,0.660446860668362,0.378,0.344,4.12398030471863e-20,"0","PDLIM1"
2.26700459237567e-23,0.547501878997979,0.472,0.466,1.02187499005926e-18,"0","ST13"
3.19531040830074e-20,0.571152689013601,0.368,0.339,1.44031811964564e-15,"0","IFI27L2"
1.41491893206463e-19,0.523794082475751,0.474,0.469,6.37788857817453e-15,"0","TMBIM4"
7.42260893935449e-19,0.559119101557748,0.477,0.476,3.34581520550343e-14,"0","N4BP2L2"
1.11093225104435e-18,0.74069659284772,0.342,0.321,5.00763821480753e-14,"0","NES"
1.19609266469154e-16,0.860923392894727,0.298,0.276,5.39150729536359e-12,"0","ZFAND5"
1.38125055264287e-16,0.783001871254985,0.311,0.286,6.22612499109301e-12,"0","SCARB2"
4.14275544132083e-16,0.604453532024365,0.415,0.416,1.86738844272978e-11,"0","ISCU"
4.42876376271414e-16,0.657331062643671,0.378,0.368,1.99630955368103e-11,"0","TCEAL9"
2.41530894355684e-15,0.623857064222542,0.4,0.394,1.08872465939768e-10,"0","TMCO1"
2.08013573129953e-13,0.530890520414743,0.417,0.421,9.37641982240578e-09,"0","LAMTOR5"
1.11486702677477e-12,0.871913649290558,0.275,0.258,5.02537460988997e-08,"0","PCMTD1"
1.52187047506108e-12,0.627243952625132,0.341,0.33,6.85998335338532e-08,"0","TMED2"
4.90504093501602e-11,0.652391004642681,0.401,0.408,2.21099625186782e-06,"0","CTNNB1"
2.86762295042371e-10,0.684007892911917,0.277,0.261,1.29260972113299e-05,"0","ARF4"
6.23882546916666e-10,0.621440181303213,0.317,0.305,2.81221296848157e-05,"0","PGRMC1"
8.76578829415186e-10,0.663842353500497,0.353,0.356,3.95126673147189e-05,"0","AKAP9"
4.9616341055154e-09,0.770622743947824,0.269,0.258,0.000223650618940212,"0","SRSF6"
3.87006279033935e-08,0.738016781213453,0.254,0.243,0.00174446950337337,"0","GGT5"
5.16832491061759e-08,0.56154384237663,0.345,0.347,0.00232967413670999,"0","EIF1B"
6.34793310349783e-08,0.5337177540232,0.383,0.395,0.00286139432573268,"0","ATRAID"
8.41478825192986e-08,0.649154043711054,0.417,0.441,0.0037930499524399,"0","HNRNPH1"
9.91375109768315e-08,0.533816714583698,0.279,0.268,0.00446872244479166,"0","SORBS2"
1.42347975503497e-07,0.63513572511346,0.336,0.338,0.00641647734379564,"0","ATP6AP2"
8.45948053145044e-07,0.703394180614211,0.257,0.252,0.038131954443566,"0","ATP1A1"
3.24716653234592e-06,0.545572479116857,0.3,0.296,0.146369278612025,"0","TMEM205"
6.44585999548549e-06,0.563294999054914,0.32,0.322,0.290553585156504,"0","TERF2IP"
1.46860025870842e-05,0.620152342723105,0.294,0.297,0.661986252615405,"0","PSIP1"
1.98243874010591e-05,0.533885920241349,0.303,0.307,0.893604086490138,"0","SMIM26"
5.23375170309445e-05,0.539522312277838,0.291,0.293,1,"0","MORF4L2"
7.84063787735046e-05,0.513889918425187,0.318,0.326,1,"0","TMEM230"
0.000140199877730861,0.597342512476996,0.252,0.249,1,"0","GTF2H5"
0,2.60921844648106,0.938,0.31,0,"1","APOE"
0,2.34403142047869,0.818,0.204,0,"1","IGFBP3"
0,3.18013316214825,0.649,0.076,0,"1","CP"
0,1.96549144255278,0.892,0.333,0,"1","CCK"
0,1.80150517988784,0.767,0.219,0,"1","SCRG1"
0,2.38481355970434,0.973,0.426,0,"1","IGFBP5"
0,1.3474800653246,0.887,0.341,0,"1","DCN"
0,1.75858162543795,0.824,0.279,0,"1","CRABP1"
0,3.28274039335154,0.614,0.072,0,"1","CA2"
0,2.56398864050865,0.619,0.099,0,"1","DIO2"
0,2.13004763865415,0.736,0.22,0,"1","AMD1"
0,1.46293672505366,0.746,0.233,0,"1","COL3A1"
0,1.61681929490227,0.785,0.274,0,"1","TMEM150C"
0,2.41366993912504,0.615,0.109,0,"1","VCAN"
0,2.00014773853783,0.77,0.264,0,"1","RARRES3"
0,1.45738974286038,0.835,0.33,0,"1","TFPI"
0,1.30621840382616,0.836,0.336,0,"1","DKK3"
0,1.3930141498678,0.842,0.349,0,"1","ITM2C"
0,3.15847966256315,0.552,0.061,0,"1","TMEM100"
0,1.82985524109063,0.72,0.231,0,"1","MSX1"
0,1.70509923609722,0.658,0.171,0,"1","SLC20A2"
0,1.57015744320365,0.961,0.475,0,"1","CFH"
0,1.1858385957556,0.838,0.354,0,"1","AKAP12"
0,1.53679261880432,0.91,0.441,0,"1","RARRES2"
0,1.42918520212268,0.697,0.232,0,"1","AC233723.1"
0,1.05167985852971,0.834,0.379,0,"1","PCOLCE"
0,1.94404030110188,0.573,0.124,0,"1","MSX2"
0,1.60850031799009,0.921,0.475,0,"1","MDK"
0,1.16399697114513,0.716,0.27,0,"1","C1R"
0,1.78588880062154,0.566,0.121,0,"1","TMEM176B"
0,1.4469730213697,0.674,0.231,0,"1","MXRA8"
0,2.07778674787369,0.579,0.14,0,"1","RND3"
0,0.66285462996906,0.982,0.545,0,"1","LUM"
0,1.96897087406495,0.991,0.561,0,"1","TF"
0,1.22668094629802,0.618,0.193,0,"1","NSG1"
0,0.50248829837558,0.631,0.209,0,"1","NRXN1"
0,1.80129958605089,0.59,0.168,0,"1","DLX5"
0,2.90804285186117,0.459,0.042,0,"1","KIF5C"
0,2.83983321359025,0.475,0.058,0,"1","APOC1"
0,0.521679550362197,0.743,0.328,0,"1","GPM6B"
0,1.69992738631851,0.541,0.132,0,"1","TBX3"
0,2.07458684971706,0.493,0.085,0,"1","TMEM176A"
0,1.452236236259,0.578,0.174,0,"1","BAMBI"
0,2.62037099904618,0.471,0.07,0,"1","NGF"
0,1.14601139320192,0.637,0.243,0,"1","CLEC11A"
0,2.45572006816195,0.468,0.081,0,"1","BEX1"
0,1.61011883039441,0.604,0.218,0,"1","RGS3"
0,1.80213147094746,0.742,0.357,0,"1","PTGDS"
0,0.954225901978964,0.608,0.228,0,"1","OLFML3"
0,0.992495653881063,0.742,0.366,0,"1","NUPR1"
0,2.2306022992576,0.452,0.077,0,"1","CLDN10"
0,0.952804577153891,0.707,0.336,0,"1","EMP3"
0,1.23242912556975,0.666,0.296,0,"1","SERPING1"
0,3.37024487064532,0.412,0.044,0,"1","CRABP2"
0,1.09996572220137,0.554,0.187,0,"1","PRRX1"
0,1.05134890064276,0.826,0.462,0,"1","DBI"
0,1.34821449873645,0.495,0.134,0,"1","DIO3OS"
0,1.39366124977299,0.606,0.245,0,"1","ETFB"
0,1.20723299721782,0.656,0.296,0,"1","PDLIM1"
0,1.15025939701778,0.617,0.258,0,"1","DMAC1"
0,1.60230776063225,0.477,0.122,0,"1","UNC5B"
0,1.8270044413389,0.465,0.113,0,"1","MRC2"
0,1.26419724862111,0.501,0.15,0,"1","SLIT2"
0,2.36667201774622,0.412,0.064,0,"1","DLX4"
0,1.32622102501682,0.59,0.242,0,"1","TMEM205"
0,1.74088628438891,0.486,0.139,0,"1","TCEAL2"
0,2.6330547055718,0.477,0.134,0,"1","BEX5"
0,1.14247481511294,0.555,0.214,0,"1","RBP1"
0,1.05575636403594,0.648,0.308,0,"1","PPA1"
0,1.47419840344269,0.474,0.134,0,"1","PLEKHA5"
0,1.4669011465845,0.524,0.185,0,"1","HMOX2"
0,1.19278582628165,0.946,0.607,0,"1","HMGN3"
0,0.846448437431463,0.811,0.474,0,"1","BEX3"
0,0.975644189358612,0.668,0.331,0,"1","JAK1"
0,1.04828598536583,0.798,0.462,0,"1","SLIRP"
0,1.04378626312378,0.569,0.234,0,"1","GSTM3"
0,1.95606631974337,0.445,0.112,0,"1","CKB"
0,1.01789618909132,0.496,0.166,0,"1","DLX6-AS1"
0,1.54004952264484,0.448,0.12,0,"1","INAFM1"
0,1.03232764095114,0.467,0.142,0,"1","ATP1B1"
0,1.11052462426149,0.733,0.408,0,"1","GPX3"
0,1.04862094447582,0.791,0.469,0,"1","TPI1"
0,2.64370556437804,0.367,0.045,0,"1","EFEMP1"
0,2.84562868712114,0.362,0.041,0,"1","EPCAM"
0,2.91277032148759,0.359,0.039,0,"1","ACP5"
0,1.33137181783543,0.572,0.253,0,"1","SOX4"
0,2.38192059361139,0.413,0.096,0,"1","CFI"
0,1.3483065742811,0.508,0.193,0,"1","GTF3C6"
0,1.69026769921415,0.415,0.101,0,"1","AL445471.2"
0,1.62614566926469,0.411,0.101,0,"1","HEY1"
0,2.81396546724486,0.356,0.051,0,"1","TMSB15A"
0,1.38652786401992,0.408,0.108,0,"1","HEY2"
0,1.90171823092518,0.354,0.061,0,"1","PYGL"
0,1.1455677170737,0.412,0.12,0,"1","PTPRD"
0,2.20517355225333,0.339,0.054,0,"1","ABHD12B"
0,0.826838555987925,0.964,0.681,0,"1","CLU"
0,1.95568232277775,0.352,0.072,0,"1","ALPL"
0,3.42990749389393,0.303,0.024,0,"1","TMEM215"
0,1.31841083810305,0.386,0.109,0,"1","KAZN"
0,1.30913859524992,0.423,0.147,0,"1","BTG3"
0,3.15250092066002,0.291,0.02,0,"1","RGS18"
0,0.967731466020014,0.997,0.733,0,"1","CXCL14"
0,2.08615962426121,0.329,0.065,0,"1","SEZ6L2"
0,1.33151756226645,0.348,0.091,0,"1","KIT"
0,1.31449049870425,0.366,0.11,0,"1","ATP1A2"
0,1.01623944508389,0.955,0.705,0,"1","CD63"
0,1.42073913499398,0.334,0.085,0,"1","DYNC1I1"
0,0.796128324872094,0.987,0.739,0,"1","LAPTM4A"
0,1.3553956917081,0.328,0.083,0,"1","COL21A1"
0,1.82207244615562,0.294,0.051,0,"1","SLC4A4"
0,1.33800882186337,0.321,0.079,0,"1","TIAM1"
0,1.40277397513876,0.31,0.071,0,"1","BMPR1B"
0,1.65969508587162,0.297,0.058,0,"1","CXADR"
0,3.00589643080078,0.261,0.027,0,"1","TSPAN8"
0,1.53754113625322,0.31,0.077,0,"1","CCDC151"
0,1.94778359143813,0.281,0.05,0,"1","LOX"
0,1.92182451726896,0.284,0.054,0,"1","GLIPR2"
0,1.52831941970481,0.305,0.077,0,"1","PLXDC1"
0,2.23049274872925,0.272,0.064,0,"1","CMTM8"
0,0.762725720496468,0.918,0.712,0,"1","ACTG1"
0,0.740150979052385,0.921,0.728,0,"1","GAPDH"
0,0.786638516544723,0.995,0.851,0,"1","ITM2B"
0,0.641416990188137,0.989,0.911,0,"1","VIM"
0,0.575250624027424,1,0.999,0,"1","MALAT1"
2.60866661004178e-321,1.7002617709229,0.274,0.066,1.17588256114243e-316,"1","RAMP1"
2.09162898378024e-314,0.674471947636382,0.888,0.617,9.42822680728779e-310,"1","PRDX1"
2.60419526950475e-314,0.914760002448819,0.645,0.302,1.17386705968196e-309,"1","MRPS6"
7.04196255810418e-311,2.18017469754575,0.356,0.121,3.17423504269104e-306,"1","MAFB"
1.92054059730075e-310,1.36642689433782,0.358,0.114,8.65702879639286e-306,"1","SDHAF3"
5.8663097058053e-308,0.809869601406898,0.561,0.225,2.6442977629888e-303,"1","C1S"
2.47014990922502e-303,0.852387987862166,0.802,0.495,1.11344477308227e-298,"1","ALDOA"
6.20729880678314e-303,0.904787892131934,0.536,0.224,2.79800201014557e-298,"1","IVNS1ABP"
5.82793242454561e-302,0.732333896543484,0.685,0.316,2.62699881968818e-297,"1","CYP1B1"
1.67616212708957e-299,1.83132283194734,0.286,0.079,7.55546840406895e-295,"1","SLC16A3"
1.09936467095891e-298,1.31504017001739,0.359,0.117,4.95549619081436e-294,"1","NDUFAF4"
1.26020595404179e-298,1.0625251006568,0.353,0.106,5.68050435843877e-294,"1","PDGFRA"
6.68609579305768e-298,1.20684331282179,0.421,0.156,3.01382453967868e-293,"1","CRNDE"
2.45973607393611e-295,1.30228439817529,0.301,0.083,1.10875063268744e-290,"1","MOB3B"
5.62016754558393e-294,1.02223580869363,0.402,0.133,2.53334672284741e-289,"1","ABCA6"
3.10670884760757e-293,2.12894556863911,0.412,0.172,1.40038008014759e-288,"1","HSPA1A"
4.87392088451291e-292,1.51425822013101,0.266,0.068,2.19696857790304e-287,"1","SULT1A1"
6.79122762609011e-287,1.27416318965981,0.344,0.108,3.06121376473638e-282,"1","HTRA3"
9.67017087378452e-287,1.0027475429851,0.488,0.2,4.35892622306711e-282,"1","GGT5"
1.01738040544341e-286,0.740749522790413,0.79,0.448,4.58594391557671e-282,"1","IGFBP6"
2.84366136601651e-285,1.34633101782727,0.283,0.077,1.2818087973456e-280,"1","POSTN"
7.60614156010639e-285,0.841106730018846,0.686,0.377,3.42854436963356e-280,"1","ENO1"
1.33465798672951e-282,0.817417566225669,0.532,0.227,6.01610434098193e-278,"1","GBP2"
2.0069726875323e-282,0.825801573494056,0.747,0.425,9.04663008632061e-278,"1","RTN4"
1.11356077900179e-279,0.926601409106724,0.519,0.223,5.01948656742846e-275,"1","BLVRB"
3.31478282196222e-279,0.537030105544378,0.978,0.817,1.49417150482769e-274,"1","IFITM3"
4.91839684487863e-279,0.938576353190039,0.581,0.286,2.21701656179749e-274,"1","GYPC"
3.94590456098087e-276,1.11973536992786,0.319,0.095,1.77865593990774e-271,"1","INSC"
1.08820608140608e-273,0.953443908628744,0.364,0.12,4.90519773254602e-269,"1","TNC"
1.76846946238885e-273,1.39755336115109,0.278,0.076,7.97155294866396e-269,"1","MXRA5"
5.03085632381025e-273,1.06455323679518,0.687,0.383,2.26770879652071e-268,"1","TUBA1A"
3.78055667341631e-272,0.883415360216523,0.434,0.161,1.70412372610914e-267,"1","LRP1"
6.46695651402665e-271,1.3820210718789,0.316,0.099,2.91504531826265e-266,"1","STX18"
1.39551249433632e-270,0.778919527572,0.858,0.564,6.29041211947038e-266,"1","CD59"
2.88649147058476e-267,1.50842552405605,0.276,0.079,1.30111489528079e-262,"1","IRX3"
3.64234129317278e-267,0.830189964069826,0.844,0.539,1.64182176131056e-262,"1","SAT1"
1.51980636568122e-262,1.14152595272842,0.302,0.09,6.85067917394465e-258,"1","PAK1"
1.54251878333995e-261,0.756281131753183,0.791,0.462,6.95305766778314e-257,"1","ID1"
1.95360285245929e-261,1.13789867778989,0.413,0.162,8.80606021774549e-257,"1","CCDC80"
1.04169078783554e-260,1.21108383204841,0.356,0.127,4.69552539524748e-256,"1","SSBP4"
4.54784652102656e-260,1.16698791537816,0.262,0.07,2.04998729781793e-255,"1","COLEC12"
3.51500223658114e-259,0.907822060433475,0.587,0.282,1.58442240816131e-254,"1","LGALS3BP"
1.00590623519249e-258,1.4663536864112,0.298,0.094,4.53422294575365e-254,"1","DERL1"
1.6145347648226e-258,0.722800116588037,0.754,0.442,7.27767690591435e-254,"1","LGALS3"
3.26420975656332e-256,1.24369719969527,0.383,0.148,1.47137518986848e-251,"1","XPA"
7.46686655523764e-255,1.3727978703612,0.346,0.124,3.36576476843892e-250,"1","TSEN34"
6.3064483966609e-253,0.803834742876189,0.659,0.358,2.84269467927887e-248,"1","PRDX2"
7.85250486325339e-251,1.06611647478439,0.377,0.138,3.5395950921601e-246,"1","HDDC2"
1.46399377464003e-249,1.28005486983877,0.252,0.069,6.5990983385674e-245,"1","FARP1"
6.97841339543991e-249,0.845069050898084,0.742,0.464,3.1455896221285e-244,"1","MIF"
1.69969082895508e-247,0.931933012646307,0.404,0.15,7.66152638059791e-243,"1","SGCE"
1.17379181684254e-246,1.16202618503235,0.31,0.1,5.29098399359941e-242,"1","HSPA2"
3.90609319954365e-244,0.913689000637403,0.449,0.188,1.7607105706263e-239,"1","HIF1A"
1.09669352437821e-243,0.683053078509618,0.445,0.174,4.94345573048724e-239,"1","COL1A1"
3.50617075398005e-242,0.896551869785019,0.566,0.283,1.58044152906405e-237,"1","DYNLT1"
4.8852864632261e-241,0.802043965630166,0.64,0.349,2.2020917261638e-236,"1","TMCO1"
9.29559136171225e-241,0.802648877945953,0.678,0.384,4.19008076220541e-236,"1","IFI16"
7.48967621616181e-238,0.762268354948385,0.658,0.349,3.3760464511971e-233,"1","GOLIM4"
2.26067855815163e-232,0.73232711891809,0.335,0.118,1.01902346687243e-227,"1","STC1"
9.64245159608676e-232,0.987746115420125,0.395,0.161,4.34643148145207e-227,"1","SNX2"
2.63406738861944e-230,0.712565327915212,0.985,0.946,1.1873322160941e-225,"1","MT-RNR2"
3.29292598338738e-229,1.0644092308827,0.423,0.184,1.4843193162717e-224,"1","PDHB"
3.46349707690234e-229,0.849261948163555,0.517,0.25,1.5612059423845e-224,"1","SCARB2"
1.41519057822896e-228,0.784309523947195,0.629,0.347,6.37911305042488e-224,"1","ATRAID"
2.47332295451792e-228,1.20308848037826,0.274,0.084,1.1148750549785e-223,"1","COL9A3"
3.88138820843341e-228,1.39351128676648,0.266,0.083,1.74957454883345e-223,"1","NOL3"
1.49522169529537e-226,1.19179789578585,0.32,0.114,6.73986131371343e-222,"1","SSBP2"
7.51349730878094e-225,1.0342868564525,0.261,0.077,3.3867840469061e-220,"1","SDC2"
3.76674573513161e-223,0.648229371598632,0.538,0.254,1.69789830756792e-218,"1","HES4"
1.45545173834612e-221,0.803398630916394,0.543,0.275,6.56059425576899e-217,"1","PLA2G16"
1.25620619567676e-220,0.794314599850131,0.348,0.129,5.66247504763258e-216,"1","FILIP1L"
1.67758288521844e-219,0.884802677652658,0.486,0.232,7.56187261341062e-215,"1","ALKBH7"
2.11308289171612e-218,0.81408621966,0.502,0.236,9.52493244269956e-214,"1","SPPL2A"
1.09329099106185e-217,0.842098946734804,0.442,0.193,4.92811847131041e-213,"1","MDH1"
2.31611745313101e-214,0.662072679303044,0.629,0.331,1.04401310317333e-209,"1","PLPP3"
7.1827859031297e-213,0.551509648102578,0.864,0.586,3.23771257369474e-208,"1","SELENOM"
1.92788823380681e-210,1.26781431673754,0.252,0.079,8.69014900270758e-206,"1","GMCL1"
1.12192757827875e-208,0.698106459889685,0.778,0.487,5.05720075184931e-204,"1","BST2"
1.63076873068128e-208,0.547137771318002,0.909,0.656,7.35085313041895e-204,"1","IFI6"
2.55450063578523e-208,1.16098868104907,0.294,0.102,1.15146670658655e-203,"1","MAGEF1"
1.67666696144269e-206,0.966137488507728,0.402,0.176,7.55774399539906e-202,"1","MRPL40"
6.48759662739843e-206,0.928750504739094,0.379,0.158,2.92434905576612e-201,"1","TGFB1"
1.83167357053328e-205,1.00795538683665,0.426,0.196,8.2564517865358e-201,"1","TYMP"
2.22188639016141e-204,0.86989640366473,0.487,0.241,1.00153750922916e-199,"1","RNF145"
3.75277210323824e-204,0.728419388731276,0.607,0.334,1.69159955325567e-199,"1","NDUFAF3"
4.50064274970302e-203,0.579468723721243,0.514,0.231,2.02870972585613e-198,"1","SERPINF1"
2.72146654280005e-202,0.573803628152481,0.833,0.569,1.22672825883255e-197,"1","SEM1"
1.58700703590943e-200,0.854826097349192,0.477,0.233,7.15359291506533e-196,"1","POLR2G"
7.51229902715894e-200,0.841792225651699,0.456,0.215,3.38624390948216e-195,"1","ARL3"
3.37695554102506e-197,1.21615399544934,0.254,0.083,1.52219647967245e-192,"1","TUSC3"
1.04067312290826e-196,1.25011247128142,0.285,0.104,4.69093816882127e-192,"1","MPZL1"
1.06901970937781e-196,1.02689863428776,0.253,0.08,4.8187132419914e-192,"1","PLEKHH2"
4.04111040881432e-196,0.647563953536142,0.698,0.425,1.82157092787714e-191,"1","NDUFB4"
8.86301676887954e-196,0.856675392387954,0.492,0.249,3.99509343874014e-191,"1","CIR1"
1.78024073918797e-191,0.714038394254843,0.873,0.623,8.02461315596372e-187,"1","ID3"
7.73038397468669e-191,0.715461998821347,0.417,0.183,3.48454788042977e-186,"1","ISYNA1"
1.22833884717087e-190,1.06825661736689,0.287,0.103,5.53686018750743e-186,"1","FBN1"
2.65414991201561e-190,0.502446668585858,0.401,0.166,1.19638461434016e-185,"1","COX4I2"
5.63845299256533e-189,1.03610252142651,0.279,0.099,2.54158907092875e-184,"1","PXK"
1.59313411482488e-187,0.776246818458257,0.425,0.191,7.18121133598465e-183,"1","SEPT4"
3.78110493512706e-187,0.769028551549476,0.363,0.145,1.70437086055787e-182,"1","TMEM98"
8.28809575276563e-187,0.951714745250221,0.364,0.153,3.73594204151663e-182,"1","EFEMP2"
2.34851647411075e-186,1.00518388450787,0.276,0.098,1.05861728587016e-181,"1","IL1R1"
2.07251308904233e-182,1.02629134899774,0.293,0.11,9.34206000016722e-178,"1","NDN"
1.3803581323457e-178,0.828383058947262,0.373,0.163,6.22210231736146e-174,"1","CYHR1"
6.34765847249126e-177,0.806465459030733,0.355,0.149,2.86127053306016e-172,"1","GCHFR"
3.02180997376388e-176,0.718324125309713,0.492,0.257,1.36211106377381e-171,"1","NFIC"
3.48365283640776e-174,0.674433684582122,0.486,0.248,1.57029135253916e-169,"1","PHIP"
4.03348471563771e-174,1.04538633448962,0.344,0.15,1.81813357042085e-169,"1","NME4"
2.71802841573649e-171,1.16250623712015,0.253,0.09,1.22517848867738e-166,"1","PLTP"
2.63311292922761e-170,0.520455738859118,0.775,0.505,1.18690198397864e-165,"1","GABARAPL2"
1.83575382898832e-169,1.05224148467016,0.353,0.159,8.27484395954775e-165,"1","TPD52L1"
8.71298755439229e-169,0.634680965069739,0.523,0.276,3.92746627001787e-164,"1","PPP3CA"
9.48245124360371e-169,0.720418818508719,0.398,0.186,4.27430972256681e-164,"1","CDKN1C"
7.35510649900284e-168,1.17279685537463,0.266,0.1,3.31538780549052e-163,"1","POR"
2.31653244401585e-167,0.753442790597204,0.455,0.233,1.04420016446458e-162,"1","DNAJC15"
3.09442953492422e-167,0.500462116042063,0.339,0.135,1.39484505716244e-162,"1","PCDH9"
2.68010100638341e-166,0.889038790734588,0.377,0.172,1.20808232963738e-161,"1","RAB34"
3.43419504309254e-166,0.617080259137324,0.659,0.397,1.54799775762439e-161,"1","PDIA3"
3.54913766728495e-165,0.517551781177636,0.86,0.61,1.59980929490536e-160,"1","EID1"
4.39698746596801e-165,0.550143688770771,0.518,0.267,1.98198607015974e-160,"1","SEPT11"
5.1156320388363e-164,0.753228915436823,0.841,0.645,2.30592229782585e-159,"1","HSP90AA1"
1.32189745279561e-163,0.836796464618954,0.397,0.192,5.95858495822149e-159,"1","VGLL4"
2.18706242309374e-163,0.881737329224419,0.369,0.172,9.85840257833734e-159,"1","YPEL3"
3.47056999105408e-163,0.621348414856499,0.536,0.301,1.56439412916754e-158,"1","PGK1"
5.8617443902488e-162,0.762603825089777,0.478,0.256,2.64223990134855e-157,"1","SNRPN"
2.15214926140757e-161,0.862088946911698,0.268,0.099,9.70102801072076e-157,"1","SELENBP1"
1.59696726039292e-160,0.925318532969491,0.337,0.149,7.19848962294712e-156,"1","AIG1"
3.24910102793026e-159,0.6403702421862,0.562,0.312,1.46456477934984e-154,"1","MAGED2"
2.9680220789394e-158,0.800813322045975,0.333,0.143,1.33786563230273e-153,"1","ZSCAN16-AS1"
6.34021746855247e-158,0.510049090821212,0.828,0.581,2.85791642612471e-153,"1","PPDPF"
1.74877265492851e-157,0.66129777789104,0.468,0.247,7.88276761935576e-153,"1","GTF2A2"
1.46690198712161e-156,0.763736670603514,0.45,0.236,6.61220739714938e-152,"1","IFIT1"
3.21746101829205e-156,0.659554321677654,0.361,0.163,1.45030272860532e-151,"1","FGFR1"
5.56026489358942e-155,1.01961145069596,0.285,0.117,2.50634500343437e-150,"1","ANXA4"
2.01533341442282e-154,1.49719385999447,0.267,0.111,9.0843168988523e-150,"1","HSPA1B"
2.14910918398591e-154,1.09798977069853,0.304,0.131,9.68732455773488e-150,"1","NQO2"
1.59443049686116e-153,0.55887961578047,0.524,0.289,7.18705490765137e-149,"1","NES"
2.61508353734471e-153,0.73972132666578,0.445,0.232,1.1787750552935e-148,"1","NDUFB6"
4.43706083991404e-153,0.65671132267294,0.499,0.272,2.00004954419965e-148,"1","PGRMC1"
5.07130326036412e-153,0.78063830710808,0.421,0.215,2.28594065764173e-148,"1","MDH2"
1.30189025874903e-151,0.987890432194336,0.304,0.131,5.86840053033715e-147,"1","EPSTI1"
1.47652173467355e-151,0.634054822061793,0.514,0.287,6.65556937121451e-147,"1","NME3"
1.79081969276915e-150,0.600264997613596,0.558,0.327,8.07229884712623e-146,"1","MRPL20"
8.50097027472295e-149,0.772065717468688,0.415,0.213,3.83189736103412e-144,"1","ZNF428"
1.56458534818197e-148,0.826500124442958,0.252,0.096,7.05252491546504e-144,"1","TRPM7"
1.74164539386951e-148,0.663731375733789,0.466,0.249,7.85064077740621e-144,"1","TIMM8B"
2.6833324494116e-146,0.857517873544308,0.567,0.349,1.20953893489677e-141,"1","ID2"
3.24895333913306e-146,0.755325573854208,0.421,0.218,1.46449820714762e-141,"1","RRAGA"
1.02700174549471e-145,0.570315228948648,0.513,0.29,4.62931306799195e-141,"1","NDUFAB1"
2.71286897676261e-145,0.87361443419087,0.361,0.175,1.22285281996552e-140,"1","C19orf66"
2.9297437291142e-145,0.730391469812325,0.653,0.437,1.32061128333552e-140,"1","IFITM1"
9.38242982731713e-145,0.795609751488578,0.354,0.169,4.22922406896147e-140,"1","THYN1"
1.32012935051283e-144,0.789339534794704,0.391,0.197,5.95061506037162e-140,"1","ADH5"
5.54957800964302e-144,0.950219889784986,0.321,0.148,2.50152778362669e-139,"1","DECR1"
1.02662343579692e-143,0.790275854138204,0.255,0.099,4.62760779919822e-139,"1","ARHGEF17"
9.76216738877315e-143,0.901520314315656,0.306,0.137,4.40039457216338e-138,"1","EML4"
2.36429712198338e-142,1.01658468960749,0.251,0.1,1.06573057070523e-137,"1","MXI1"
5.14614805582618e-142,0.705639503194634,0.416,0.218,2.31967769764421e-137,"1","C11orf96"
9.91497657771482e-142,0.567273968574532,0.849,0.63,4.46927484217073e-137,"1","UBB"
1.43166719286e-141,0.535748519837869,0.625,0.382,6.45338303853574e-137,"1","LAMTOR5"
3.747932784273e-141,0.576697145061328,0.575,0.342,1.6894181818389e-136,"1","FKBP2"
9.4261570829218e-141,0.80900575553933,0.321,0.147,4.24893456669783e-136,"1","MAGI2-AS3"
3.69467295124078e-140,0.536628388689835,0.607,0.375,1.6654107795013e-135,"1","CSTB"
4.19366022302241e-140,0.597558089007192,0.366,0.172,1.89033428212958e-135,"1","PLXDC2"
1.01460499728013e-139,0.8777990057999,0.282,0.121,4.57343348573991e-135,"1","ACSL3"
6.30005684907183e-138,0.598093269812315,0.53,0.312,2.83981362528762e-133,"1","EIF1B"
8.51692142304702e-138,0.575821962054028,0.556,0.325,3.83908750065268e-133,"1","DNAJA1"
1.40408466432085e-137,0.512318443694119,0.655,0.414,6.32905203289266e-133,"1","HSBP1"
2.53804334378025e-137,0.518508718786745,0.544,0.309,1.14404841764239e-132,"1","IFI27L2"
1.08840483706858e-136,0.730689621639135,0.338,0.159,4.90609364357035e-132,"1","GRINA"
1.26635147234789e-136,0.777807306109296,0.303,0.132,5.70820589675536e-132,"1","TANK"
2.03894477070072e-136,0.688987430608495,0.328,0.148,9.19074744841056e-132,"1","CEBPB"
3.64494206937676e-136,0.705340165087232,0.428,0.227,1.64299408719227e-131,"1","BNIP3L"
3.06453289954432e-135,0.548459960204436,0.255,0.1,1.3813688497986e-130,"1","TBX2"
3.17013884412735e-135,0.92715709115455,0.274,0.118,1.42897178537884e-130,"1","NUDT5"
5.52368394807464e-135,0.538388889172063,0.49,0.263,2.48985577643412e-130,"1","GJA1"
1.14871783072773e-134,0.571506033728386,0.529,0.31,5.17796049378832e-130,"1","UBE2I"
1.28739475302813e-134,0.522957913242092,0.553,0.327,5.80306058874962e-130,"1","NDUFB11"
1.90595668680298e-133,0.862314707502808,0.323,0.153,8.5912903614331e-129,"1","PHF11"
7.60764265176645e-132,0.659492599658729,0.291,0.123,3.42922100171024e-127,"1","SEMA5A"
3.31544887081378e-131,0.652568543703745,0.414,0.219,1.49447173300802e-126,"1","GTF2H5"
6.54540370486579e-131,0.854700604504641,0.333,0.163,2.95040617400531e-126,"1","HEBP1"
1.07894140028655e-129,0.672069121762365,0.421,0.224,4.86343625593167e-125,"1","PLD3"
7.9909426839184e-129,0.531532038009678,0.54,0.32,3.60199732420306e-124,"1","AKAP9"
9.79994465744487e-129,0.858105190079195,0.277,0.122,4.41742305378985e-124,"1","DTWD1"
1.76725130427503e-128,0.589838790238482,0.433,0.236,7.9660619791501e-124,"1","SNRPD3"
3.09358593756262e-128,0.661939705993578,0.319,0.148,1.39446479721573e-123,"1","MYL6B"
6.73268781043267e-128,0.534194071631255,0.516,0.303,3.03482635743063e-123,"1","C8orf59"
1.10538710977249e-127,0.793642361936319,0.348,0.173,4.98264293601047e-123,"1","GRHPR"
3.87832589720723e-127,0.569613864587051,0.496,0.286,1.74819418142513e-122,"1","PSMB5"
4.08924375125023e-127,0.567819095127892,0.595,0.376,1.84326751331355e-122,"1","FUS"
5.27566888021864e-125,0.527537805236791,0.524,0.31,2.37806050444736e-120,"1","SSB"
6.26496333788049e-125,0.734266425986982,0.319,0.152,2.82399487418301e-120,"1","CBX1"
8.95676070636102e-124,0.583225664661292,0.486,0.279,4.03734945599929e-119,"1","COPS6"
2.29088108020269e-123,0.546357820699377,0.442,0.246,1.03263755571216e-118,"1","ZBTB20"
2.3218167851388e-123,0.551314073402528,0.386,0.195,1.04658213406916e-118,"1","IAH1"
4.5450859617183e-123,0.537135249111283,0.511,0.304,2.04874294810414e-118,"1","SERPINB6"
1.58150401645414e-122,0.614311055018914,0.405,0.217,7.12878750456867e-118,"1","RER1"
4.03941014804783e-122,0.822248888431007,0.268,0.119,1.82080451833404e-117,"1","MSRB2"
1.51844554384529e-121,0.814131918743193,0.33,0.164,6.84454513343702e-117,"1","AKR1B1"
9.99058036488737e-121,0.57485983936819,0.598,0.378,4.50335400527663e-116,"1","TUBB"
2.81082086682895e-120,0.825754346665252,0.296,0.14,1.26700561393182e-115,"1","APOPT1"
5.39517729350996e-120,0.610332437757165,0.449,0.253,2.43193011682255e-115,"1","IFIT3"
1.39424080086817e-116,0.962559702136654,0.277,0.13,6.28467983399336e-112,"1","OAS1"
1.57668879729819e-116,0.630688594934336,0.435,0.246,7.10708242270134e-112,"1","VKORC1"
3.6162754097508e-116,0.577906506901144,0.418,0.232,1.63007230369927e-111,"1","DPM3"
2.50064480616835e-115,0.587554303467603,0.383,0.205,1.12719065282844e-110,"1","UBE2E3"
9.27353031676178e-115,0.761103631973626,0.281,0.13,4.18013652558354e-110,"1","JOSD2"
1.28994351441704e-114,0.647043262606041,0.395,0.217,5.81454938558623e-110,"1","FAAP20"
1.51228777106686e-114,0.532620595138979,0.508,0.304,6.81678835686098e-110,"1","CHMP2A"
2.82038829383156e-113,0.564208723452235,0.448,0.26,1.27131822732751e-108,"1","MRPL57"
7.57272054248951e-113,0.539083328806071,0.451,0.26,3.41347951173257e-108,"1","SPATS2L"
1.63357101966649e-112,0.882478744639628,0.251,0.113,7.36348472824868e-108,"1","BAG5"
2.17752538634672e-112,0.577459977990917,0.427,0.242,9.81541343149645e-108,"1","CWC15"
8.62871717719279e-111,0.526757129403196,0.406,0.222,3.88948055479142e-106,"1","FXYD6"
2.95140468121824e-110,0.783398494429688,0.324,0.167,1.33037517410593e-105,"1","ILF3-AS1"
1.5360108254253e-109,0.734593074289747,0.288,0.139,6.92372239668708e-105,"1","CDC123"
9.39190804229865e-109,0.625634470741465,0.402,0.227,4.23349646914654e-104,"1","FUNDC2"
1.61326331912726e-108,0.516481938459566,0.49,0.293,7.27194573729802e-104,"1","RNH1"
2.98127780458467e-108,0.748247438013727,0.298,0.149,1.34384078319459e-103,"1","HEBP2"
2.24092812882486e-107,0.788721838106844,0.28,0.134,1.01012076334909e-102,"1","BDH2"
2.38999608924668e-107,0.771934403153371,0.289,0.142,1.07731463718883e-102,"1","BCAS2"
3.47246817714482e-107,0.547173084985225,0.424,0.242,1.5652497555298e-102,"1","CYSTM1"
3.56244306529219e-107,0.560021496493913,0.736,0.504,1.60580683611111e-102,"1","ZFP36L1"
6.01760950352624e-107,0.529572362469316,0.646,0.435,2.71249765980949e-102,"1","ISG15"
8.83271035765106e-106,0.871397149763994,0.284,0.139,3.98143252081479e-101,"1","BNIP3"
2.68404143318904e-105,0.691197790674018,0.271,0.126,1.20985851642429e-100,"1","NT5C"
4.48235242721854e-105,0.700770686808824,0.328,0.171,2.02046518009303e-100,"1","FKBP3"
2.85569104357022e-103,0.639002886567906,0.374,0.208,1.28723129479971e-98,"1","ECHS1"
2.09700261672737e-102,0.576487688080672,0.287,0.135,9.45244899516028e-98,"1","SYNGR1"
4.67010249929747e-102,0.561620562563131,0.331,0.175,2.10509540258333e-97,"1","MTRNR2L1"
7.62321617079096e-102,0.606575319278944,0.33,0.175,3.43624092114573e-97,"1","TXNL1"
1.21819425618598e-99,0.545258011591632,0.422,0.248,5.49113242918393e-95,"1","TMEM256"
2.29883530726468e-99,0.588973726956387,0.314,0.164,1.03622300310263e-94,"1","PSMA5"
4.65483296287107e-98,0.557626661308363,0.41,0.238,2.09821250634376e-93,"1","DDAH2"
5.57564019500804e-96,0.843870014309657,0.25,0.12,2.51327557430183e-91,"1","ALDH2"
1.53153055704065e-94,0.582645126840501,0.339,0.186,6.90352713891644e-90,"1","CLNS1A"
1.55332529515724e-94,0.705975110616648,0.301,0.157,7.00176910045077e-90,"1","MANF"
1.82806492084993e-93,0.641315352201432,0.275,0.138,8.24018543722314e-89,"1","CCS"
4.50623121114932e-93,0.558149621517327,0.317,0.17,2.03122878073767e-88,"1","TXNDC17"
1.47136993746652e-92,0.619745277710566,0.348,0.195,6.63234713012408e-88,"1","HAX1"
1.47758086699333e-92,1.47810358797683,0.331,0.197,6.66034351605914e-88,"1","SLC2A3"
1.82645247533755e-92,0.587711094489038,0.254,0.122,8.23291717783155e-88,"1","SEMA6D"
4.61642604982041e-92,0.619431008088623,0.308,0.164,2.08090020621705e-87,"1","PGLS"
2.15672831247585e-90,0.571189794302979,0.408,0.242,9.72166854131614e-86,"1","CWF19L2"
1.85170595720549e-89,0.556984449624433,0.311,0.166,8.34674977269948e-85,"1","NDUFV2"
2.41145317903006e-89,0.651717389614874,0.288,0.151,1.08698663497959e-84,"1","ECI2"
4.17673336566966e-89,0.580205047549581,0.358,0.204,1.88270433190926e-84,"1","IMP3"
1.09784446855504e-88,0.632297944511449,0.265,0.134,4.94864372645869e-84,"1","SLCO3A1"
1.12013062510925e-88,0.663112814227583,0.316,0.174,5.04910080574244e-84,"1","BAX"
1.63440586445345e-88,0.524035099438999,0.491,0.315,7.36724787461037e-84,"1","BSG"
2.01960277981365e-88,0.770228098262483,0.265,0.135,9.10356149028802e-84,"1","PIH1D1"
3.22310406065138e-88,0.589898213464028,0.284,0.146,1.45284638637921e-83,"1","HPF1"
3.90287380244804e-88,0.788168209755338,0.312,0.173,1.75925939519148e-83,"1","IFI35"
5.90889748002868e-87,0.541735724513402,0.39,0.231,2.66349462809773e-82,"1","NDUFS4"
7.39883662533738e-87,0.513433425637229,0.34,0.189,3.33509959723708e-82,"1","C12orf75"
1.97035620410965e-85,0.605033506092721,0.297,0.162,8.88157762564468e-81,"1","MPC2"
2.49094807434111e-84,0.640759429989478,0.294,0.159,1.12281975399e-79,"1","EMC3"
1.1854120588846e-83,0.633229285996704,0.296,0.162,5.34336339662824e-79,"1","SVBP"
1.74470350553988e-83,0.544016110953577,0.319,0.177,7.86442552157156e-79,"1","NSD3"
2.33492197707758e-83,0.620986740712922,0.327,0.187,1.05248943038749e-78,"1","METTL9"
6.28229634464156e-83,0.568102615350574,0.441,0.279,2.83180790031063e-78,"1","FKBP8"
2.45135914959042e-81,0.506738138230968,0.335,0.191,1.10497465026938e-76,"1","DPY30"
5.37605279188233e-81,0.727257616850838,0.312,0.178,2.42330955646888e-76,"1","KDELR1"
3.99438017316439e-80,0.652414368908188,0.291,0.161,1.80050680685558e-75,"1","CCDC25"
1.1823516632061e-79,0.590006960553236,0.33,0.191,5.32956835706781e-75,"1","SDHC"
1.4374537212961e-79,0.525548786422066,0.335,0.191,6.47946639411432e-75,"1","MRPL43"
2.95246344196605e-78,0.677987004304323,0.261,0.138,1.33085242110062e-73,"1","RTL8A"
5.76395890863699e-78,0.585838653386796,0.289,0.158,2.59816211765721e-73,"1","SUCLG1"
6.65356757541083e-78,0.558680551936832,0.267,0.142,2.99916212029218e-73,"1","COA4"
9.55054893843094e-78,0.603238789514124,0.28,0.151,4.30500543948713e-73,"1","PPIL4"
3.06712336458119e-77,0.613489148849922,0.275,0.147,1.38253652781862e-72,"1","TRIP6"
7.46945430847195e-77,0.656559652375245,0.324,0.19,3.36693122408681e-72,"1","PPIC"
1.5085766209925e-75,0.616165734299927,0.311,0.178,6.80005997678577e-71,"1","TSPAN3"
1.81041268494079e-75,0.627594343973887,0.314,0.183,8.16061621863912e-71,"1","CCND3"
2.92361835906616e-75,0.597193632085104,0.311,0.178,1.31785021153266e-70,"1","MRPL18"
2.42094768202896e-74,0.542393406437265,0.299,0.169,1.09126637715137e-69,"1","APEX1"
7.31984669897711e-74,0.616049022995126,0.272,0.148,3.29949409803092e-69,"1","CHID1"
7.55635482631135e-72,0.62453288029454,0.278,0.156,3.40610250150811e-67,"1","HEXA"
2.77496513860368e-70,0.62263060456241,0.329,0.199,1.25084328587699e-65,"1","TNFRSF1A"
4.17502104189814e-69,0.578664809691128,0.284,0.162,1.881932484846e-64,"1","KLHDC2"
7.97029672348442e-69,0.505898019799532,0.31,0.181,3.59269095107784e-64,"1","HACD3"
9.17172435062292e-69,0.501328551590853,0.381,0.24,4.13424646828679e-64,"1","TMEM179B"
1.19747566925554e-64,0.511507631814603,0.305,0.182,5.39774132673625e-60,"1","RSBN1L"
8.99387065211176e-64,0.613877537836172,0.252,0.142,4.0540771351459e-59,"1","CDK4"
1.90004873783995e-63,0.505602268698452,0.27,0.154,8.56465969068734e-59,"1","TERF1"
1.05780078519153e-61,0.511007212331898,0.258,0.147,4.76814281932934e-57,"1","AKR7A2"
3.43174098510676e-61,0.500216337425484,0.338,0.212,1.54689156644673e-56,"1","LMAN2"
4.25183215818919e-61,0.530329954639292,0.286,0.172,1.91655586362536e-56,"1","POLR3GL"
7.4308811142359e-61,0.537920405002096,0.271,0.159,3.34954397105297e-56,"1","SERPINB1"
9.66725372629726e-59,0.570566990791102,0.252,0.145,4.35761128966575e-54,"1","ATP6AP1"
4.98092943747075e-58,0.51064869475585,0.274,0.162,2.24520375323431e-53,"1","SRPK2"
5.65899137491906e-57,0.575373830680756,0.262,0.155,2.55084695215852e-52,"1","MEA1"
8.29521478921261e-57,0.531177677060673,0.258,0.151,3.73915101838548e-52,"1","TIMMDC1"
2.48385606844121e-56,0.599938236456824,0.254,0.15,1.11962296141056e-51,"1","PSMC2"
4.61511938084091e-56,0.545052257555216,0.262,0.156,2.08031121210785e-51,"1","PPP2R1A"
1.69294304853551e-53,0.601937607955573,0.277,0.171,7.63111008557867e-49,"1","SLC39A1"
5.09860896568027e-52,0.567696195073495,0.289,0.183,2.29824897737004e-47,"1","UBE2L6"
1.83203861332681e-33,0.573322803585138,0.261,0.18,8.25809725343194e-29,"1","SERPINH1"
0,4.33075062835539,0.765,0.08,0,"2","DNASE1L3"
0,2.29694241777714,0.859,0.197,0,"2","TM4SF1"
0,2.97772311593546,0.781,0.143,0,"2","VWF"
0,2.53186915950647,0.83,0.199,0,"2","ITM2A"
0,2.96709083264053,0.743,0.116,0,"2","PCAT19"
0,2.81986132966497,0.728,0.118,0,"2","ADGRL4"
0,2.49386621042775,0.73,0.133,0,"2","EMCN"
0,4.45775685506983,0.631,0.053,0,"2","CCL14"
0,2.62487913233265,0.764,0.199,0,"2","PLAT"
0,2.23836368902996,0.693,0.133,0,"2","GIMAP7"
0,1.98528426943546,0.75,0.198,0,"2","RAMP2"
0,2.30851236832688,0.664,0.12,0,"2","RBP7"
0,1.71333143140783,0.936,0.4,0,"2","SPARCL1"
0,2.75180263304249,0.672,0.14,0,"2","PRCP"
0,1.68242713034604,0.734,0.21,0,"2","NFIB"
0,1.75703545128643,0.738,0.216,0,"2","LPAR6"
0,2.12805405330209,0.675,0.157,0,"2","SPRY1"
0,2.65440610309236,0.665,0.147,0,"2","RAMP3"
0,2.32221665333423,0.634,0.116,0,"2","GIMAP4"
0,5.1087340543039,0.551,0.035,0,"2","ACKR1"
0,2.57431098033456,0.607,0.101,0,"2","ECSCR"
0,2.15479386397304,0.699,0.196,0,"2","IGFBP4"
0,1.88268358732856,0.695,0.194,0,"2","TGFBR2"
0,1.73112345776712,0.869,0.371,0,"2","CD74"
0,2.22773098781144,0.598,0.103,0,"2","TM4SF18"
0,1.91722234723314,0.617,0.126,0,"2","PLVAP"
0,3.94848502947813,0.517,0.032,0,"2","GPM6A"
0,1.64548191089514,0.715,0.234,0,"2","EGFL7"
0,1.19945109269465,0.715,0.238,0,"2","HLA-DRA"
0,1.54701873044892,0.688,0.211,0,"2","HLA-DRB1"
0,1.75878106344621,0.662,0.186,0,"2","FXYD5"
0,2.25677155427392,0.607,0.131,0,"2","ELK3"
0,2.10744930663172,0.606,0.132,0,"2","AQP1"
0,1.89397672535198,0.59,0.117,0,"2","CALCRL"
0,2.15091890936402,0.613,0.142,0,"2","ENG"
0,1.58016724696916,0.88,0.413,0,"2","GNG11"
0,1.56106907650821,0.68,0.215,0,"2","SPTBN1"
0,2.04045415571733,0.65,0.188,0,"2","ARL4A"
0,1.88376135667346,0.793,0.333,0,"2","GAS5"
0,1.71192341866785,0.642,0.187,0,"2","LIFR"
0,1.21331952039291,0.791,0.337,0,"2","CAV1"
0,2.43473068008714,0.548,0.095,0,"2","PECAM1"
0,1.79500579123536,0.649,0.203,0,"2","MGST2"
0,1.78206334541177,0.92,0.476,0,"2","TXNIP"
0,1.77086987104711,0.561,0.119,0,"2","HLA-DRB6"
0,2.04213331648577,0.6,0.159,0,"2","NPDC1"
0,1.50741572236958,0.735,0.295,0,"2","TCF4"
0,2.20024181557347,0.56,0.121,0,"2","KLF4"
0,2.51676689739791,0.529,0.091,0,"2","LDB2"
0,1.85919319436276,0.579,0.143,0,"2","ITGA6"
0,1.83090162588888,0.571,0.135,0,"2","TNFSF10"
0,2.78287812946171,0.512,0.077,0,"2","NOSTRIN"
0,1.55246672035509,0.642,0.209,0,"2","KLF2"
0,1.60896227210799,0.6,0.167,0,"2","SNCG"
0,1.44970011581313,0.971,0.547,0,"2","IFI27"
0,1.60755242132115,0.545,0.122,0,"2","CLEC14A"
0,0.903144969349817,0.805,0.383,0,"2","DUSP1"
0,0.910270752549486,0.665,0.246,0,"2","A2M"
0,2.50027769572271,0.495,0.078,0,"2","TSHZ2"
0,2.00749506194053,0.516,0.102,0,"2","CAVIN2"
0,1.41679573134021,0.722,0.309,0,"2","ZFP36L2"
0,1.10642594157558,0.594,0.181,0,"2","HLA-DPA1"
0,1.78679351332076,0.523,0.111,0,"2","CD34"
0,2.78418522176498,0.49,0.078,0,"2","AKR1C3"
0,1.38038406998036,0.6,0.199,0,"2","FOXP1"
0,2.4245665991024,0.473,0.075,0,"2","COL15A1"
0,3.1906447735507,0.437,0.042,0,"2","IL33"
0,1.45106307183921,0.556,0.161,0,"2","ESAM"
0,2.04217238558624,0.537,0.143,0,"2","DUSP23"
0,1.43398722684724,0.548,0.154,0,"2","ETS2"
0,2.20002896755936,0.494,0.102,0,"2","TSPAN7"
0,1.73646602618319,0.494,0.108,0,"2","ABCG2"
0,1.99163547495997,0.479,0.097,0,"2","CD93"
0,1.7701995172013,0.48,0.099,0,"2","CYYR1"
0,1.34501178930607,0.769,0.39,0,"2","FKBP1A"
0,2.27736200580849,0.454,0.077,0,"2","PALMD"
0,1.32176253217632,0.67,0.294,0,"2","CCDC85B"
0,1.14805691414268,0.642,0.266,0,"2","CAVIN1"
0,2.21831826921839,0.456,0.08,0,"2","THBD"
0,2.38190875902863,0.46,0.084,0,"2","JAM2"
0,1.57597445987824,0.593,0.22,0,"2","SNHG7"
0,2.62504751655646,0.437,0.067,0,"2","TGFBR3"
0,1.15171310086726,0.554,0.186,0,"2","BCAM"
0,1.34972708712457,0.585,0.217,0,"2","RAB11A"
0,5.27238358014952,0.381,0.014,0,"2","SELE"
0,1.7234422618214,0.489,0.123,0,"2","DUSP6"
0,2.18508269439326,0.494,0.13,0,"2","HYAL2"
0,1.48565894762048,0.535,0.172,0,"2","YBX3"
0,1.27781572664043,0.779,0.419,0,"2","SNHG5"
0,1.68992222309474,0.472,0.116,0,"2","CLEC2B"
0,2.00484492728774,0.441,0.086,0,"2","GIMAP1"
0,1.44570027768296,0.468,0.116,0,"2","PODXL"
0,1.75821449979369,0.459,0.107,0,"2","EHD4"
0,1.38805729826982,0.929,0.578,0,"2","HLA-E"
0,2.88623455378959,0.399,0.049,0,"2","MALL"
0,1.59405388512574,0.481,0.134,0,"2","SH3BP5"
0,2.48472286535531,0.398,0.061,0,"2","LTC4S"
0,1.43410613205513,0.457,0.121,0,"2","HLA-DRB5"
0,1.18679347538551,0.791,0.455,0,"2","LRRC75A-AS1"
0,1.49447646036744,0.472,0.136,0,"2","GNAQ"
0,2.05085229718347,0.411,0.077,0,"2","MMRN2"
0,1.64869163271204,0.457,0.124,0,"2","LMCD1"
0,1.37502878015059,0.454,0.122,0,"2","HLA-DMA"
0,2.31567389218065,0.397,0.067,0,"2","S1PR1"
0,0.724786031993345,0.477,0.147,0,"2","PIM3"
0,1.39902711482416,0.464,0.138,0,"2","MTUS1"
0,2.21985614902599,0.387,0.061,0,"2","LY96"
0,4.57022649821241,0.335,0.01,0,"2","SELP"
0,1.46427287156648,0.47,0.148,0,"2","POLE4"
0,1.5133715061712,0.415,0.093,0,"2","SOX18"
0,1.99379894215744,0.394,0.073,0,"2","SLCO2A1"
0,1.4865937741817,0.404,0.083,0,"2","HLA-DQB1"
0,1.92351410179617,0.41,0.089,0,"2","HEG1"
0,2.128257024648,0.39,0.071,0,"2","CDA"
0,1.51749752788217,0.442,0.123,0,"2","NFIA"
0,1.99909255741722,0.385,0.071,0,"2","MYCT1"
0,2.4502865023713,0.375,0.061,0,"2","CXorf36"
0,2.18714489168952,0.376,0.066,0,"2","ADCY4"
0,1.42713010608571,0.427,0.12,0,"2","PHACTR2"
0,5.77463334626084,0.308,0.007,0,"2","MMRN1"
0,2.41732464579043,0.358,0.057,0,"2","GIMAP6"
0,1.94606405581442,0.371,0.071,0,"2","ADAM15"
0,2.57894856362304,0.352,0.054,0,"2","NUAK1"
0,1.29987877254981,0.395,0.105,0,"2","TMEM88"
0,2.41224442142272,0.338,0.049,0,"2","ZNF521"
0,4.22045172620223,0.3,0.013,0,"2","CRTAC1"
0,1.58153477359672,0.371,0.084,0,"2","PTPRB"
0,2.16017599115339,0.34,0.055,0,"2","FOXC1"
0,1.50958580025293,0.375,0.093,0,"2","FRMD4B"
0,1.58543195422388,0.374,0.095,0,"2","OCIAD2"
0,2.01066592868939,0.334,0.061,0,"2","CDH5"
0,2.47722056763062,0.316,0.044,0,"2","INMT"
0,1.96650006614108,0.34,0.068,0,"2","FLI1"
0,2.77096853726806,0.317,0.046,0,"2","LCN6"
0,1.5426619143497,0.361,0.09,0,"2","SNTB2"
0,1.91393348466256,0.322,0.052,0,"2","NET1"
0,2.60190161216818,0.314,0.048,0,"2","FZD4"
0,2.18466224729777,0.325,0.061,0,"2","SMAD1"
0,2.39888641011845,0.309,0.045,0,"2","SH3BGRL2"
0,1.6833403226512,0.346,0.082,0,"2","SNRK"
0,2.10134725705914,0.313,0.05,0,"2","NNMT"
0,2.17186804071606,0.322,0.06,0,"2","ROBO4"
0,2.60763706855651,0.304,0.046,0,"2","HHEX"
0,1.67580340888453,0.326,0.072,0,"2","ABLIM1"
0,2.84013200241871,0.282,0.029,0,"2","OLFM1"
0,1.22476929667984,0.925,0.673,0,"2","RPL36A"
0,1.83360211208573,0.32,0.069,0,"2","MKL2"
0,3.10672351452841,0.276,0.026,0,"2","CRHBP"
0,1.84343385826345,0.309,0.061,0,"2","CMIP"
0,2.60247872548043,0.285,0.038,0,"2","C1orf115"
0,1.93378803905028,0.302,0.056,0,"2","FAM241A"
0,2.32961877504214,0.29,0.045,0,"2","SERTAD4-AS1"
0,2.77759527030446,0.277,0.035,0,"2","TCN2"
0,1.70028008371175,0.306,0.066,0,"2","TPST2"
0,1.90895600179664,0.297,0.059,0,"2","PTPRM"
0,3.3817099397357,0.257,0.02,0,"2","APLNR"
0,2.08732269186906,0.282,0.047,0,"2","RUNDC3B"
0,2.43952925998876,0.274,0.04,0,"2","MAOA"
0,1.69102347588135,0.295,0.063,0,"2","LEPR"
0,2.67703224587369,0.261,0.031,0,"2","CCDC69"
0,2.58778585954992,0.254,0.024,0,"2","PERP"
0,2.02213409226412,0.278,0.051,0,"2","KANK3"
0,2.15149237006958,0.273,0.047,0,"2","FAM110D"
0,2.77411767363282,0.254,0.032,0,"2","PDE2A"
0,2.43909092905454,0.257,0.037,0,"2","ABCB1"
0,2.53187039361319,0.257,0.037,0,"2","TEK"
0,1.9551353448108,0.271,0.054,0,"2","TIE1"
0,2.0456834995858,0.257,0.04,0,"2","HLF"
0,1.86714881929442,0.259,0.045,0,"2","C10orf128"
0,1.88110555760778,0.254,0.045,0,"2","MGAT4A"
0,2.07360231154466,0.252,0.046,0,"2","ERG"
0,1.00211053953187,0.927,0.731,0,"2","RPL31"
0,0.934883695501641,0.907,0.724,0,"2","RPS17"
0,0.880527821845014,0.917,0.735,0,"2","RPS21"
0,0.877020132831315,0.902,0.726,0,"2","RPS5"
0,0.791185213349136,0.943,0.796,0,"2","RPL27A"
0,0.760954107038083,0.929,0.799,0,"2","RPL10A"
0,0.981825272640669,0.983,0.863,0,"2","PTMA"
0,1.12982734782402,0.964,0.844,0,"2","RPS2"
0,0.771772187866514,0.959,0.84,0,"2","RPL23A"
0,1.10185345811146,0.966,0.85,0,"2","RPS19"
0,0.844388467683509,0.961,0.858,0,"2","RPS3"
0,1.08101952653669,0.979,0.879,0,"2","RPL36"
0,0.973323108366394,0.967,0.868,0,"2","RPL12"
0,0.823190639500668,0.977,0.879,0,"2","RPS29"
0,1.01040471171973,0.973,0.877,0,"2","RPL26"
0,0.683115587463556,0.942,0.849,0,"2","RPL8"
0,0.703403382634062,0.967,0.875,0,"2","RPS24"
0,0.703366947572415,0.96,0.869,0,"2","RPS25"
0,0.777343768441066,0.967,0.878,0,"2","RPL3"
0,1.00886403677501,0.962,0.875,0,"2","RPS6"
0,0.901779152814293,0.967,0.881,0,"2","RPS15A"
0,0.915960426794048,0.973,0.893,0,"2","RPS8"
0,0.967779534065453,0.969,0.89,0,"2","RPS23"
0,0.672812630708684,0.963,0.889,0,"2","RPL15"
0,0.61026882705345,0.98,0.908,0,"2","RPL35A"
0,0.644573074358147,0.967,0.901,0,"2","EEF1A1"
0,0.599442890003226,0.979,0.92,0,"2","RPL11"
0,0.81892970557249,0.99,0.933,0,"2","RPL39"
0,0.706889551627709,0.988,0.932,0,"2","RPS28"
0,0.657702778722731,0.981,0.928,0,"2","RPS27A"
0,0.64653167178836,0.973,0.92,0,"2","RPS15"
0,0.937090528212589,0.991,0.939,0,"2","RPL32"
0,0.723505497368852,0.973,0.922,0,"2","RPL21"
0,0.694677739359657,0.978,0.928,0,"2","RPS4X"
0,0.715375890912977,0.987,0.939,0,"2","RPS14"
0,0.741138803251219,0.989,0.949,0,"2","RPS27"
0,1.11955869627164,0.989,0.949,0,"2","RPS18"
0,0.768920196909685,0.985,0.947,0,"2","RPL13"
0,1.06181984544677,0.993,0.956,0,"2","RPL34"
0,0.787282675371694,0.991,0.96,0,"2","RPL10"
0,0.807642945603164,0.994,0.975,0,"2","TMSB4X"
0,0.69085978761473,0.999,0.987,0,"2","B2M"
1.87744945419674e-322,0.948201839501374,0.407,0.109,8.46279115973721e-318,"2","FLT1"
1.89029516098861e-320,1.15526603595759,0.709,0.324,8.52069446767226e-316,"2","SDCBP"
1.27172497239537e-319,1.66049909718953,0.312,0.072,5.73242748556936e-315,"2","CARD8"
3.11093374560399e-319,1.41798470519945,0.409,0.118,1.40228449516846e-314,"2","CTSH"
1.97733964647292e-318,0.876766443671825,0.25,0.046,8.91305619044133e-314,"2","HLA-DQA1"
3.23665445070585e-315,0.918299676324963,0.609,0.267,1.45895436020017e-310,"2","HLA-DPB1"
3.94021244807552e-315,1.10975782036967,0.806,0.463,1.77609016309452e-310,"2","RPL17"
4.74910802766879e-315,1.39959713674724,0.501,0.174,2.14070793455198e-310,"2","WWTR1"
1.28108192511232e-312,1.47701463338559,0.329,0.08,5.77460488563627e-308,"2","SMAGP"
1.24084598227409e-311,1.5940346805437,0.313,0.074,5.59323734969871e-307,"2","CPD"
4.68367699982992e-311,1.36767241363707,0.489,0.165,2.11121424444333e-306,"2","MBNL1"
2.16027479326401e-310,0.585468190621635,0.964,0.894,9.73765465811685e-306,"2","RPS3A"
3.86854615002816e-310,1.29870307247938,0.372,0.101,1.74378586258669e-305,"2","KLF10"
6.26271784644311e-309,0.501699121434345,0.983,0.942,2.8229826964627e-304,"2","RPLP1"
1.14976361156048e-308,1.06035734257581,0.547,0.193,5.18267445547001e-304,"2","ARHGAP29"
1.40364647316704e-307,1.76742579422742,0.264,0.054,6.32707684244775e-303,"2","DOCK9"
1.69463273679214e-306,0.670221192038335,0.96,0.877,7.63872652436425e-302,"2","RPL7"
3.26188356353771e-306,1.31358624795809,0.443,0.14,1.47032663510026e-301,"2","BMPR2"
5.11233603931487e-305,0.633705398966235,0.961,0.896,2.30443659308157e-300,"2","RPS12"
3.96029169551534e-304,1.03761177377491,0.634,0.257,1.78514108467049e-299,"2","CRIP2"
6.82885112500412e-301,1.2175973753001,0.473,0.161,3.07817293310686e-296,"2","SOCS3"
8.49321181847903e-301,0.833226029355515,0.519,0.18,3.82840015929761e-296,"2","NR2F2"
9.18103029066522e-301,1.30867537913383,0.405,0.121,4.13844121382026e-296,"2","PIK3C2A"
1.56613696544333e-299,1.3598619345697,0.351,0.093,7.05951898543233e-295,"2","SYNGR2"
7.30576802082737e-299,0.695360362305357,0.958,0.877,3.29314799306815e-294,"2","RPL13A"
5.44903107554265e-298,0.818460398990635,0.849,0.604,2.45620524761161e-293,"2","RPLP0"
1.97541695041425e-297,1.58973106737399,0.273,0.06,8.90438944568729e-293,"2","CEP68"
2.14124843622868e-296,1.00843361200826,0.834,0.51,9.6518914511444e-292,"2","HSPB1"
3.79779226033364e-290,1.06548282138988,0.8,0.478,1.71189283926799e-285,"2","RPL9P9"
5.21373010500904e-290,1.78399048964097,0.257,0.054,2.35014098213388e-285,"2","FRY"
9.66889173298411e-290,1.44205751146439,0.317,0.08,4.35834963755992e-285,"2","FNIP2"
1.02422544649771e-289,0.789491423469833,0.895,0.729,4.61679862263306e-285,"2","RPS20"
7.16319837799842e-289,0.660232999769036,0.936,0.822,3.22888330086657e-284,"2","RPS9"
7.57628952149043e-288,1.26344479341501,0.508,0.185,3.41508826470703e-283,"2","S100A16"
9.71173915738277e-286,0.662119209180963,0.939,0.84,4.37766354258186e-281,"2","RPL18A"
8.47123013674903e-283,1.55101156796713,0.296,0.072,3.81849169644099e-278,"2","JCAD"
2.49206216435335e-282,1.28290465357367,0.33,0.087,1.12332194120392e-277,"2","ZEB1"
9.19507105778395e-282,1.55681597367092,0.26,0.057,4.14477023000669e-277,"2","SVIL"
3.73234754213736e-280,1.00718408833453,0.527,0.193,1.68239297809384e-275,"2","AP1S2"
4.66574699882458e-280,1.27796963526419,0.332,0.089,2.10313211719017e-275,"2","LIMS2"
8.56496272311694e-280,1.09475909574553,0.456,0.152,3.86074259707219e-275,"2","EMP1"
1.32006452732488e-277,0.920307722937605,0.839,0.57,5.95032286336962e-273,"2","FOS"
3.32038809365765e-277,1.44149630505228,0.312,0.08,1.49669813709712e-272,"2","HDGFL3"
1.1563015369975e-275,0.958570992958807,0.866,0.584,5.21214480816992e-271,"2","MYL12A"
1.26573706366989e-273,1.37628497360525,0.338,0.093,5.7054363881984e-269,"2","SOCS2"
9.1087954323924e-271,0.672508881724131,0.917,0.781,4.1058806291052e-266,"2","RPL38"
1.37640747965948e-270,0.594139884852983,0.943,0.851,6.20429435531307e-266,"2","RPLP2"
2.42532901992326e-270,1.16956713423815,0.628,0.303,1.09324130902061e-265,"2","NOP53"
5.29323856455266e-270,1.16923942910899,0.308,0.079,2.38598021535776e-265,"2","NRN1"
1.88832215817219e-269,0.66210219662488,0.92,0.782,8.51180096017697e-265,"2","RPL6"
2.30402224150875e-269,0.704571347861081,0.587,0.229,1.03856106558248e-264,"2","SLC9A3R2"
2.99055987017929e-269,0.666507801927833,0.908,0.794,1.34802476708202e-264,"2","RPL9"
4.30104487072244e-269,1.16843866695446,0.382,0.114,1.93873898592685e-264,"2","ADGRF5"
7.45693302755959e-268,1.16458430861198,0.391,0.12,3.36128713150276e-263,"2","PTPRG"
2.29391222190939e-265,1.32874738769496,0.407,0.132,1.03400387314788e-260,"2","CCDC50"
4.23724179785612e-264,1.54578520040304,0.281,0.069,1.90997911280162e-259,"2","LMO2"
6.73254748403476e-264,1.2159393321999,0.272,0.064,3.03476310390351e-259,"2","PRKCH"
1.45250035145884e-263,1.32847802108844,0.348,0.101,6.54729058423587e-259,"2","ENTPD1"
1.75318039721784e-262,1.04386665950386,0.663,0.322,7.90263595849913e-258,"2","IL6ST"
1.48634317093613e-261,1.36480213756368,0.268,0.063,6.69984047731172e-257,"2","THSD7A"
2.95072245336894e-261,1.03112336116208,0.426,0.139,1.33006765308058e-256,"2","SYNE2"
3.76667738856346e-257,0.783271086568251,0.76,0.396,1.69786749966887e-252,"2","TSC22D1"
1.84018073530174e-254,1.20886090312226,0.443,0.156,8.29479868244611e-250,"2","CD320"
9.09008631563141e-251,1.32204998908736,0.25,0.058,4.09744730763401e-246,"2","ITGB4"
1.26591525093271e-250,1.38166204042572,0.296,0.079,5.70623958510428e-246,"2","TRIOBP"
1.47029050996414e-250,0.543167310956295,0.402,0.13,6.62748150271436e-246,"2","DAB2"
2.27983466607881e-250,0.730495894311567,0.872,0.709,1.02765827408169e-245,"2","RACK1"
4.31885280820037e-250,1.27775369194877,0.345,0.102,1.9467660918244e-245,"2","BTN3A2"
6.49597871819384e-250,1.21682637845179,0.351,0.105,2.92812736701306e-245,"2","SLFN5"
1.10770406158144e-249,1.25217236693467,0.333,0.096,4.99308682798449e-245,"2","CARD16"
2.40322138761902e-249,0.929195660943976,0.466,0.167,1.08327607268315e-244,"2","UTRN"
1.16733620985857e-248,1.03396581871816,0.506,0.198,5.26188469955847e-244,"2","EIF4B"
6.65725884601019e-247,1.04944680237004,0.344,0.101,3.00082599742755e-242,"2","FAM13C"
4.21174207774672e-244,1.01230781349087,0.57,0.238,1.89848485896511e-239,"2","TACC1"
2.46271925368074e-243,1.15141099337423,0.445,0.162,1.11009533078913e-238,"2","FAM198B"
5.38010713962178e-240,1.3436282047611,0.3,0.082,2.42513709425591e-235,"2","MIR99AHG"
3.78094154939867e-239,1.10342090307482,0.486,0.192,1.70429721280695e-234,"2","CTSC"
2.488740883119e-238,0.9449707731446,0.688,0.354,1.12182484047472e-233,"2","IFI44L"
2.93638121084452e-238,1.12210176554933,0.349,0.106,1.32360319460028e-233,"2","SWAP70"
1.18207661894311e-237,0.947802296413445,0.584,0.257,5.32832856754797e-233,"2","TPM3"
2.41370754335857e-237,1.13950199589408,0.252,0.06,1.08800281224431e-232,"2","REV3L"
5.44468986983366e-237,0.834420569624072,0.808,0.483,2.45424840572622e-232,"2","IER2"
1.61673196288444e-236,0.931514017043243,0.392,0.129,7.28758099589791e-232,"2","NDRG1"
1.28913968944641e-235,1.02759749785536,0.393,0.131,5.81092606414865e-231,"2","PLK2"
5.54552771679714e-234,0.828527750374314,0.525,0.213,2.49970207362348e-229,"2","LRRFIP1"
5.82516357807808e-233,0.557857360117078,0.943,0.857,2.62575073445447e-228,"2","RPS13"
7.62401869706004e-233,1.13577849024793,0.305,0.087,3.43660266788679e-228,"2","PKP4"
7.32109668859834e-230,0.915028972137881,0.627,0.306,3.30005754335259e-225,"2","ZFP36"
7.33878580763522e-230,1.21925688492038,0.265,0.068,3.30803109064965e-225,"2","SOX17"
3.67861761456686e-229,1.0048595229349,0.435,0.157,1.65817367594216e-224,"2","TPD52L1"
3.88459030799619e-228,0.764511114600507,0.944,0.762,1.75101792723236e-223,"2","HLA-B"
4.91963519801725e-228,1.57626314745553,0.251,0.063,2.21757476185826e-223,"2","PREX2"
2.45007704787306e-225,1.04956132420694,0.345,0.107,1.10439673009926e-220,"2","ITGA10"
6.1773305608561e-225,0.547786959360051,0.849,0.547,2.7844935236115e-220,"2","JUNB"
1.71366549951202e-224,0.91642943345254,0.601,0.274,7.72451860560036e-220,"2","RPS27AP16"
2.10092275416349e-224,1.23900890676559,0.3,0.087,9.47011940666735e-220,"2","ANKRD28"
6.15903515837257e-224,0.632945263273982,0.943,0.838,2.77624668798802e-219,"2","RPL37"
2.02352334189403e-220,0.630109284274535,0.941,0.834,9.12123381592155e-216,"2","RPL35"
4.94282954393934e-215,1.0507189083098,0.351,0.115,2.2280298452261e-210,"2","RBMS3"
5.24636572667309e-213,1.20204650598439,0.293,0.086,2.36485181495516e-208,"2","SLC39A10"
1.09489938832352e-212,1.21320925426067,0.261,0.07,4.93536848280712e-208,"2","GNG12"
6.99565019705392e-212,0.926372078549551,0.522,0.216,3.15335928282403e-207,"2","HSPG2"
2.74194302314139e-211,1.0340717934394,0.477,0.194,1.23595823711121e-206,"2","NBEAL1"
2.4340983887742e-210,1.05448005910082,0.335,0.108,1.09719418972386e-205,"2","RPL6P27"
2.09831240546785e-208,0.97650317805782,0.381,0.133,9.45835299888686e-204,"2","ASAP1"
8.09598464022839e-208,1.04283024433091,0.336,0.11,3.64934603642935e-203,"2","TCIM"
9.56607442264831e-208,0.855998458096944,0.754,0.443,4.31200370675295e-203,"2","EIF3E"
1.92097595995287e-206,1.00934270968952,0.315,0.099,8.65899123708354e-202,"2","HTRA1"
2.45196589263432e-206,1.00768084076094,0.361,0.123,1.10524814576385e-201,"2","EBPL"
2.6757314122501e-205,0.828001170115481,0.78,0.509,1.20611269138585e-200,"2","ZFP36L1"
2.44713833700162e-204,0.857994736950199,0.47,0.188,1.10307207678685e-199,"2","MYH9"
2.73701434693373e-202,0.720117832059844,0.89,0.712,1.23373658702385e-197,"2","RPL23"
1.98941232369403e-200,0.909654852593078,0.338,0.113,8.9674749902832e-196,"2","NFKBIZ"
7.10703517074246e-200,1.25204923478702,0.27,0.078,3.20356717356387e-195,"2","ANKRD29"
5.11173727132132e-197,1.01577437408909,0.431,0.166,2.3041666924208e-192,"2","TMEM204"
5.55538287041486e-195,0.749910933782192,0.767,0.494,2.5041443826682e-190,"2","RPL4"
1.09056516298169e-192,0.913823395185729,0.306,0.097,4.91583152865627e-188,"2","FLNB"
2.81820465471296e-192,0.523229523010129,0.912,0.795,1.27033393015841e-187,"2","RPL29"
4.46520182033287e-192,1.09245222141742,0.259,0.075,2.01273437253324e-187,"2","MKNK2"
1.67185344044652e-191,0.535346526595692,0.905,0.788,7.53604656815672e-187,"2","RPL18"
2.96190397522801e-190,0.900985248184512,0.396,0.148,1.33510783587378e-185,"2","KIAA0355"
4.69323577452214e-190,0.568228933378365,0.826,0.559,2.1155229577236e-185,"2","S100A10"
2.51672829911423e-189,1.08269242169054,0.276,0.083,1.13444044810873e-184,"2","TSPAN14"
4.92464858463667e-189,0.595666224158319,0.902,0.788,2.21983459601083e-184,"2","RPL5"
2.74634466224329e-187,1.00492194231957,0.404,0.155,1.23794231995279e-182,"2","NRP2"
3.48522754601928e-186,0.787943462389756,0.627,0.329,1.57100116864365e-181,"2","ZFAS1"
6.3292698098039e-185,1.08488809928996,0.28,0.087,2.85298165946721e-180,"2","ACVRL1"
6.31349812438713e-184,0.80551078830025,0.527,0.246,2.84587241454874e-179,"2","EGR1"
7.80951922464503e-184,0.619973778530873,0.869,0.697,3.52021888570099e-179,"2","RPL27"
6.00483126004454e-183,0.74089325514725,0.346,0.12,2.70673773877768e-178,"2","ACTN1"
1.16194397411151e-181,0.937812514559143,0.326,0.113,5.23757865770503e-177,"2","MEF2A"
1.10764167024231e-180,0.954819920238931,0.335,0.117,4.99280559278425e-176,"2","EPB41L4A-AS1"
1.34959468156539e-180,1.28735743549642,0.256,0.077,6.08343298662413e-176,"2","APOL3"
3.51446541392861e-180,0.606437559722849,0.538,0.248,1.58418042998246e-175,"2","ARPC1B"
9.16651658431677e-179,0.875862355688987,0.339,0.12,4.13189901554663e-174,"2","TMOD3"
1.04743319767287e-177,0.808063950983633,0.721,0.452,4.72140988183024e-173,"2","GUK1"
1.37161976023836e-174,0.708881236818484,0.789,0.56,6.18271323125044e-170,"2","YBX1"
3.41982793734233e-174,1.08471386986248,0.277,0.089,1.54152164103643e-169,"2","RUNX1T1"
4.06832704549694e-174,0.738799972976222,0.358,0.13,1.8338390990282e-169,"2","LHFPL6"
1.50639287755471e-173,1.01957008085591,0.334,0.119,6.79021653486561e-169,"2","AP002004.1"
6.16066676134364e-173,0.77321335056348,0.481,0.208,2.77698214934326e-168,"2","CHMP3"
1.53787153155447e-170,0.944331424248896,0.28,0.091,6.93210971563493e-166,"2","LYPLA1"
1.64787050678458e-170,0.801527645312643,0.397,0.157,7.42794109638218e-166,"2","IQGAP1"
2.22071939030531e-169,0.800297783439706,0.471,0.208,1.00101147237402e-164,"2","CCNL1"
3.52914047494148e-169,0.528329033048248,0.905,0.798,1.59079536048462e-164,"2","RPS7"
5.44486849070988e-167,0.996115991852149,0.315,0.111,2.45432892087239e-162,"2","LUZP1"
1.05510372642117e-166,0.594873701789969,0.71,0.401,4.75598555721607e-162,"2","PABPC1"
1.40378530346438e-166,0.802304996860594,0.476,0.21,6.32770263389602e-162,"2","RAB13"
4.89043058911761e-166,1.01248905652556,0.268,0.087,2.20441049235066e-161,"2","HNRNPA1P48"
2.59059156403837e-165,0.770142406002251,0.758,0.482,1.16773505340594e-160,"2","ID1"
2.98899374562724e-164,0.797770855651739,0.373,0.145,1.34731882077894e-159,"2","GAS6"
3.87541020339316e-164,0.907691935891769,0.257,0.081,1.7468799032815e-159,"2","RYBP"
5.99932292997654e-163,0.914316981542657,0.291,0.099,2.70425480391622e-158,"2","HDAC7"
9.7135492687477e-163,0.927025400378894,0.258,0.082,4.37847946838071e-158,"2","VAT1"
9.57052470854797e-161,0.800055737023517,0.436,0.189,4.31400971762508e-156,"2","AC004057.1"
2.12933676593334e-160,0.822634603352892,0.251,0.078,9.59819840612113e-156,"2","SPHK1"
1.81322014225585e-159,0.875093196698326,0.386,0.156,8.17327111323248e-155,"2","NCOA7"
2.23263609147845e-159,0.765276979962759,0.426,0.182,1.00638304459483e-154,"2","NRP1"
2.37694929543197e-159,0.842677837101631,0.345,0.133,1.07143366440891e-154,"2","MAFB"
2.70917744942762e-159,0.759973405998852,0.341,0.129,1.221188827104e-154,"2","BHLHE40"
2.8623776760495e-159,0.572132936210715,0.487,0.215,1.29024536125607e-154,"2","CAV2"
1.31016545324664e-158,0.662006763801333,0.308,0.11,5.90570179705453e-154,"2","SLC12A2"
1.68778014741776e-158,0.850105900495433,0.494,0.237,7.6078377925003e-154,"2","SNHG8"
2.49042207418043e-158,0.732299798842959,0.376,0.149,1.12258265415757e-153,"2","MIDN"
4.40568324272192e-158,0.504653541288332,0.906,0.796,1.98590577848933e-153,"2","RPL24"
6.53143582788634e-157,0.923843067478539,0.276,0.094,2.94411001377805e-152,"2","CDKN1A"
1.32929611323939e-155,0.955110909160264,0.266,0.089,5.99193516003789e-151,"2","NT5C3A"
1.64777436299045e-155,0.588645063931718,0.779,0.546,7.42750771861573e-151,"2","NEAT1"
3.50359230015905e-155,0.761157690278929,0.41,0.172,1.57927926521969e-150,"2","CYB5A"
1.02422877647304e-154,0.605349841771325,0.485,0.22,4.61681363282987e-150,"2","DPYSL2"
6.86035326089349e-154,0.693689864615477,0.692,0.399,3.09237283588035e-149,"2","VAMP5"
7.02887874552454e-154,0.683100972345668,0.434,0.187,3.16833738333264e-149,"2","IRF2BP2"
1.39483305647344e-152,1.13191060244084,0.287,0.102,6.28734948535969e-148,"2","FAM43A"
3.6097844117952e-151,0.952477341989814,0.251,0.082,1.6271464214608e-146,"2","MAP3K11"
4.53789047223351e-151,0.511637362720982,0.438,0.189,2.04549950926398e-146,"2","SLC2A3"
5.16681211622878e-151,0.538309907494489,0.252,0.082,2.32899222951128e-146,"2","ADAMTS1"
6.6420776894692e-150,0.710825603245926,0.432,0.188,2.99398293930514e-145,"2","C9orf16"
1.46252778982524e-149,0.745065009118055,0.305,0.111,6.59249026541624e-145,"2","TMEM245"
1.27341096077739e-148,0.697773773386017,0.383,0.158,5.74002724680017e-144,"2","CMPK1"
1.26193439715844e-147,0.769856338921597,0.263,0.089,5.68829548863136e-143,"2","PLSCR4"
3.16116451648986e-147,0.621260069570558,0.31,0.115,1.42492651745297e-142,"2","EVL"
6.57485896768332e-146,0.769919357388557,0.36,0.146,2.96368342827293e-141,"2","FBL"
2.10353504076381e-144,0.740988549459127,0.273,0.096,9.48189454974693e-140,"2","HIPK3"
1.047680555958e-143,0.846448672256541,0.269,0.094,4.7225248740363e-139,"2","HPCAL1"
3.1457906767508e-143,0.77022548324799,0.313,0.119,1.41799660545219e-138,"2","ERICH1"
1.0233347519717e-142,0.513255602825083,0.94,0.852,4.61278372798764e-138,"2","RPL30"
3.6394400136306e-142,0.51383530435493,0.758,0.539,1.64051398054413e-137,"2","RPSA"
7.09002457368006e-142,0.800543452691199,0.339,0.135,3.19589947683203e-137,"2","TMEM173"
2.62805921813759e-141,0.764011804752012,0.287,0.105,1.1846239731677e-136,"2","PPP2R2A"
7.39045284844803e-140,0.645380855013456,0.366,0.148,3.33132052596643e-135,"2","SEC14L1"
1.5840534476919e-136,0.817555325100538,0.301,0.114,7.14027932081601e-132,"2","ICAM2"
3.67920130566749e-136,0.728805397055523,0.413,0.184,1.65843678054268e-131,"2","PPIC"
1.51865567069484e-135,0.6781899307116,0.309,0.119,6.84549230122408e-131,"2","ZFAND1"
3.05469815970907e-134,0.741921910633091,0.495,0.247,1.37693574247046e-129,"2","MARCKSL1"
3.24647927009842e-134,0.960129660546391,0.251,0.088,1.46338299578956e-129,"2","GUSBP3"
4.9718120412391e-133,0.79966706220781,0.369,0.16,2.24109399570894e-128,"2","IRF1"
6.45819245093494e-133,0.671120012884839,0.629,0.354,2.91109482918343e-128,"2","DDIT4"
2.68445099212884e-132,0.724516650188904,0.281,0.104,1.210043129212e-127,"2","VWA1"
1.04178572604384e-131,0.787701014185171,0.34,0.141,4.69595333871521e-127,"2","ELF1"
1.31441572950301e-131,0.754552757014178,0.268,0.097,5.92486034230778e-127,"2","LYST"
2.9101503200365e-131,0.676626383343062,0.499,0.243,1.31177935825965e-126,"2","SCP2"
9.83492479757552e-131,0.778390121393743,0.285,0.107,4.43319070175514e-126,"2","ECE1"
1.08248340609354e-130,0.670658030851754,0.26,0.093,4.87940220130723e-126,"2","NUDT3"
3.24114026555162e-130,0.838863653816012,0.254,0.091,1.46097638610005e-125,"2","NUDT14"
1.94357108330268e-129,0.567530383565579,0.668,0.404,8.76084101509517e-125,"2","SERBP1"
3.66463573338178e-129,0.805848638248847,0.599,0.336,1.65187120317917e-124,"2","ARL6IP1"
1.82341838216135e-128,0.551498744681272,0.31,0.123,8.21924069943048e-124,"2","G3BP1"
2.43635754065985e-128,0.623761165053959,0.282,0.106,1.09821252502783e-123,"2","TTC19"
6.2923732179063e-128,0.721333545660848,0.541,0.287,2.83635015170344e-123,"2","CDC37"
7.03827129452485e-128,0.680582508300954,0.25,0.089,3.17257116872002e-123,"2","FRYL"
1.0265744692863e-127,0.596406313747158,0.859,0.682,4.62738707775491e-123,"2","HLA-C"
2.55805197710824e-127,0.541426069365331,0.523,0.262,1.15306750920131e-122,"2","TJP1"
1.82595849949318e-126,0.641402512946908,0.686,0.448,8.23069053231544e-122,"2","CCNI"
1.85150848087769e-126,0.768957941006692,0.329,0.136,8.34585962840429e-122,"2","ODF2L"
3.10160967110886e-126,0.59706620160415,0.286,0.109,1.39808157534903e-121,"2","EIF2A"
6.98178076955033e-125,0.528172750462986,0.382,0.168,3.14710749968251e-120,"2","MCL1"
8.84532541003139e-125,0.576599115950661,0.598,0.319,3.98711888182575e-120,"2","SYPL1"
2.17899203732994e-124,0.557936131596805,0.605,0.342,9.82202450746842e-120,"2","AHNAK"
6.83741034458017e-124,0.719929098121476,0.365,0.16,3.08203108692296e-119,"2","IFI44"
5.20473026461425e-123,0.686007305810679,0.334,0.14,2.34608421407752e-118,"2","VAMP3"
1.38808495943688e-121,0.592484068930666,0.769,0.545,6.25693176315768e-117,"2","HNRNPA1"
1.19801323131177e-120,0.655635577820526,0.368,0.163,5.40016444146093e-116,"2","HSD17B11"
3.26680312116768e-120,0.666184701429818,0.291,0.116,1.47254417489755e-115,"2","COL4A1"
5.82829783708471e-120,0.650679626626201,0.271,0.104,2.6271635330443e-115,"2","LIPA"
2.02070936931938e-119,0.566533316346712,0.584,0.33,9.10854955314404e-115,"2","FOSB"
2.28929871980058e-119,0.679194203341716,0.363,0.16,1.03192429093731e-114,"2","HLA-F"
2.83965180074544e-119,0.507968135599205,0.345,0.148,1.28000144570402e-114,"2","EIF2S3"
1.01675045742139e-118,0.610613996164443,0.302,0.123,4.58310436187264e-114,"2","CAPN2"
3.98352133367739e-118,0.588174136841013,0.407,0.189,1.79561207636842e-113,"2","EIF3L"
3.18207283240086e-117,0.528156873893723,0.459,0.226,1.43435114993301e-112,"2","ANP32B"
1.98721749619447e-116,0.535864342109434,0.807,0.625,8.95758158584621e-112,"2","EEF1D"
3.00995146530434e-116,0.53575657667214,0.32,0.134,1.35676572250058e-111,"2","YWHAG"
7.84753162082953e-116,0.724015747821778,0.33,0.141,3.53735335340512e-111,"2","PLXND1"
9.1626155341816e-116,0.513227293866121,0.544,0.287,4.1301405781877e-111,"2","TSC22D3"
6.53294784462675e-114,0.704274568226517,0.281,0.113,2.94479157044395e-109,"2","CNOT6L"
3.39346683387166e-112,0.615980696359109,0.431,0.21,1.52963911003599e-107,"2","EIF3D"
1.20989869613977e-111,0.62637908043843,0.298,0.124,5.45373936271964e-107,"2","MYCBP2"
1.83628056116445e-109,0.597083056821056,0.581,0.33,8.27721825750486e-105,"2","PSMB9"
4.67224157283495e-109,0.637749763773407,0.254,0.099,2.10605961137108e-104,"2","SEPT10"
4.53885214963952e-106,0.587044233149563,0.399,0.192,2.04593299497151e-101,"2","XAF1"
7.62305441343525e-106,0.527691299725964,0.542,0.297,3.43616800740007e-101,"2","PRSS23"
1.15384494310094e-105,0.603986877635784,0.267,0.108,5.20107146552181e-101,"2","POLK"
1.54284526422412e-105,0.533016571398174,0.558,0.314,6.95452931301662e-101,"2","SNHG6"
1.5276028811493e-104,0.528319102972207,0.554,0.303,6.88582274706859e-100,"2","CAPZA2"
1.82589014546389e-104,0.519318374950165,0.547,0.3,8.23038241969303e-100,"2","CAST"
3.70803740369521e-104,0.618799496162904,0.285,0.119,1.67143494008965e-99,"2","ALDH9A1"
6.27518300853851e-104,0.627676867665988,0.382,0.182,2.82860149292882e-99,"2","LAP3"
8.28513041830826e-104,0.54772568493165,0.39,0.186,3.73460538735663e-99,"2","MX1"
1.09050253319696e-103,0.643773243595463,0.262,0.106,4.91554921863862e-99,"2","MOB2"
1.30954922790583e-102,0.791491577453576,0.254,0.102,5.90292409970833e-98,"2","NTAN1"
5.13417872345255e-102,0.55260951299427,0.507,0.272,2.31428240138347e-97,"2","PSMB8"
8.04834851720585e-101,1.09867906547604,0.47,0.257,3.62787357761571e-96,"2","CTGF"
3.12881552128148e-100,0.52915797183077,0.274,0.114,1.41034488437284e-95,"2","NCKAP1"
9.38177387055287e-100,0.525391448848413,0.309,0.137,4.22892838989041e-95,"2","NONO"
7.80983856328123e-99,0.574838965618622,0.252,0.102,3.52036283078465e-94,"2","MGAT1"
4.22315276367267e-97,0.50107659337333,0.328,0.149,1.90362833975309e-92,"2","POLR1D"
9.47557340237983e-97,0.507029684883659,0.428,0.218,4.27120946685673e-92,"2","PLSCR1"
2.40032950939046e-95,0.656445519203977,0.289,0.127,1.08197252965284e-90,"2","TXNDC12"
2.36087185890256e-93,0.607083065706252,0.864,0.674,1.06418659911892e-88,"2","HLA-A"
3.99796003121538e-93,0.500009800114641,0.342,0.162,1.80212046367065e-88,"2","PPP1CC"
3.13890173258881e-91,0.516073427336731,0.301,0.136,1.41489134498173e-86,"2","KLF3"
1.52902039145337e-88,0.557726742442631,0.252,0.108,6.89221231651519e-84,"2","SNAP23"
5.71802812996582e-85,0.523049414441522,0.263,0.116,2.57745835986339e-80,"2","NCK1"
4.97732203671131e-83,0.521325309444211,0.252,0.11,2.24357768126799e-78,"2","TIMM10"
4.05004833385319e-82,0.585781337637298,0.313,0.15,1.82559978696766e-77,"2","NECTIN2"
5.66798301778998e-81,0.526581811649956,0.563,0.35,2.55490002509901e-76,"2","TAGLN2"
6.54505549893763e-81,0.502886123640849,0.293,0.138,2.95024921670113e-76,"2","CNIH1"
5.48953357298438e-75,0.507732801242579,0.579,0.366,2.47446215335844e-70,"2","LMNA"
0,3.26619985187481,0.76,0.12,0,"3","PLVAP"
0,2.51285480824157,0.836,0.2,0,"3","RAMP2"
0,3.38241418036582,0.744,0.109,0,"3","CALCRL"
0,1.63718145832902,0.843,0.212,0,"3","TM4SF1"
0,2.58551423767129,0.772,0.141,0,"3","EMCN"
0,2.87829981439424,0.848,0.222,0,"3","RGCC"
0,2.16535222600969,0.832,0.211,0,"3","ITM2A"
0,3.02979643245283,0.829,0.21,0,"3","SLC9A3R2"
0,3.62676528049466,0.819,0.2,0,"3","INSR"
0,2.33176747727901,0.827,0.211,0,"3","NFIB"
0,2.34578081118279,0.822,0.217,0,"3","LPAR6"
0,3.64275750810073,0.676,0.085,0,"3","FLT1"
0,3.13423663545356,0.687,0.103,0,"3","TM4SF18"
0,2.6738877636987,0.757,0.177,0,"3","ARHGAP29"
0,2.33302314978584,0.838,0.259,0,"3","MEF2C"
0,2.49829239662692,0.718,0.142,0,"3","GIMAP7"
0,2.67944874614939,0.701,0.127,0,"3","RBP7"
0,2.35176208365426,0.756,0.184,0,"3","LIFR"
0,2.29560836016676,0.704,0.133,0,"3","ADGRL4"
0,3.04048045436068,0.672,0.103,0,"3","CD34"
0,3.46474811148683,0.652,0.083,0,"3","TMEM88"
0,2.25891876501635,0.762,0.197,0,"3","TGFBR2"
0,2.28547811584548,0.803,0.24,0,"3","A2M"
0,2.17904017806761,0.797,0.235,0,"3","EGFL7"
0,3.07158221798692,0.661,0.101,0,"3","PODXL"
0,1.60935583913054,0.931,0.374,0,"3","CD74"
0,2.43525641684198,0.965,0.408,0,"3","SPARCL1"
0,3.16444500342048,0.647,0.099,0,"3","ABCG2"
0,2.07545228449698,0.753,0.205,0,"3","KLF2"
0,2.64155054806443,0.692,0.146,0,"3","ETS2"
0,2.37993729850895,0.708,0.164,0,"3","SPRY1"
0,2.68356958474222,0.674,0.135,0,"3","AQP1"
0,2.34391599993183,0.917,0.386,0,"3","TSC22D1"
0,2.13288147393956,0.664,0.138,0,"3","PCAT19"
0,2.95567588996308,0.612,0.092,0,"3","CYYR1"
0,2.17045805654016,0.675,0.157,0,"3","RAMP3"
0,1.50857401657815,0.733,0.216,0,"3","HLA-DRB1"
0,1.74215324104497,0.683,0.167,0,"3","VWF"
0,2.51785680632154,0.634,0.121,0,"3","CLEC14A"
0,1.72856073481971,0.851,0.339,0,"3","CAV1"
0,2.19669583812844,0.666,0.157,0,"3","ESAM"
0,1.96798646041896,0.707,0.206,0,"3","IGFBP4"
0,1.91366131506192,0.917,0.419,0,"3","GNG11"
0,1.47683595227754,0.88,0.383,0,"3","DUSP1"
0,2.72663458736031,0.592,0.099,0,"3","EHD4"
0,1.79193629979739,0.686,0.194,0,"3","FXYD5"
0,2.17777009088816,0.62,0.128,0,"3","GIMAP4"
0,1.71047838647838,0.787,0.298,0,"3","TCF4"
0,3.5407860917257,0.564,0.076,0,"3","EDNRB"
0,0.985594045774992,0.732,0.245,0,"3","HLA-DRA"
0,1.85694806496961,0.693,0.207,0,"3","EPAS1"
0,2.19518798317895,0.624,0.138,0,"3","TNFSF10"
0,2.45973691945291,0.587,0.102,0,"3","CAVIN2"
0,3.90031374895977,0.529,0.047,0,"3","FMO2"
0,2.22131357042159,0.875,0.397,0,"3","HES1"
0,1.71454301258203,0.693,0.224,0,"3","SPTBN1"
0,2.23726601533021,0.583,0.114,0,"3","ECSCR"
0,1.66798464724674,0.723,0.255,0,"3","CRIP2"
0,4.09310873386035,0.511,0.048,0,"3","KDR"
0,1.71373684589731,0.583,0.125,0,"3","HLA-DRB6"
0,1.80816076088387,0.938,0.483,0,"3","TXNIP"
0,2.06508527981421,0.6,0.153,0,"3","ENG"
0,1.97931793697945,0.586,0.143,0,"3","ELK3"
0,2.97095209064398,0.529,0.087,0,"3","SOX18"
0,1.92002618650307,0.591,0.151,0,"3","ITGA6"
0,1.63583229132836,0.942,0.503,0,"3","IGFBP7"
0,1.24890352769288,0.916,0.478,0,"3","IER2"
0,1.64160290003926,0.623,0.186,0,"3","BCAM"
0,1.91334830937616,0.609,0.173,0,"3","ETS1"
0,1.92417081947663,0.989,0.554,0,"3","IFI27"
0,3.20860798153748,0.543,0.109,0,"3","STC1"
0,2.35310717462088,0.654,0.224,0,"3","PLPP1"
0,2.25341109328531,0.582,0.155,0,"3","TMEM204"
0,1.6533936114527,0.635,0.21,0,"3","HSPG2"
0,2.29218597891833,0.528,0.104,0,"3","ADGRF5"
0,1.4306715904413,0.734,0.316,0,"3","ZFP36L2"
0,3.1011196737095,0.487,0.069,0,"3","SLCO2A1"
0,1.5209001679174,0.713,0.297,0,"3","CCDC85B"
0,1.46221991453904,0.807,0.392,0,"3","VAMP5"
0,2.78737200914419,0.498,0.083,0,"3","THBD"
0,2.21939232265913,0.515,0.102,0,"3","LDB2"
0,4.24959358804383,0.43,0.023,0,"3","BTNL9"
0,1.71721207715535,0.578,0.171,0,"3","NPDC1"
0,2.25976262197982,0.508,0.102,0,"3","CD93"
0,2.08361724881806,0.553,0.148,0,"3","EFNA1"
0,2.16036908047923,0.517,0.112,0,"3","PTPRG"
0,2.27512065862082,0.536,0.134,0,"3","SEC14L1"
0,1.86275908538493,0.546,0.145,0,"3","ITGA1"
0,1.51474825597101,0.637,0.238,0,"3","TACC1"
0,2.94603491293907,0.463,0.068,0,"3","MYCT1"
0,1.41064802765018,0.602,0.208,0,"3","CAV2"
0,1.35096263020416,0.74,0.347,0,"3","DDIT4"
0,1.91430672098626,0.5,0.109,0,"3","PECAM1"
0,1.82681047689905,0.524,0.134,0,"3","KLF4"
0,2.32985084958436,0.499,0.11,0,"3","NOTCH4"
0,1.49219159744366,0.485,0.098,0,"3","CLDN5"
0,0.839769176923443,0.576,0.191,0,"3","HLA-DPA1"
0,4.07915277806912,0.417,0.034,0,"3","FAM84A"
0,2.37521502588515,0.462,0.08,0,"3","PTPRB"
0,1.44878759898043,0.598,0.218,0,"3","MGST2"
0,3.8605622954611,0.422,0.043,0,"3","FAM167B"
0,3.89153089293476,0.417,0.038,0,"3","NOV"
0,2.3536642252751,0.467,0.09,0,"3","GIMAP1"
0,1.80916333280829,0.955,0.582,0,"3","HLA-E"
0,2.15017491552553,0.471,0.099,0,"3","ICAM2"
0,2.23939822282176,0.461,0.092,0,"3","NOSTRIN"
0,1.49987667254116,0.542,0.174,0,"3","YWHAH"
0,2.41398235680686,0.453,0.085,0,"3","COL15A1"
0,1.77964781066684,0.529,0.161,0,"3","SOCS3"
0,2.73953219461653,0.438,0.072,0,"3","CDA"
0,1.86511293626089,0.505,0.14,0,"3","MTUS1"
0,2.12489485900829,0.448,0.085,0,"3","PALMD"
0,1.7020186028766,0.487,0.124,0,"3","HLA-DRB5"
0,1.96316736291766,0.489,0.127,0,"3","LMCD1"
0,1.83884403785254,0.512,0.151,0,"3","MGLL"
0,1.6822102811648,0.489,0.13,0,"3","DUSP6"
0,1.64188275580601,0.486,0.138,0,"3","SYNE2"
0,1.59448816802282,0.508,0.161,0,"3","FAM198B"
0,1.69078134071359,0.472,0.128,0,"3","ASAP1"
0,2.79641312046186,0.399,0.057,0,"3","ROBO4"
0,2.34350599840221,0.425,0.083,0,"3","MMRN2"
0,1.91239798512103,0.487,0.146,0,"3","PPFIBP1"
0,2.03996224330248,0.451,0.111,0,"3","AP002004.1"
0,3.09957219683408,0.389,0.05,0,"3","GRB10"
0,2.1951686867609,0.435,0.1,0,"3","UBE2J1"
0,5.02165833542651,0.347,0.013,0,"3","CA4"
0,1.69466880616438,0.47,0.14,0,"3","HYAL2"
0,4.28117690472726,0.345,0.017,0,"3","LNX1"
0,1.70814708220731,0.448,0.121,0,"3","BHLHE40"
0,2.12519356502132,0.408,0.091,0,"3","SOCS2"
0,2.33920477664666,0.385,0.069,0,"3","RAPGEF2"
0,1.888445678915,0.419,0.103,0,"3","SWAP70"
0,1.98020649031356,0.409,0.093,0,"3","VWA1"
0,2.47178398062421,0.381,0.066,0,"3","CXorf36"
0,1.49224506952249,0.421,0.11,0,"3","FILIP1"
0,1.62306174119062,0.416,0.105,0,"3","COL4A1"
0,2.01282717695369,0.389,0.086,0,"3","ZEB1"
0,1.72610941826298,0.401,0.105,0,"3","SLFN5"
0,2.35197132986763,0.357,0.064,0,"3","CDH5"
0,2.4413304010808,0.354,0.062,0,"3","SOX17"
0,2.35893543012017,0.345,0.058,0,"3","RFLNB"
0,3.17034875689086,0.314,0.033,0,"3","TSPAN13"
0,1.96211542864031,0.361,0.083,0,"3","RUNX1T1"
0,2.79891994858359,0.327,0.05,0,"3","KANK3"
0,1.92411362468503,0.356,0.079,0,"3","S1PR1"
0,2.2973970227421,0.333,0.057,0,"3","ARHGAP18"
0,2.19115049238054,0.341,0.065,0,"3","GIMAP6"
0,2.06388306669461,0.348,0.075,0,"3","ADCY4"
0,2.31882297863462,0.339,0.067,0,"3","LMO2"
0,2.48212409414721,0.324,0.052,0,"3","SULF2"
0,2.13098863935996,0.342,0.071,0,"3","JCAD"
0,2.95487062832679,0.308,0.042,0,"3","RAPGEF4"
0,2.79914364400648,0.311,0.047,0,"3","FAM110D"
0,2.13113605773747,0.337,0.073,0,"3","APOLD1"
0,2.48777958335576,0.31,0.053,0,"3","FRY"
0,2.82510787183748,0.296,0.039,0,"3","DLL4"
0,2.54144606331008,0.302,0.047,0,"3","EFNB2"
0,1.21305133074976,0.932,0.678,0,"3","HLA-C"
0,3.35010272101897,0.279,0.025,0,"3","F8"
0,2.34005094411361,0.304,0.054,0,"3","TIE1"
0,2.89095347076133,0.291,0.041,0,"3","PCDH17"
0,2.62249739957466,0.299,0.05,0,"3","CD79B"
0,5.46493484123144,0.254,0.008,0,"3","ESM1"
0,2.69093929701783,0.297,0.051,0,"3","INMT"
0,2.64056931859208,0.285,0.046,0,"3","ERG"
0,2.3051629962969,0.289,0.055,0,"3","LCN6"
0,2.92843536545569,0.27,0.037,0,"3","PIK3R3"
0,2.548229332418,0.279,0.052,0,"3","RUNDC3B"
0,2.2212374317445,0.268,0.046,0,"3","HBEGF"
0,2.7384594479032,0.26,0.039,0,"3","GPIHBP1"
0,1.26761239103089,0.98,0.762,0,"3","HLA-B"
0,2.23383465739666,0.264,0.048,0,"3","GIMAP8"
0,2.71454069775287,0.256,0.043,0,"3","ASS1"
0,2.58217397079867,0.254,0.041,0,"3","ABI3"
0,0.966711089795472,0.994,0.864,0,"3","PTMA"
0,1.05627121113926,1,0.987,0,"3","B2M"
6.42285339593621e-322,1.46036866559969,0.591,0.228,2.8951653967522e-317,"3","SNHG7"
3.22227637955078e-318,1.08048988628773,0.835,0.473,1.45247330084631e-313,"3","TIMP3"
3.30138617076288e-318,1.70348084506888,0.366,0.092,1.48813283033307e-313,"3","MGAT1"
2.95392946585543e-316,1.81996676633453,0.339,0.08,1.33151324602899e-311,"3","TSPAN14"
5.03764334407818e-314,1.42416300319103,0.464,0.14,2.27076811377668e-309,"3","GAS6"
1.89923993031018e-312,1.76274913359849,0.335,0.079,8.56101390986617e-308,"3","NCOA3"
2.29231047361686e-312,1.67216529797984,0.438,0.131,1.03328186908753e-307,"3","PLK2"
2.14935413378072e-311,1.75299161078235,0.318,0.072,9.68842869342996e-307,"3","PINK1"
2.94116882572926e-310,1.78369865814744,0.382,0.103,1.32576125988572e-305,"3","BTN3A2"
3.71704386398489e-309,2.20621607536493,0.268,0.053,1.67549469212983e-304,"3","TMEM255B"
1.3287776909133e-305,1.4712268719298,0.513,0.177,5.98959831956079e-301,"3","NRP1"
4.36148895978902e-304,1.40804237304614,0.524,0.185,1.9659847635145e-299,"3","SLC2A3"
3.57018301091327e-303,1.62455969931869,0.376,0.099,1.60929569399926e-298,"3","AKR1C3"
4.3892103716786e-303,1.27551845472795,0.687,0.323,1.97848046713785e-298,"3","PSMB9"
1.81810656817994e-302,2.19588651973423,0.253,0.048,8.19529716672788e-298,"3","SH2D3C"
2.84357522771882e-302,1.65704993440147,0.374,0.099,1.28176996964654e-297,"3","HEG1"
6.95839806389425e-300,1.21330157688137,0.37,0.093,3.13656751128097e-295,"3","CCL14"
1.0470065298291e-296,2.15463992184731,0.256,0.05,4.71948663385766e-292,"3","RASIP1"
1.19974021832385e-293,1.18212667782749,0.614,0.244,5.4079490081166e-289,"3","MGP"
7.64559120706336e-291,2.1202070416877,0.297,0.068,3.44632669249588e-286,"3","TGM2"
1.4088663270838e-290,1.60575311211776,0.365,0.098,6.35060585596295e-286,"3","CARD16"
4.13418820346244e-290,1.46381005331191,0.382,0.105,1.86352667459273e-285,"3","KLF10"
5.15270994773539e-288,2.12277262602661,0.266,0.055,2.3226355360412e-283,"3","F2R"
2.36070826475482e-287,1.80289359380916,0.317,0.076,1.06411285742088e-282,"3","CARD8"
4.17362060800411e-284,1.47543931382821,0.461,0.153,1.88130122526393e-279,"3","HLA-F"
8.50896648621737e-283,1.42817876891872,0.452,0.145,3.83550173332734e-278,"3","GNAQ"
7.65868163997062e-281,1.81534779503623,0.263,0.054,3.45222733603316e-276,"3","NTN4"
1.42075401187566e-280,0.775378533268524,0.434,0.132,6.40419078393074e-276,"3","DAB2"
3.60191540228383e-277,1.72633906482204,0.275,0.06,1.62359938673346e-272,"3","RAPGEF3"
2.83237772905285e-276,1.46446861244632,0.458,0.153,1.27672258514786e-271,"3","NCOA7"
4.46871315670073e-276,1.42295237342734,0.68,0.345,2.01431714251442e-271,"3","PLPP3"
5.38556252012623e-273,1.19558059431476,0.642,0.281,2.4275961615721e-268,"3","TSC22D3"
9.33446201301179e-273,1.68017424955624,0.393,0.117,4.2076020969852e-268,"3","RIN2"
3.30791602113093e-271,1.96470859981268,0.268,0.059,1.49107622568498e-266,"3","FZD4"
1.27608716394787e-270,2.10397646286127,0.261,0.056,5.75209050021141e-266,"3","RASSF3"
2.78995075219026e-269,1.53114637235515,0.317,0.079,1.25759820105728e-264,"3","NEDD9"
3.86309045379296e-269,1.14321960981263,0.354,0.095,1.74132665295171e-264,"3","HLA-DQB1"
1.06824920338904e-268,1.65736375714763,0.364,0.103,4.81524010919645e-264,"3","JAM2"
4.02312298866881e-266,1.57314218824527,0.32,0.082,1.81346291837235e-261,"3","SYNE1"
3.78568566711262e-264,1.64930508592766,0.459,0.161,1.70643567130769e-259,"3","CD320"
9.33764712590345e-264,1.43893263558643,0.351,0.097,4.20903781847224e-259,"3","HDAC7"
9.6968551193551e-264,1.94026678233929,0.291,0.07,4.37095441360051e-259,"3","SMAD1"
1.03645919192959e-263,1.79270308194954,0.308,0.078,4.67194345354184e-259,"3","FLI1"
4.16309276803614e-263,1.96876234830852,0.268,0.06,1.87655569611997e-258,"3","CPNE8"
3.11863894634396e-262,1.65382291891286,0.43,0.146,1.40575769145401e-257,"3","OSBPL1A"
1.2569698829678e-260,1.07813477325395,0.752,0.4,5.66591744446567e-256,"3","FKBP1A"
4.23329486811707e-259,1.91512516291575,0.252,0.054,1.90819999475245e-254,"3","ARL15"
4.40436175261299e-255,1.10398982641133,0.533,0.199,1.98531010360783e-250,"3","AP1S2"
1.04401280700411e-254,1.82099808504238,0.262,0.059,4.7059921288517e-250,"3","DOCK9"
5.34158957671155e-254,1.73868247531673,0.266,0.06,2.4077749175985e-249,"3","VOPP1"
7.72283878587051e-251,1.36324409109732,0.392,0.121,3.48114681111899e-246,"3","GPRC5B"
9.06970125258709e-249,0.724246020266462,0.894,0.548,4.08825853661616e-244,"3","JUNB"
1.3421578196182e-248,1.44919718453222,0.468,0.17,6.04991058771101e-244,"3","CYB5A"
6.18863232859958e-248,1.49857419959946,0.362,0.107,2.78958790843955e-243,"3","CNOT6L"
8.15850433377014e-247,1.77466145126388,0.279,0.068,3.67752741349023e-242,"3","NUAK1"
1.20852194362013e-246,1.32458734360302,0.412,0.134,5.44753351306208e-242,"3","HLA-DMA"
1.65512797496403e-246,1.60094632461997,0.3,0.077,7.46065485994785e-242,"3","RALB"
2.33752469479759e-246,1.45694548581932,0.395,0.125,1.05366263142696e-241,"3","CTSH"
2.5386315638344e-246,1.18099417580035,0.545,0.213,1.14431356371399e-241,"3","FOXP1"
1.62769976146264e-244,1.54821230216037,0.327,0.091,7.33701944476899e-240,"3","C10orf10"
2.34240550255568e-244,1.88358376087565,0.25,0.056,1.055862704332e-239,"3","CX3CL1"
4.34274926663596e-244,1.48578590125075,0.319,0.086,1.95753765942883e-239,"3","ACVRL1"
7.50003695745202e-244,1.25346311898366,0.594,0.264,3.38071665894107e-239,"3","PRMT1"
9.352161128532e-244,0.719109151906072,0.618,0.273,4.21558015029709e-239,"3","HLA-DPB1"
3.53813796637936e-241,1.53614023694014,0.278,0.068,1.59485106972516e-236,"3","RASAL2"
2.5700566736519e-240,1.35886621262026,0.362,0.108,1.15847874621533e-235,"3","NCK1"
5.11004648486979e-240,0.643028092414269,0.96,0.797,2.30340455351991e-235,"3","RPL27A"
1.00244788478696e-239,1.22605870934965,0.431,0.146,4.5186340854657e-235,"3","SH3BP5"
2.25857895596813e-238,0.666841051458332,0.419,0.132,1.01807705019219e-233,"3","DNASE1L3"
1.18005071785004e-237,1.65763474383626,0.251,0.057,5.31919661578085e-233,"3","SOS1"
2.07595863292168e-235,1.53624785598017,0.301,0.08,9.35759113375777e-231,"3","CPD"
9.71226053243691e-235,1.25747196144119,0.428,0.148,4.37789855760126e-230,"3","MIDN"
2.07029803516452e-234,1.63200220613906,0.258,0.061,9.33207542330761e-230,"3","CEBPG"
5.24062552824675e-234,1.55125957337445,0.359,0.112,2.36226436311251e-229,"3","TCIM"
4.28434034668464e-233,0.984437205200571,0.794,0.471,1.93120925467157e-228,"3","APP"
6.13466745407504e-233,1.29307330649764,0.429,0.148,2.76526270159887e-228,"3","BMPR2"
1.39142012960581e-232,0.574861826296716,0.996,0.949,6.27196537621114e-228,"3","RPS27"
2.44296041863189e-232,1.32049785407632,0.275,0.068,1.10118883830251e-227,"3","PRKCH"
3.29648195055816e-232,1.16197212961127,0.609,0.284,1.4859222040336e-227,"3","CDC37"
5.6431490238032e-232,1.24599242441345,0.516,0.211,2.54370585396953e-227,"3","RAB13"
1.79113380772997e-231,1.26594217612374,0.404,0.133,8.07371475172361e-227,"3","NFIA"
1.10224580437391e-230,1.48739011941643,0.348,0.106,4.96848318779583e-226,"3","FAM13C"
4.36279705706892e-230,1.13849997332273,0.399,0.131,1.96657440144439e-225,"3","CLEC2B"
1.96900232503215e-229,1.30378293770832,0.39,0.128,8.8754748803149e-225,"3","PIK3C2A"
3.17414219222234e-229,1.16685763564868,0.549,0.227,1.43077633456614e-224,"3","PDGFD"
8.3348582048491e-229,1.25986084479629,0.39,0.127,3.75702068441778e-224,"3","VSIR"
1.54442784918947e-227,0.636566696112217,0.976,0.882,6.96166297300647e-223,"3","RPL36"
1.64834554893851e-227,1.65562522286011,0.267,0.067,7.43008239639524e-223,"3","PTPRM"
2.17949593877954e-226,1.33447425358529,0.425,0.149,9.82429589364265e-222,"3","KIAA0355"
2.1992350810788e-224,1.30305335822327,0.325,0.094,9.91327205147081e-220,"3","LIMS2"
3.86643702286431e-223,1.60419649961741,0.426,0.157,1.74283515242632e-218,"3","NRP2"
1.07735209948988e-222,0.561619847707686,0.979,0.881,4.85627232366058e-218,"3","RPS29"
6.78859542235479e-222,1.13204334604784,0.48,0.183,3.06002727258064e-217,"3","WWTR1"
6.92451669753752e-222,1.2879362823347,0.727,0.371,3.12129514658201e-217,"3","CTNNB1"
1.41677109207873e-220,1.58296451948614,0.254,0.062,6.38623737465407e-216,"3","CD2AP"
1.93008714405248e-220,0.897450124345287,0.659,0.31,8.70006081053097e-216,"3","ZFP36"
4.90170971495893e-220,0.968286647363627,0.71,0.384,2.20949467111489e-215,"3","RDX"
1.88891303192386e-217,1.52801645858482,0.285,0.078,8.51446438270001e-213,"3","MKL2"
1.80629047322133e-216,1.39972481493073,0.352,0.111,8.14203493709248e-212,"3","LUZP1"
5.17950384334494e-216,1.46504525150818,0.259,0.065,2.33471315242616e-211,"3","PTPN14"
2.13563025674395e-215,1.48536382813653,0.285,0.078,9.62656694529905e-211,"3","CASKIN2"
1.08959588692099e-213,0.917279862759489,0.573,0.246,4.91146241988507e-209,"3","STOM"
1.52149674107561e-212,1.25793002769267,0.376,0.125,6.85829871007243e-208,"3","CD200"
1.47501363456743e-211,0.734373866859133,0.523,0.206,6.64877145917617e-207,"3","ARHGDIB"
2.88942084169989e-211,1.59119868242646,0.298,0.085,1.30243533860464e-206,"3","ADAM15"
1.80597598153206e-209,1.57116749587529,0.282,0.078,8.14061733435394e-205,"3","APOL3"
7.94977294605813e-209,1.25272787262829,0.354,0.114,3.58343965316516e-204,"3","EVL"
2.15866674100102e-208,1.63293072130256,0.257,0.067,9.73040620173618e-204,"3","PREX2"
2.48269491372972e-208,1.03398837326396,0.542,0.229,1.11909955931281e-203,"3","RAB11A"
1.88663461268407e-206,1.34299391426426,0.308,0.092,8.50419418013473e-202,"3","SNRK"
5.66680061916946e-206,1.15235269624368,0.435,0.161,2.55436704709682e-201,"3","EMP1"
7.82743382085186e-206,0.99756367447236,0.48,0.185,3.52829406908718e-201,"3","YBX3"
3.92171239769526e-205,1.16182219344869,0.362,0.119,1.76775108038512e-200,"3","RBMS3"
1.15576318527959e-204,1.15196028341652,0.46,0.181,5.20971813396629e-200,"3","GBP4"
3.26198961737753e-204,1.65274263536873,0.264,0.071,1.4703744399291e-199,"3","CMIP"
5.58265658636097e-204,1.06839166678159,0.473,0.188,2.51643828286807e-199,"3","XAF1"
2.8395108583697e-202,0.750423979450828,0.894,0.67,1.27993791451872e-197,"3","GSN"
8.33110473280649e-201,1.26501836600958,0.353,0.116,3.75532876935985e-196,"3","MAGI1"
6.29108751195314e-199,1.33404561009255,0.302,0.09,2.835770606888e-194,"3","TGFBR3"
3.0078951921917e-197,1.3889999379005,0.295,0.087,1.35583883683233e-192,"3","FNIP2"
1.03470070336596e-195,0.984125788691769,0.911,0.673,4.6640168904924e-191,"3","HLA-A"
1.55293154170305e-194,0.803593214093254,0.486,0.189,6.99999421738066e-190,"3","SNCG"
2.59452199619829e-193,1.44147326774736,0.292,0.087,1.16950673500634e-188,"3","HDGFL3"
8.06953502383446e-188,0.94265046999671,0.516,0.222,3.63742360734362e-183,"3","DPYSL2"
2.34808082176435e-187,1.12944021106046,0.469,0.196,1.0584209112185e-182,"3","S100A16"
3.87852312507733e-187,1.16766981895621,0.32,0.103,1.74828308385986e-182,"3","HTRA1"
2.89503412491081e-186,0.510017883887329,0.968,0.883,1.3049655821448e-181,"3","RPS15A"
4.00205898446252e-185,0.787570042124619,0.786,0.511,1.80396810783633e-180,"3","CALM1"
1.11251497814086e-184,1.15552561356496,0.532,0.248,5.01477251546774e-180,"3","MARCKSL1"
7.26024657416269e-184,1.5996755476371,0.256,0.072,3.27262874576958e-179,"3","MALL"
1.95717205587102e-182,0.798374318270927,0.599,0.279,8.82214875904423e-178,"3","CAVIN1"
3.95450308247371e-182,1.41998489187203,0.275,0.081,1.78253180945585e-177,"3","ANKRD29"
2.50041475672562e-181,1.39003549298795,0.267,0.078,1.12708695574164e-176,"3","PHKB"
1.56195786788299e-179,0.62755759566476,0.424,0.159,7.04068128526937e-175,"3","TINAGL1"
3.76235454738957e-179,1.07726780443142,0.327,0.109,1.69591893578132e-174,"3","SRGAP2B"
7.47261576397355e-179,0.559587886480361,0.859,0.573,3.36835628176872e-174,"3","FOS"
2.52653284407974e-178,1.02126281519354,0.371,0.133,1.13885994479738e-173,"3","COL4A2"
4.55936775420808e-177,1.31902907174033,0.294,0.093,2.05518060888683e-172,"3","PKP4"
4.11250028428306e-176,0.864783730134971,0.681,0.362,1.85375062814343e-171,"3","IFI44L"
1.42370639698662e-175,0.819860906402633,0.345,0.118,6.4174989550569e-171,"3","FYN"
7.53229012871367e-174,1.29598921955354,0.274,0.083,3.39525509841897e-169,"3","MAP3K11"
2.94045123931114e-173,1.16242655396703,0.445,0.19,1.32543780063189e-168,"3","MLEC"
9.82825072346122e-173,0.975263780195707,0.561,0.271,4.43018229610738e-168,"3","PSMB8"
1.10819852293033e-172,1.14337011414783,0.346,0.123,4.99531566196073e-168,"3","TMOD3"
4.92833999897336e-172,1.05886271217369,0.412,0.161,2.22149853793723e-167,"3","POLE4"
7.30163247513442e-172,0.954304879724998,0.771,0.494,3.29128385449159e-167,"3","POMP"
1.42586428766555e-171,1.23658855563551,0.351,0.126,6.42722586308124e-167,"3","TSPAN7"
2.52160780393033e-170,1.02196749504681,0.328,0.112,1.13663993369964e-165,"3","TMEM245"
4.41348086391041e-170,1.37115502354113,0.27,0.083,1.98942063421626e-165,"3","RYBP"
6.33752709551284e-169,1.2667759799196,0.31,0.104,2.85670371357337e-164,"3","FAM43A"
2.02427253999323e-167,0.718189570498515,0.508,0.222,9.12461090127349e-163,"3","LRRFIP1"
9.13617488415645e-167,0.56168459280405,0.965,0.852,4.11822219078236e-162,"3","RPS19"
1.11038782641205e-166,0.827498173199903,0.645,0.331,5.00518416633494e-162,"3","IL6ST"
1.12720968273857e-162,0.782906242147103,0.558,0.264,5.08101036591238e-158,"3","TJP1"
2.00602666284814e-162,0.769714713131208,0.558,0.267,9.04236578545429e-158,"3","TPM3"
1.41632687792546e-161,1.0099370534023,0.349,0.128,6.3842350349368e-157,"3","PTPN12"
1.58246837640925e-161,0.963202106982449,0.365,0.138,7.13313445350233e-157,"3","NDRG1"
1.53529907418683e-160,1.09986562001454,0.408,0.165,6.92051410680457e-156,"3","DUSP23"
2.52331954605012e-160,0.7788345463825,0.432,0.177,1.13741151857755e-155,"3","UTRN"
3.82805105897414e-160,1.1862526848328,0.332,0.12,1.72553229534319e-155,"3","C5orf56"
5.40839727602411e-160,1.00256518464952,0.357,0.134,2.43788915614063e-155,"3","PHACTR2"
1.96302692890815e-158,1.3587831658271,0.279,0.091,8.84854018474638e-154,"3","SMAGP"
4.75511402102903e-158,1.07266551800898,0.36,0.137,2.14341519611904e-153,"3","TMEM173"
2.83064527487983e-157,0.72444736593434,0.751,0.475,1.27594166410483e-152,"3","KTN1"
7.0131465419059e-157,0.887722753281666,0.404,0.164,3.16124593522951e-152,"3","BEX5"
1.80680621844418e-155,1.10425469676867,0.28,0.092,8.14435971025899e-151,"3","SLC44A2"
7.53636826459365e-155,0.817373132806423,0.528,0.252,3.39709335894824e-150,"3","EPHX1"
6.91217878423425e-152,1.20258485131015,0.266,0.086,3.11573370878143e-147,"3","TRIOBP"
8.34489661138898e-152,0.688561520444299,0.79,0.521,3.7615455965497e-147,"3","IFITM2"
2.6942865552533e-151,0.7422350167465,0.771,0.488,1.21447660764598e-146,"3","SNX3"
1.23734421284709e-150,0.882214615273969,0.45,0.198,5.57745277382954e-146,"3","SH3GLB1"
3.22631030801202e-150,0.858141764137941,0.355,0.135,1.4542916344395e-145,"3","LHFPL6"
6.3664913214503e-150,0.76852729417143,0.504,0.236,2.86975962805694e-145,"3","ACTN4"
2.96314526857379e-148,1.10188060252249,0.301,0.107,1.33566736126232e-143,"3","FRMD4B"
7.52286878803248e-148,1.0853382725927,0.311,0.112,3.39100833489352e-143,"3","B3GNT2"
2.77758237548663e-147,0.745007519130994,0.456,0.198,1.25202303157435e-142,"3","CLIC4"
5.07144693128789e-147,0.84954955599738,0.301,0.105,2.28600541874733e-142,"3","PTP4A3"
3.34945826153293e-145,0.971332421633756,0.347,0.134,1.50980180596859e-140,"3","KLF3"
9.53529992608296e-145,0.880547695068747,0.392,0.162,4.29813179468116e-140,"3","CMPK1"
1.5723401838766e-144,1.20522797162491,0.272,0.092,7.08748061284217e-140,"3","NUDT14"
5.621420810622e-143,0.850227523180745,0.559,0.289,2.53391164459597e-138,"3","HERPUD1"
7.64894276473344e-143,1.06833297001536,0.304,0.11,3.44783744063125e-138,"3","ENTPD1"
1.24804542905081e-142,1.00317042534572,0.303,0.109,5.62568957598942e-138,"3","IQCK"
1.53102374817167e-142,0.808334016124469,0.635,0.356,6.90124264725864e-138,"3","ID2"
2.92620000027587e-142,0.875867766441546,0.267,0.089,1.31901391212435e-137,"3","NRN1"
2.01181761799495e-141,0.690990310995122,0.733,0.456,9.06846909487401e-137,"3","GUK1"
3.75239326736952e-141,0.964834659581279,0.272,0.092,1.69142878919949e-136,"3","PICALM"
1.36930735920681e-139,0.709365827965529,0.593,0.304,6.17228985236062e-135,"3","CAPZA2"
7.6946247542515e-137,0.831610534105945,0.351,0.14,3.4684290542264e-132,"3","CTNNAL1"
1.05569331977396e-136,1.06180439282164,0.254,0.084,4.75864320821309e-132,"3","FKBP9"
5.48893428563483e-134,0.810342544214981,0.408,0.176,2.47419201859275e-129,"3","SERINC3"
8.61500534612276e-134,0.593005379567232,0.899,0.681,3.8832998098183e-129,"3","RPL36A"
6.75552069423211e-133,1.01290821252568,0.718,0.492,3.04511850813207e-128,"3","ID1"
6.19329648434388e-132,0.633734697257616,0.813,0.556,2.79169032328285e-127,"3","RAC1"
6.35759657799297e-132,0.990304177856001,0.293,0.108,2.86575023349611e-127,"3","PPP2R2A"
6.8987654064463e-132,1.08533148100873,0.261,0.091,3.10968749460974e-127,"3","FRYL"
2.4920027817804e-131,0.724489218271775,0.763,0.474,1.12329517391533e-126,"3","RPL17"
2.72039228595608e-130,0.762248015826131,0.407,0.177,1.22624402681756e-125,"3","CD46"
5.30227445688524e-130,0.942031363021068,0.31,0.119,2.39005323418559e-125,"3","MEF2A"
1.29854752466278e-129,0.9345258669539,0.27,0.095,5.85333282216997e-125,"3","NUDT3"
1.11619892597703e-128,0.632484153985617,0.606,0.324,5.03137827873406e-124,"3","SYPL1"
1.21468148241911e-128,0.574770247912228,0.445,0.201,5.47529825015238e-124,"3","CFLAR"
2.66573948774806e-128,0.728627709047607,0.504,0.248,1.20160873149732e-123,"3","SCP2"
3.02261329799902e-128,0.898918040728316,0.293,0.11,1.36247317020604e-123,"3","SRGAP2C"
6.14722516702819e-128,0.944600703143568,0.377,0.164,2.77092321628963e-123,"3","IRF1"
1.0146991739141e-127,0.889731296447404,0.27,0.096,4.57385799633519e-123,"3","LYPLA1"
1.93990422432177e-127,1.05114801258854,0.254,0.089,8.74431228155279e-123,"3","MXD4"
2.72027576637943e-126,0.815105396521715,0.453,0.216,1.22619150445319e-121,"3","IGFBP2"
7.71346585971275e-125,0.879124723541166,0.404,0.184,3.47692187092412e-120,"3","LAP3"
4.84369166352785e-124,1.15535529282934,0.26,0.094,2.18334245425181e-119,"3","SLC39A10"
5.87357181822996e-123,0.510315055901685,0.399,0.174,2.64757123278534e-118,"3","CRIM1"
1.01670930235195e-122,0.862728665781734,0.274,0.101,4.58291885128166e-118,"3","EFCAB14"
1.10436858956375e-122,0.567179113709168,0.83,0.593,4.97805185431757e-118,"3","MYL12A"
1.64334604252228e-122,0.758000711333441,0.338,0.138,7.40754662127341e-118,"3","NR4A1"
2.64432358253691e-122,0.769299255440925,0.455,0.218,1.19195529806434e-117,"3","CALCOCO2"
6.79425366726849e-122,0.918641267301483,0.277,0.103,3.06257778305795e-117,"3","PCMTD2"
1.56151904619272e-121,0.579681392544407,0.533,0.269,7.0387032526183e-117,"3","DDX3X"
4.9501984691568e-121,0.853045491119425,0.399,0.183,2.23135146195712e-116,"3","H1FX"
5.35346518207145e-121,0.648930483127383,0.299,0.115,2.41312796547053e-116,"3","SLC12A2"
9.8640788498272e-121,0.796283537566006,0.384,0.17,4.44633218234811e-116,"3","TRIM56"
1.35357264039797e-119,0.694170281285542,0.489,0.248,6.10136403385791e-115,"3","GNAI2"
4.92624092566965e-119,0.618043002956128,0.373,0.16,2.22055235965485e-114,"3","PLS3"
2.92269507137621e-118,0.659378787597276,0.572,0.317,1.31743403037354e-113,"3","EMP2"
3.21246070899658e-118,0.90626508140705,0.343,0.145,1.4480487891873e-113,"3","ELF1"
1.92054665066133e-117,0.637931111099392,0.564,0.303,8.65705608252099e-113,"3","CAST"
8.01263422631471e-116,0.81334681549035,0.34,0.145,3.61177500385362e-111,"3","CCDC50"
3.68040997598818e-115,0.83543477243571,0.255,0.093,1.65898160077643e-110,"3","NUMB"
9.74001144126419e-115,0.856718823681544,0.282,0.109,4.39040755726424e-110,"3","CRK"
9.78744296659705e-115,0.680627264457091,0.588,0.335,4.41178779162329e-110,"3","FOSB"
3.16107721875738e-114,0.665814615495099,0.456,0.22,1.42488716712708e-109,"3","PLSCR1"
4.74554592566008e-113,0.800145178508388,0.266,0.101,2.13910228145054e-108,"3","AFDN"
1.85442716927672e-112,0.787026771526989,0.486,0.25,8.35901590823174e-108,"3","IVNS1ABP"
5.68358209032694e-112,0.917336609295985,0.251,0.093,2.56193146303577e-107,"3","CDC27"
2.86392749186841e-111,0.546186681202678,0.376,0.168,1.29094395623461e-106,"3","MSN"
4.28247800857101e-111,0.694428723351151,0.526,0.28,1.93036978714347e-106,"3","TRA2B"
5.31931777368217e-111,0.563930035145098,0.464,0.23,2.39773567966498e-106,"3","ANP32B"
9.34986454261931e-111,0.702864213017959,0.737,0.467,4.21454494123108e-106,"3","CDC42"
1.13525200931497e-110,0.576803163784362,0.77,0.507,5.11726195718817e-106,"3","BST2"
1.1566312030326e-110,0.70056801597611,0.337,0.145,5.21363081078976e-106,"3","PLXND1"
4.89033065869848e-110,0.636626977907841,0.749,0.49,2.20436544771493e-105,"3","RPL9P9"
9.2195797198108e-110,1.2248340599683,0.37,0.175,4.15581775450192e-105,"3","CXCL12"
1.9713078108482e-109,0.740821949255561,0.306,0.126,8.88586708817933e-105,"3","CAPN2"
2.67279829028868e-109,0.588173096573147,0.615,0.342,1.20479055733053e-104,"3","SDCBP"
1.3778946231495e-108,0.522567333045381,0.698,0.409,6.21099780330868e-104,"3","PABPC1"
8.12610220523249e-108,0.846552213318246,0.273,0.107,3.6629218300306e-103,"3","SYNGR2"
2.92163494513374e-107,0.626824802797148,0.411,0.195,1.31695616786849e-102,"3","IRF2BP2"
6.26918674581323e-107,0.680404960165635,0.401,0.189,2.82589861754277e-102,"3","MX1"
1.93904222894873e-106,0.591516628352801,0.528,0.283,8.7404267512093e-102,"3","GADD45B"
2.61651777902229e-106,0.856799253455369,0.277,0.111,1.17942155407209e-101,"3","PARP9"
9.17817170084519e-104,0.859131030559022,0.27,0.108,4.13715267587298e-99,"3","EVA1B"
2.51541084042678e-103,0.62960788509004,0.443,0.222,1.13384659043078e-98,"3","RBM17"
9.79383707020803e-103,0.619759794861041,0.433,0.212,4.41466999776697e-98,"3","EIF4B"
3.46117157712687e-102,1.10101748151845,0.253,0.099,1.56015770010571e-97,"3","HPCAL1"
8.94649057824649e-102,0.74651635221947,0.329,0.144,4.03272009305039e-97,"3","PEA15"
4.69388916470677e-101,0.786061198734735,0.272,0.11,2.11581747988323e-96,"3","ARHGEF12"
7.33337054092749e-101,0.654861511416672,0.351,0.159,3.30559010502848e-96,"3","UFM1"
7.7463002614064e-101,0.584111509900437,0.403,0.192,3.49172230583155e-96,"3","C12orf75"
9.06682305106539e-101,0.503398750159676,0.887,0.715,4.08696115849823e-96,"3","RPL23"
9.19260245967052e-101,0.753489073873746,0.524,0.289,4.14365748472108e-96,"3","RPS27AP16"
1.06911537430558e-100,0.532924058475592,0.486,0.251,4.81914446121983e-96,"3","APLP2"
1.8883145361413e-100,0.789074581595744,0.302,0.128,8.51176660311052e-96,"3","TXNDC12"
2.87880374661326e-100,0.626819673004951,0.271,0.108,1.29764957682339e-95,"3","TMEM47"
4.2205702159588e-100,0.73206784301282,0.381,0.182,1.90246423054559e-95,"3","PNRC2"
5.27918972967881e-100,0.697076420054079,0.357,0.164,2.37964756255002e-95,"3","BNIP2"
2.45755373844309e-99,0.664729217047044,0.436,0.219,1.10776692314061e-94,"3","CHMP3"
3.68211283061135e-99,0.747855818051645,0.291,0.122,1.65974917952637e-94,"3","ALDH9A1"
4.1296290389413e-98,0.567190877698848,0.575,0.328,1.86147158559318e-93,"3","COX7A1"
6.87153069253949e-98,0.665269369083146,0.647,0.419,3.0974111749691e-93,"3","GNAS"
8.88354179628724e-98,0.727316787659268,0.265,0.107,4.00434530009444e-93,"3","ROCK2"
1.63289843423033e-96,0.889798658607821,0.27,0.111,7.36045298213664e-92,"3","INTS6"
3.86709340487457e-96,0.621187247225982,0.605,0.36,1.74313102318126e-91,"3","NAA38"
4.21810577660186e-96,0.856552730556902,0.271,0.112,1.90135335986106e-91,"3","OCIAD2"
1.14427123546989e-95,0.75201455322838,0.385,0.187,5.15791702100407e-91,"3","TMEM109"
1.30381313974488e-95,0.710259886841621,0.279,0.117,5.87706810871401e-91,"3","NCKAP1"
2.91608803192181e-95,0.616076309181973,0.256,0.102,1.31445584126908e-90,"3","WNK1"
7.97839800512016e-95,0.567808991881255,0.357,0.166,3.59634268478796e-90,"3","IQGAP1"
3.43604103966308e-94,0.753121039978604,0.374,0.181,1.54882985903853e-89,"3","UBE2L6"
1.03260684551266e-93,0.754360730452981,0.332,0.152,4.65457861683287e-89,"3","NECTIN2"
1.35388351536756e-93,0.679189276878439,0.317,0.141,6.10276533387079e-89,"3","ODF2L"
2.40601722578486e-93,0.666902445467258,0.443,0.233,1.08453632469479e-88,"3","FDPS"
4.65067836230003e-93,0.523766892070579,0.688,0.447,2.09633977859036e-88,"3","IFITM1"
9.20654848699237e-93,0.608883423933092,0.287,0.122,4.14994379599668e-88,"3","CCND1"
3.34108574838945e-92,0.760968731397843,0.321,0.146,1.50602781194403e-87,"3","VAMP3"
5.05543570234609e-92,0.582347767800879,0.388,0.19,2.27878819718952e-87,"3","RAP1A"
8.70672237842782e-92,0.535277319240773,0.387,0.189,3.92464217930012e-87,"3","ACTR2"
1.27240397852352e-91,0.791621739354067,0.266,0.111,5.73548817359261e-87,"3","TTC19"
2.35268769181252e-91,0.807428463805973,0.277,0.118,1.06049750396141e-86,"3","IRF7"
9.66538399376847e-91,0.507665373956011,0.347,0.162,4.35676848903108e-86,"3","RILPL2"
1.29434374564847e-90,0.909502446472698,0.264,0.11,5.83438386788505e-86,"3","NTHL1"
1.8257413951597e-90,0.758057417230218,0.322,0.148,8.22971191282188e-86,"3","CARHSP1"
3.38438534617836e-90,0.620386487024643,0.351,0.167,1.52554553864336e-85,"3","PARP14"
3.45676817854388e-90,0.537427115889902,0.614,0.362,1.55817282416044e-85,"3","GAS5"
5.09831624732202e-90,0.599607303577274,0.272,0.115,2.29811703164288e-85,"3","SASH1"
2.38346190016741e-89,0.670181568061839,0.423,0.219,1.07436928611946e-84,"3","CCNL1"
2.7386393160905e-89,0.546702899556582,0.392,0.194,1.23446905812096e-84,"3","ARF6"
2.79155224153235e-89,0.778873638107975,0.26,0.109,1.25832008839312e-84,"3","LIPA"
3.2188268946638e-89,0.62346280445088,0.543,0.32,1.45091841103866e-84,"3","NOP53"
5.81379417840987e-89,0.567645989903555,0.609,0.374,2.62062586386003e-84,"3","TMEM50A"
6.44740248564218e-89,0.55986811585051,0.267,0.113,2.90623114442807e-84,"3","MAP4K4"
6.70079644505224e-88,0.719592461626787,0.273,0.116,3.02045100557175e-83,"3","CHST12"
4.02760395358739e-87,0.729500032714375,0.26,0.109,1.81548275811905e-82,"3","MOB2"
4.84689187637052e-87,0.52181714266253,0.379,0.185,2.18478498219277e-82,"3","TNS2"
1.40541065562233e-86,0.704989447661122,0.467,0.261,6.3350290712832e-82,"3","OAZ2"
2.05293716630545e-86,0.59308305860077,0.374,0.186,9.25381957083844e-82,"3","IFNGR1"
2.66826862067345e-86,0.547444056708073,0.53,0.306,1.20274876345477e-81,"3","WASF2"
5.31035895739941e-86,0.536036663478144,0.329,0.153,2.39369740363736e-81,"3","SERTAD1"
3.98560507694756e-85,0.519913663929256,0.409,0.21,1.79655134448488e-80,"3","EIF2AK2"
1.59978021353511e-84,0.640839405737134,0.292,0.13,7.21116929053085e-80,"3","RNF115"
7.86418533513403e-84,0.503050773910785,0.299,0.135,3.54486018166502e-79,"3","GNB1"
7.79043856267315e-83,0.535410162763517,0.578,0.352,3.51161808651055e-78,"3","TAGLN2"
2.88080209524829e-82,0.620624912277902,0.255,0.109,1.29855035245412e-77,"3","MAST4"
4.7651427092948e-82,0.533401176337057,0.683,0.462,2.14793572764172e-77,"3","ARPC2"
2.70759153511289e-81,0.561042529349877,0.316,0.148,1.22047396036749e-76,"3","CASP4"
4.00648533254533e-81,0.773392849931626,0.263,0.115,1.80596332849813e-76,"3","LXN"
4.782093463183e-81,0.715368966811371,0.385,0.2,2.15557644946437e-76,"3","AC004057.1"
7.71309266295603e-81,0.540929946652903,0.382,0.194,3.47675364875406e-76,"3","CRBN"
1.00295727041314e-78,0.582006719050792,0.325,0.157,4.52093019211425e-74,"3","CDC26"
3.68558977789433e-78,0.510247663589658,0.754,0.52,1.66131644828365e-73,"3","LY6E"
1.94058630696513e-77,0.575032138863234,0.339,0.167,8.74738683727601e-73,"3","IFI44"
2.94023426839059e-77,0.600765983167916,0.284,0.13,1.32533999881974e-72,"3","ELF2"
5.06489749285295e-77,0.584374679111459,0.817,0.646,2.2830531938784e-72,"3","ID3"
8.57493875951552e-77,0.624630242372211,0.291,0.136,3.86523939523922e-72,"3","EBPL"
2.19684767466074e-76,0.64937427602093,0.34,0.171,9.90251057830075e-72,"3","HSD17B11"
6.51105082109508e-76,0.585383259770768,0.27,0.122,2.93492126811682e-71,"3","TLK1"
2.29551842013477e-75,0.53522094551456,0.26,0.116,1.03472788305995e-70,"3","SYNJ2BP"
6.36894536507382e-75,0.558760197518278,0.288,0.134,2.87086581276068e-70,"3","ADD1"
1.64479521652065e-73,0.591918446458879,0.267,0.122,7.4140789179885e-69,"3","ADAM10"
6.95256745091953e-73,0.673403386428883,0.281,0.132,3.13393930417649e-68,"3","SRSF8"
1.08551515534452e-72,0.574689476585706,0.301,0.145,4.89306811423097e-68,"3","ODF3B"
1.31142064066531e-70,0.564792441369826,0.273,0.127,5.91135967986296e-66,"3","ERICH1"
9.82602604229461e-69,0.562572282274866,0.35,0.182,4.42917949882472e-64,"3","BORCS7"
5.08376537881009e-68,0.571246786771072,0.323,0.163,2.29155808215244e-63,"3","SPOP"
4.34197658967234e-67,0.513265798801501,0.367,0.194,1.95718936756071e-62,"3","PPIC"
1.36810571026996e-66,0.546496455869741,0.275,0.132,6.16687329961286e-62,"3","IFNAR1"
4.50746719108934e-65,0.506426507428977,0.385,0.212,2.03178591105543e-60,"3","NUCB2"
1.80607879823437e-64,0.517977623773884,0.268,0.129,8.14108079092125e-60,"3","TSNAX"
4.94036130210908e-64,0.525016473060805,0.282,0.137,2.22691726053869e-59,"3","CD40"
2.84660658409343e-63,0.638443842833534,0.258,0.124,1.28313638384595e-58,"3","SGK1"
3.66225844690584e-62,0.652416210397142,0.254,0.121,1.65079961752728e-57,"3","EGLN2"
1.41926515357962e-58,0.508598231409595,0.318,0.168,6.39747960627548e-54,"3","C1orf54"
2.32690195587672e-56,0.587920698557104,0.257,0.128,1.04887432563099e-51,"3","SMIM30"
4.11396929958419e-56,0.554473650798898,0.252,0.124,1.85441280148057e-51,"3","CDC42EP1"
8.77839494248904e-56,0.527835866750297,0.29,0.151,3.95694930427636e-51,"3","YTHDF2"
1.10713358932774e-54,0.528059023516805,0.298,0.158,4.99051536725372e-50,"3","EIF2S3"
7.60566619251898e-54,0.652590649127021,0.395,0.233,3.42833009293986e-49,"3","C11orf96"
0,3.83581981059209,0.866,0.143,0,"4","NDUFA4L2"
0,3.54354270251293,0.941,0.29,0,"4","RGS5"
0,2.78396114002299,0.655,0.13,0,"4","FRZB"
0,3.14546413062055,0.704,0.18,0,"4","BGN"
0,4.23743684949091,0.62,0.098,0,"4","THY1"
0,2.2221643312725,0.688,0.185,0,"4","TAGLN"
0,2.84666129540789,0.658,0.157,0,"4","ACTA2"
0,3.66195934781595,0.605,0.105,0,"4","KRT18"
0,2.99623857156101,0.671,0.171,0,"4","COX4I2"
0,4.94820876252339,0.494,0.028,0,"4","CPE"
0,5.08866777725152,0.493,0.029,0,"4","STEAP4"
0,2.39719855087221,0.968,0.517,0,"4","IGFBP7"
0,2.67414505755089,0.633,0.191,0,"4","NR2F2"
0,2.37422178860481,0.628,0.215,0,"4","PDGFRB"
0,2.8470355529472,0.52,0.108,0,"4","NOTCH3"
0,4.32357027806498,0.468,0.059,0,"4","TPPP3"
0,2.52737484135715,0.605,0.212,0,"4","ARHGDIB"
0,3.01205304468612,0.522,0.129,0,"4","CYGB"
0,3.7887998077392,0.422,0.036,0,"4","MNDA"
0,2.38622537307866,0.608,0.227,0,"4","EPS8"
0,2.41446580749849,0.535,0.161,0,"4","TINAGL1"
0,2.7135915998286,0.513,0.139,0,"4","FILIP1L"
0,2.4260000187316,0.426,0.065,0,"4","SOD3"
0,1.80377717076464,0.819,0.46,0,"4","MYL9"
0,3.20280263557452,0.419,0.076,0,"4","CSRP2"
0,3.7812674279348,0.374,0.035,0,"4","GUCY1A3"
0,5.31523002246741,0.353,0.015,0,"4","KCNJ8"
0,3.08427022235147,0.387,0.062,0,"4","GJA4"
0,4.00057479251247,0.345,0.024,0,"4","EDNRA"
0,5.3680529719031,0.309,0.009,0,"4","ABCC9"
0,1.75870002525162,0.926,0.639,0,"4","CALD1"
0,3.91069252296334,0.316,0.03,0,"4","CCDC102B"
0,5.90295281914582,0.291,0.01,0,"4","COLEC11"
0,2.96792379859478,0.279,0.036,0,"4","EFHD1"
0,3.97619238918105,0.285,0.043,0,"4","RASD1"
0,3.48677962447859,0.253,0.026,0,"4","ARHGAP6"
9.970773705715e-312,2.47517047775427,0.379,0.082,4.49442595558809e-307,"4","PGF"
3.67284164236899e-302,2.42190625740233,0.405,0.098,1.65557009871424e-297,"4","MCAM"
2.47171556790719e-290,2.22911143606385,0.522,0.173,1.11415050938984e-285,"4","MFGE8"
1.38007734393568e-276,1.92636282328971,0.645,0.271,6.22083663552445e-272,"4","CRIP1"
3.79508743613461e-263,1.74781456286,0.64,0.262,1.71067361271204e-258,"4","MAP1B"
3.28389787272556e-257,2.44642411881846,0.312,0.066,1.48024980510978e-252,"4","ARHGAP15"
6.54625283802964e-256,2.93079852276791,0.264,0.048,2.95078892927024e-251,"4","FOXS1"
5.28934605335174e-255,2.32486940675826,0.433,0.13,2.38422562700883e-250,"4","TGFB1I1"
4.27142452205027e-253,2.66151595179297,0.319,0.072,1.92538731755938e-248,"4","SSTR2"
1.01843948429507e-252,2.45236178443121,0.267,0.049,4.59071781940846e-248,"4","CDH6"
1.24477796886348e-231,2.18043867864424,0.426,0.131,5.61096117244902e-227,"4","PPP1R14A"
8.40098770268657e-229,2.6650717006837,0.313,0.075,3.786829216863e-224,"4","KRT8"
3.34745546995705e-224,1.66672514221034,0.644,0.311,1.50889902763784e-219,"4","TPM2"
1.13533214110371e-218,0.881356980272405,0.955,0.82,5.1176231592391e-214,"4","LGALS1"
1.19476242581296e-210,1.55264418899552,0.806,0.553,5.38551111059452e-206,"4","JUN"
5.77675300992364e-210,2.32543761529309,0.31,0.077,2.60392918675318e-205,"4","CARMN"
2.72645083813588e-209,1.32112267189094,0.845,0.584,1.22897497979813e-204,"4","FOS"
3.64240109865311e-209,2.79775728492838,0.302,0.077,1.64184871922887e-204,"4","MYO1B"
1.37535751486172e-199,2.21706306794976,0.357,0.105,6.19956153399067e-195,"4","FHL2"
2.00756958599454e-189,1.78340689059555,0.567,0.261,9.04932066582901e-185,"4","MGP"
9.05180824656971e-188,1.34920134472612,0.766,0.536,4.08019308522376e-183,"4","SEPT7"
5.7381267466722e-187,2.51236544106505,0.288,0.075,2.58651801232996e-182,"4","LPL"
3.3265265239509e-186,0.916294622315201,0.887,0.698,1.49946509593611e-181,"4","DSTN"
1.01209952767422e-182,1.80338271873537,0.579,0.288,4.5621398309443e-178,"4","RHOB"
1.68037335643795e-182,2.33655690639463,0.274,0.069,7.57445094147969e-178,"4","GPRC5C"
2.12225915760177e-175,0.971409156089995,0.931,0.763,9.56629537880575e-171,"4","ADIRF"
2.46427108525887e-175,1.84708180888186,0.48,0.202,1.11079483439129e-170,"4","ISYNA1"
1.28455417668971e-165,2.34093889505048,0.32,0.1,5.79025640684652e-161,"4","CITED2"
3.99804580198912e-165,1.36785988730166,0.808,0.567,1.80215912570462e-160,"4","JUNB"
6.19193953230818e-163,2.18087174293998,0.285,0.08,2.79107866358323e-158,"4","DMD"
3.40282103871869e-162,2.06060069457361,0.285,0.08,1.53385561141284e-157,"4","CRISPLD2"
2.99405879681804e-159,1.91244795032986,0.318,0.098,1.3496019432537e-154,"4","MT1L"
1.12409064247337e-158,2.19109765663035,0.375,0.142,5.06695098001294e-154,"4","LHFPL6"
8.18109641176755e-156,0.725803961131025,0.931,0.836,3.68771101856834e-151,"4","IFITM3"
1.39827842527384e-154,1.82150873193186,0.418,0.165,6.30287982976438e-150,"4","PLAC9"
2.66094834755691e-151,2.20273683616428,0.335,0.115,1.19944907714475e-146,"4","FAM13C"
6.21147299477194e-151,1.17800876876277,0.781,0.567,2.7998835671234e-146,"4","MT2A"
3.8466065606607e-150,0.689799360734935,0.941,0.906,1.73389637328342e-145,"4","ACTB"
6.56048205488025e-149,1.52419197057377,0.555,0.282,2.95720289105782e-144,"4","HES4"
6.58875419254741e-149,2.09425075953511,0.319,0.106,2.96994683983267e-144,"4","CHN1"
1.08907576827368e-147,1.69131778625247,0.524,0.262,4.90911793307045e-143,"4","STOM"
1.1272416841447e-146,2.03941230027333,0.356,0.131,5.08115461545066e-142,"4","MYLK"
2.70092804652431e-146,0.793644368225642,0.933,0.819,1.2174703262513e-141,"4","CALM2"
4.21905489361042e-146,2.1376823376383,0.315,0.105,1.90178118384383e-141,"4","MYADM"
3.34138315490738e-145,1.87416112342818,0.329,0.112,1.50616187090605e-140,"4","SELENBP1"
3.08939216809795e-127,1.81002608366945,0.354,0.138,1.39257441369183e-122,"4","KANK2"
1.757319403061e-125,1.55577034318322,0.47,0.23,7.92129294123778e-121,"4","GGT5"
1.91386745575099e-114,1.65818402754858,0.399,0.177,8.62694894354316e-110,"4","EBF1"
9.18100854780748e-114,1.06417452045282,0.719,0.516,4.1384314130097e-109,"4","ITGB1"
4.05857896621988e-113,1.58878321619912,0.398,0.18,1.82944505481327e-108,"4","COL6A2"
4.36740090159479e-113,1.53005391205144,0.488,0.265,1.96864963040287e-108,"4","EPHX1"
1.00629827348457e-112,0.638725799600565,0.904,0.846,4.53599009755907e-108,"4","MYL6"
1.46451301503716e-111,2.02248586424766,0.335,0.14,6.6014388665815e-107,"4","PKIG"
1.96850882762968e-110,1.54011448697255,0.374,0.157,8.87325039142356e-106,"4","AXL"
7.15721651233597e-106,1.78860537761424,0.311,0.124,3.22618691510056e-101,"4","UBA2"
2.8459259186532e-100,0.887837221629326,0.262,0.087,1.28282956709212e-95,"4","CD44"
3.67896550707246e-99,1.64451194268033,0.29,0.112,1.65833049196798e-94,"4","ARHGEF17"
1.90015677178092e-93,0.87122109676989,0.725,0.533,8.56514666447967e-89,"4","TPM1"
8.29857494664362e-93,1.21016817661898,0.552,0.33,3.74066564294908e-88,"4","ZFP36"
6.65837946167263e-92,1.2202836637134,0.645,0.459,3.00133112614356e-87,"4","IFITM1"
1.31629773586557e-90,1.38244606769697,0.401,0.202,5.93334367418764e-86,"4","CSRP1"
1.5298493136465e-89,0.911297058274239,0.638,0.412,6.89594876619296e-85,"4","ITM2C"
3.23204171766508e-89,0.967475493400872,0.804,0.653,1.45687512465471e-84,"4","ID3"
9.42306577980386e-88,1.37273521842938,0.397,0.199,4.24754113090439e-83,"4","COL18A1"
1.37166747274722e-85,0.56933389121971,0.786,0.655,6.18292830015537e-81,"4","CST3"
1.9157646177175e-85,0.915984058441007,0.742,0.574,8.63550059082342e-81,"4","CD9"
4.41025133666584e-85,1.41964715217896,0.36,0.175,1.9879648925155e-80,"4","MGLL"
3.26217065375841e-84,1.69261489385701,0.315,0.144,1.47045604388814e-79,"4","SLCO3A1"
5.34297246661234e-80,1.3761168388338,0.406,0.217,2.40839826905018e-75,"4","BCAM"
1.36727577481312e-77,1.63106654748886,0.254,0.103,6.16313228254761e-73,"4","PLXDC1"
2.36915845700937e-77,0.949653641451423,0.473,0.259,1.06792186608154e-72,"4","ZEB2"
1.82788552348416e-76,1.13462625841216,0.538,0.348,8.23937678565721e-72,"4","FOSB"
2.40078730984365e-76,0.752574299637854,0.746,0.608,1.08217888778512e-71,"4","MYL12A"
5.49508769306504e-76,0.61322864269343,0.838,0.738,2.476965728526e-71,"4","CD63"
1.23249963371183e-73,1.30131274413812,0.387,0.207,5.55561534891943e-69,"4","SNCG"
2.32697697396842e-72,1.72500989434346,0.252,0.108,1.04890814078601e-67,"4","RBPMS"
1.10476836000397e-71,1.41682996630106,0.291,0.132,4.97985385955388e-67,"4","MAP3K20"
6.51646994177472e-70,1.25844031219612,0.459,0.292,2.93736399095437e-65,"4","CD151"
6.62377266586012e-70,1.34760194246908,0.38,0.211,2.98573176686311e-65,"4","MYH9"
1.32535136186161e-69,1.47266994269169,0.264,0.114,5.97415379872738e-65,"4","PAK1"
1.20594496419787e-66,0.757234161332144,0.271,0.115,5.43591752061833e-62,"4","LGI4"
8.34651796953845e-66,1.27191494889896,0.484,0.32,3.76227643994915e-61,"4","LGALS3BP"
4.05491165176266e-64,1.00768080761678,0.501,0.331,1.82779197614854e-59,"4","SH3BGRL"
4.47478444483461e-64,1.23573438060879,0.458,0.297,2.01705383635365e-59,"4","UACA"
5.7485577696858e-64,1.16707155904805,0.387,0.217,2.59121990026357e-59,"4","SEPT4"
7.06353567717582e-64,1.12089877100666,0.407,0.24,3.18395934184377e-59,"4","H2AFJ"
3.42219277356138e-63,1.16340162994166,0.426,0.26,1.54258761461053e-58,"4","CYSTM1"
4.17501931248877e-63,0.820049779786436,0.684,0.546,1.88193170529744e-58,"4","BTG1"
4.04848368708576e-61,1.23669250490567,0.334,0.177,1.82489450679078e-56,"4","ADI1"
6.50522835341842e-60,0.94465538847171,0.549,0.379,2.93229673258689e-55,"4","ARID5B"
1.35964364594396e-59,1.2572449958431,0.433,0.269,6.12872969845698e-55,"4","EGR1"
1.52086890718862e-58,1.2163564793533,0.36,0.202,6.85546868604342e-54,"4","CHCHD10"
2.7856966311344e-57,1.26655041924962,0.414,0.258,1.25568061345014e-52,"4","PPP1R15A"
3.91765942872852e-55,1.40188717147996,0.273,0.137,1.76592416409367e-50,"4","ADGRF5"
1.18581744125497e-54,1.03007851289316,0.412,0.244,5.3451906982009e-50,"4","EPAS1"
2.39538520799734e-53,1.22470877116729,0.351,0.207,1.07974383635688e-48,"4","FAM213A"
2.59838350027712e-51,1.17795800943035,0.367,0.221,1.17124734658492e-46,"4","PPP1R12A"
2.08933612204406e-50,1.18718414897903,0.413,0.272,9.41789150372578e-46,"4","OAZ2"
8.51472809608408e-50,1.0471370186036,0.397,0.247,3.83809883659086e-45,"4","NDRG2"
1.90851434547339e-49,1.09567873973709,0.445,0.302,8.60281926365585e-45,"4","TPM4"
9.52217820717497e-49,0.751080274726058,0.462,0.29,4.29221704866619e-44,"4","CRIP2"
1.8492183263421e-48,0.765994352072879,0.313,0.167,8.33553652781966e-44,"4","PMEPA1"
1.8945831860896e-47,0.693626713025672,0.666,0.57,8.5400231696175e-43,"4","TIMP1"
2.68374863372573e-47,1.04754337784133,0.467,0.334,1.20972653413821e-42,"4","BSG"
5.38617175205941e-47,0.893959332755789,0.514,0.375,2.4278707789583e-42,"4","PTMS"
1.20053571828739e-46,1.16014754853109,0.352,0.211,5.41153480375226e-42,"4","PTEN"
1.85166745345711e-43,1.15210855734905,0.375,0.24,8.34657621320329e-39,"4","C11orf96"
2.27615445590172e-42,1.34221851460129,0.255,0.137,1.02599938254226e-37,"4","EPB41L2"
2.55026744857595e-41,1.35150157416277,0.269,0.151,1.14955855512009e-36,"4","PDLIM7"
3.13124140499613e-41,1.22663743454873,0.288,0.166,1.41143837571606e-36,"4","DYNLT3"
1.13060406632964e-40,0.554977436050808,0.665,0.545,5.0963108893875e-36,"4","SPARC"
3.3974363359885e-40,0.700153612055824,0.646,0.541,1.53142840281017e-35,"4","IFITM2"
6.53979429397567e-39,0.814936038219731,0.542,0.431,2.94787767595247e-34,"4","RABAC1"
6.57981103727953e-39,1.00904783903325,0.368,0.242,2.96591562316412e-34,"4","TLN1"
1.25320131117564e-36,1.38200450668452,0.258,0.15,5.64893023025533e-32,"4","COL4A2"
2.62411584315133e-36,1.04015715073523,0.256,0.142,1.18284645745889e-31,"4","SEMA5A"
3.67238497094888e-36,0.540127536408238,0.648,0.525,1.65536424950492e-31,"4","BST2"
3.87258932475976e-36,0.880533214203647,0.298,0.177,1.74560836402871e-31,"4","ITGA1"
2.10069382883513e-35,0.877479105040582,0.425,0.295,9.46908750285725e-31,"4","SOX4"
5.41016593948223e-35,1.06498920818027,0.352,0.239,2.43868639888101e-30,"4","ILK"
9.32458866836804e-35,0.846225546568753,0.424,0.298,4.20315158815358e-30,"4","SLC38A2"
4.48779464164982e-34,1.66466881729256,0.305,0.201,2.02291831267007e-29,"4","CEBPD"
6.67092905466626e-34,0.873454435723719,0.457,0.348,3.00698798068136e-29,"4","CYB5R3"
2.07023043679069e-33,0.924569597305033,0.393,0.268,9.33177071687773e-29,"4","SERPINF1"
2.77223993871363e-33,0.855366032716594,0.383,0.26,1.24961487477455e-28,"4","RBP1"
3.94969250890931e-33,1.26990779291223,0.339,0.232,1.78036339531596e-28,"4","IGFBP2"
4.45395124745057e-33,0.977562417686422,0.396,0.283,2.00766306430082e-28,"4","SPATS2L"
6.31497393136804e-33,0.964041133154159,0.453,0.342,2.84653764930346e-28,"4","KLF6"
6.59083151470351e-33,0.568485702174367,0.628,0.537,2.97088321356775e-28,"4","ALDOA"
2.19094887287163e-32,1.04415775641095,0.396,0.274,9.87592113935617e-28,"4","CTGF"
1.45252655579545e-31,1.27138752412519,0.254,0.153,6.54740870290357e-27,"4","AC020916.1"
1.47114947275851e-31,1.04147184529404,0.277,0.17,6.63135336340626e-27,"4","DLC1"
5.52003816773698e-30,0.667890610244657,0.437,0.308,2.48821240448912e-25,"4","MEF2C"
1.22159558482613e-29,0.78223124440078,0.453,0.345,5.50646425816227e-25,"4","COX7A1"
8.81298412277229e-29,0.815996084624216,0.351,0.24,3.97254072318084e-24,"4","CAV2"
2.69107148633978e-28,0.783544595748716,0.455,0.348,1.21302738318252e-23,"4","ARPC5"
4.52847842597938e-28,0.729566950909297,0.455,0.348,2.04125693529446e-23,"4","SERPING1"
5.83869382471786e-28,0.903835585015624,0.36,0.256,2.63184962842982e-23,"4","ACTN4"
2.15754354843855e-27,0.735821462953023,0.447,0.345,9.72534329894159e-23,"4","BLOC1S1"
2.22040365888338e-27,0.761879407393196,0.314,0.201,1.00086915327827e-22,"4","ESAM"
2.91145906634683e-27,1.03334812826637,0.273,0.176,1.31236928874649e-22,"4","C1orf54"
1.70357100585895e-25,0.572779185674177,0.583,0.508,7.67901666600981e-21,"4","PSME1"
3.48412982536796e-25,0.525290080536436,0.609,0.524,1.57050636008286e-20,"4","ATP6V1G1"
2.25014228726054e-24,1.06348958864466,0.286,0.194,1.01427413740556e-19,"4","CD46"
4.41703187779102e-24,0.696390203732339,0.47,0.384,1.99102128923308e-19,"4","MINOS1"
9.0663129692269e-24,0.615059065574845,0.533,0.45,4.08673123400872e-19,"4","C4orf3"
4.37387676632062e-23,0.692718006708348,0.316,0.215,1.97156869118668e-18,"4","MT1E"
6.70126514822649e-23,1.03882989664786,0.271,0.184,3.02066227821457e-18,"4","SPTSSA"
9.22385201913716e-23,0.851689662482285,0.26,0.166,4.15774353614627e-18,"4","INAFM1"
1.52439218217678e-22,0.59453520444122,0.516,0.431,6.87135020038006e-18,"4","NDUFB2"
2.42213307826394e-22,0.659288071748243,0.54,0.463,1.09180070635825e-17,"4","ISG15"
2.76166689166779e-22,1.20049746443374,0.276,0.191,1.24484896808817e-17,"4","CRIM1"
4.71501742078952e-22,0.725601584787069,0.411,0.324,2.12534125259508e-17,"4","DRAP1"
4.89693800339532e-22,0.511167211033406,0.556,0.475,2.20734377441048e-17,"4","C12orf57"
1.50009639253721e-21,0.887474412466776,0.258,0.171,6.76183449900074e-17,"4","CEBPB"
1.92185415755358e-21,0.645603002322468,0.431,0.34,8.6629498005885e-17,"4","IFI27L2"
2.55844599697446e-21,1.00078138832117,0.26,0.172,1.15324511759621e-16,"4","CYR61"
3.12385594575884e-21,0.62178604072165,0.506,0.427,1.40810930611025e-16,"4","DYNC1I2"
4.7090985406014e-21,0.646449592410781,0.474,0.395,2.12267325816149e-16,"4","COX7B"
5.5778949841543e-21,0.88543941594392,0.271,0.184,2.51429194305739e-16,"4","HIGD1A"
1.08809155039647e-20,0.718821845321585,0.532,0.455,4.90468147256714e-16,"4","GPX3"
1.7457242854539e-20,0.581577698910661,0.54,0.476,7.86902678911199e-16,"4","SLC25A6"
9.22322045974866e-20,0.698502556355598,0.412,0.335,4.1574588544363e-15,"4","ATP5B"
1.45692985700686e-19,0.937108871735634,0.312,0.232,6.5672570234441e-15,"4","PDLIM2"
3.15116396110124e-19,0.712652413548583,0.41,0.335,1.420418667106e-14,"4","NDUFB9"
1.03556195390129e-18,0.748856842260686,0.275,0.194,4.66789906340547e-14,"4","ROCK1"
3.19757447061306e-18,0.532431184217633,0.472,0.393,1.44133866837354e-13,"4","ATP5G3"
6.11456956034753e-18,0.802276153926046,0.319,0.241,2.75620337502226e-13,"4","LIMA1"
2.11762818029418e-16,0.57270616208559,0.457,0.393,9.54542078549403e-12,"4","TMEM50A"
3.06956361580225e-16,0.570856043182648,0.449,0.375,1.38363649545902e-11,"4","YWHAQ"
3.28885087849647e-16,0.588759502296851,0.448,0.383,1.48248242199107e-11,"4","NDUFB10"
5.1142205142178e-15,0.587125392162612,0.292,0.213,2.30528603898882e-10,"4","SPRY1"
5.29961442170577e-15,0.592304523214343,0.384,0.305,2.38885419672809e-10,"4","CAVIN1"
1.72992584761076e-14,0.702531910042035,0.306,0.239,7.79781375069028e-10,"4","SLC25A5"
4.5901861870326e-14,0.542580384593159,0.301,0.224,2.06907232566682e-09,"4","HIF1A"
1.34084655897915e-13,0.700401816945239,0.274,0.207,6.04399994925442e-09,"4","TECR"
5.42367197884587e-13,0.724037333809247,0.374,0.303,2.44477438118457e-08,"4","GADD45B"
1.09072710766651e-12,0.508121249064609,0.511,0.457,4.91656151051756e-08,"4","EIF4A2"
1.95859444106116e-11,0.695980320570985,0.337,0.281,8.8285603025273e-07,"4","CAVIN3"
3.84125465232865e-11,0.511795803977299,0.42,0.364,1.73148394708366e-06,"4","ESD"
4.40935672851509e-11,0.638751927488069,0.293,0.233,1.98756163894546e-06,"4","MAP1LC3A"
4.93417009746401e-11,0.742177576813872,0.252,0.195,2.22412651313287e-06,"4","VMP1"
1.65960990576177e-10,0.66686334325212,0.253,0.196,7.48085761121175e-06,"4","TSPAN3"
2.99598812062074e-10,0.723658439307948,0.259,0.206,1.350471605251e-05,"4","LIMS1"
3.11960571701989e-10,0.593011323620495,0.343,0.29,1.40619347300388e-05,"4","REEP5"
3.32784584269025e-10,0.684914523266328,0.271,0.215,1.50005979205106e-05,"4","ASPH"
8.14850202253621e-10,0.58884854762561,0.343,0.294,3.67301877167842e-05,"4","LRPAP1"
1.17182471639304e-09,0.744898597633396,0.252,0.201,5.28211709161326e-05,"4","TNS2"
2.17087432437881e-09,0.635637897410559,0.31,0.261,9.78543310456992e-05,"4","CFDP1"
5.04810732552722e-09,0.505607043417205,0.371,0.323,0.000227548485805465,"4","PRSS23"
2.08605610006381e-08,0.513799563673984,0.294,0.244,0.000940310647664763,"4","NDUFS7"
2.15503481435042e-08,0.527111495216997,0.319,0.271,0.000971403492916595,"4","ASAH1"
3.30126773339328e-08,0.539967860276897,0.327,0.28,0.00148807944350436,"4","NDUFA6"
3.54834631060724e-08,0.51345723083904,0.364,0.314,0.00159945258296932,"4","TSC22D3"
3.81569728730425e-08,0.533835060214958,0.399,0.358,0.00171996370922526,"4","CHURC1"
7.20802003798169e-08,0.713230996166717,0.281,0.238,0.00324908711232063,"4","IER3IP1"
7.59815258741821e-08,0.550623975120957,0.271,0.224,0.00342494326030463,"4","ADH5"
8.46607406714959e-08,0.581538738268727,0.309,0.265,0.00381616754650835,"4","PRKAR1A"
1.13105149476686e-07,0.538868816567583,0.255,0.21,0.00509832771781112,"4","TUBB4B"
1.31774203818077e-06,0.697631595529088,0.253,0.214,0.0593985401130362,"4","CBX6"
1.49077229162035e-06,0.54567070713582,0.306,0.269,0.0671980518170787,"4","TAX1BP1"
3.4569807249878e-06,0.54084142634233,0.258,0.22,0.15582686315955,"4","ATP6V1E1"
5.31799900910712e-06,0.626102643991449,0.278,0.246,0.239714123334513,"4","SNHG9"
9.06188682585104e-06,0.509157997574697,0.306,0.271,0.408473610562061,"4","CAP1"
1.30709155007899e-05,0.555382390860431,0.256,0.222,0.589184587113604,"4","LPP"
3.62785789133664e-05,0.51238001307356,0.26,0.228,1,"4","ARPC1A"
7.8587780716417e-05,0.831594427744415,0.399,0.393,1,"4","JUND"
7.89008969775109e-05,0.691717855749088,0.308,0.283,1,"4","IFIT3"
8.19809223600792e-05,0.584859018622368,0.261,0.232,1,"4","AP3S1"
0,4.6333122628521,0.934,0.188,0,"5","S100B"
0,5.84172427606156,0.757,0.033,0,"5","CDH19"
0,4.89046789278837,0.858,0.16,0,"5","ALDH1A1"
0,6.58741573222505,0.67,0.019,0,"5","SCN7A"
0,4.19011120052035,0.714,0.085,0,"5","LGI4"
0,3.59335905831751,0.694,0.066,0,"5","PLP1"
0,3.90990699695315,0.741,0.139,0,"5","PMEPA1"
0,7.26121994930569,0.605,0.007,0,"5","PTPRZ1"
0,3.70274098027336,0.829,0.239,0,"5","NRXN1"
0,4.09372241671157,0.609,0.066,0,"5","CAPS"
0,3.18319819061884,0.847,0.31,0,"5","CRYAB"
0,1.00357852384667,0.653,0.139,0,"5","MPZ"
0,6.46958233657589,0.483,0.014,0,"5","GFRA3"
0,5.65016761517308,0.481,0.016,0,"5","MYOT"
0,3.85042253387876,0.521,0.064,0,"5","CHL1"
0,2.46356560571192,0.821,0.365,0,"5","GPM6B"
0,2.93216759326857,0.544,0.09,0,"5","MIA"
0,2.82859908704164,0.617,0.163,0,"5","TMEM176B"
0,5.16489797596662,0.475,0.027,0,"5","SPP1"
0,1.67056106868729,0.749,0.321,0,"5","PMP22"
0,3.31371834880968,0.511,0.086,0,"5","SEMA3B"
0,4.94332764988384,0.446,0.022,0,"5","ERBB3"
0,2.192690360573,0.668,0.246,0,"5","ZEB2"
0,2.60037430753111,0.657,0.257,0,"5","ARPC1B"
0,2.29690546546161,0.555,0.156,0,"5","PLAC9"
0,2.93475542291259,0.524,0.125,0,"5","ABCA8"
0,3.18106748540771,0.448,0.065,0,"5","FXYD1"
0,2.77638435543935,0.504,0.125,0,"5","TMEM176A"
0,5.15035426413149,0.37,0.015,0,"5","NTM"
0,3.86243764661271,0.395,0.045,0,"5","TMOD2"
0,3.51635055239556,0.414,0.064,0,"5","GPR155"
0,3.10959539139619,0.409,0.06,0,"5","ARHGAP15"
0,2.18944591104197,0.445,0.102,0,"5","EDNRB"
0,3.72997785113975,0.375,0.032,0,"5","MAL"
0,2.68581144897762,0.819,0.486,0,"5","ANXA1"
0,5.02973906750494,0.339,0.014,0,"5","SOX10"
0,3.94559250266034,0.375,0.053,0,"5","MATN2"
0,3.81509707036644,0.364,0.043,0,"5","FSTL3"
0,5.83826237302014,0.328,0.01,0,"5","XKR4"
0,4.22843835731018,0.346,0.03,0,"5","KCNMB4"
0,2.45169176987907,0.365,0.053,0,"5","PMP2"
0,2.34435632257988,0.879,0.571,0,"5","S100A10"
0,6.54303979151131,0.294,0.005,0,"5","C1QL1"
0,3.53256230908011,0.359,0.075,0,"5","ITIH5"
0,3.21629036564184,0.318,0.045,0,"5","ANK3"
0,3.86945091274126,0.301,0.031,0,"5","HSPA12A"
0,4.36921200621917,0.285,0.016,0,"5","FOXD3-AS1"
0,2.94428168852976,0.313,0.046,0,"5","PDGFA"
0,4.0894553643396,0.288,0.021,0,"5","FST"
0,4.35767359328328,0.271,0.019,0,"5","ITGB8"
0,4.4601356667215,0.263,0.017,0,"5","NCAM1"
0,4.8027150865696,0.255,0.012,0,"5","SEMA3C"
0,1.41089641373743,0.973,0.895,0,"5","S100A6"
1.03234426784147e-315,2.75831673350255,0.444,0.117,4.65339502172223e-311,"5","CADM1"
1.70012355151884e-310,2.91753811381093,0.321,0.059,7.66347692082631e-306,"5","COL14A1"
9.66468792862308e-308,3.30687288358203,0.286,0.048,4.35645473070614e-303,"5","TSPAN15"
3.60259384735967e-304,2.61410694284526,0.414,0.103,1.62390520263585e-299,"5","GAS7"
5.99553887081029e-300,2.99645471022331,0.253,0.037,2.70254910140645e-295,"5","MEG3"
2.49563234238403e-289,1.61536811106841,0.807,0.531,1.12493123465302e-284,"5","PEBP1"
1.12528683330818e-268,1.15293198032013,0.934,0.821,5.07234292981994e-264,"5","LGALS1"
6.51700975556306e-265,3.12628544742819,0.357,0.089,2.9376073174176e-260,"5","NRN1"
1.21365426319513e-263,1.3877118118761,0.831,0.564,5.47066795677836e-259,"5","MT2A"
4.91201250544355e-260,3.01610445033266,0.253,0.043,2.21413875695373e-255,"5","FIBIN"
2.0971315158371e-257,2.14620752806575,0.454,0.137,9.45303002078732e-253,"5","SNCA"
1.34982904504307e-255,0.981976986074772,0.976,0.899,6.08448940343616e-251,"5","MT-CYB"
1.74379081905719e-249,2.39528099731892,0.466,0.158,7.86031149598217e-245,"5","CBR1"
6.87341958054522e-244,2.6126193053508,0.32,0.074,3.09826261012656e-239,"5","PHLDA3"
2.48536515610368e-243,2.03796828865611,0.676,0.372,1.1203031977653e-238,"5","CD81"
6.86569892486546e-243,1.55132680822617,0.783,0.49,3.09478244737235e-238,"5","TIMP3"
1.69235689149241e-240,1.11967022811664,0.994,0.971,7.6284679240912e-236,"5","MT-ND3"
9.20130735549688e-233,0.983872265614446,0.978,0.91,4.14758130356377e-228,"5","MT-ATP6"
1.45146428662685e-230,2.01924831125232,0.512,0.192,6.54262041839917e-226,"5","COL18A1"
2.37519851113128e-229,0.913279115612057,0.981,0.899,1.07064448087754e-224,"5","MT-ND2"
1.7237569744387e-207,0.824525058521024,0.984,0.942,7.77000693797987e-203,"5","MT-CO2"
2.87912025454445e-198,1.6451521515178,0.694,0.414,1.29779224593846e-193,"5","TUBA1A"
1.45298490033677e-196,1.98385690343499,0.487,0.192,6.54947473675803e-192,"5","DST"
6.00369198458616e-190,2.62958289981206,0.311,0.087,2.70622419897206e-185,"5","CXXC5"
1.26126083093393e-188,2.56852315409016,0.307,0.084,5.68525932151777e-184,"5","RNU4-2"
1.68044990749767e-188,1.6149968754664,0.596,0.287,7.57479600303651e-184,"5","RHOB"
8.63383405788835e-187,2.46506389714779,0.326,0.094,3.89178703993375e-182,"5","LTBP4"
4.54919811382803e-179,2.4628275510097,0.395,0.145,2.05059654178912e-174,"5","CTNNAL1"
2.48971585306067e-174,1.82239683580412,0.473,0.197,1.12226431792563e-169,"5","CSRP1"
1.8785598924056e-171,1.51562678923259,0.269,0.066,8.46779657100746e-167,"5","GATM"
6.74208073614912e-171,1.44645077472168,0.706,0.477,3.03906031262658e-166,"5","LGALS3"
1.07144893359038e-165,2.22591041752676,0.349,0.118,4.82966321305199e-161,"5","SCCPDH"
1.55335715943254e-159,1.21332392191146,0.765,0.531,7.00191273185813e-155,"5","MARCKS"
2.94134275156606e-158,1.89892134054497,0.477,0.216,1.32583965869592e-153,"5","AP1S2"
5.55783891956092e-150,1.35251117639086,0.745,0.54,2.50525147138128e-145,"5","SPARC"
1.5810409043424e-144,1.95037400919349,0.334,0.116,7.12669998041379e-140,"5","FEZ1"
2.17397200282596e-143,1.06627792659729,0.756,0.573,9.79939619993828e-139,"5","CD9"
2.20149615415403e-138,0.678478887250244,0.963,0.863,9.92346406446469e-134,"5","MT-ND1"
1.26283969051988e-137,1.56398069742853,0.584,0.363,5.69237618898743e-133,"5","ANXA5"
1.25420877967322e-134,1.97620271046976,0.347,0.131,5.65347149525499e-130,"5","EPB41L2"
3.1642123776301e-132,2.22580389507782,0.301,0.104,1.42630037134054e-127,"5","PDLIM4"
5.69877948903298e-132,0.867003314179891,0.789,0.655,2.56878184247651e-127,"5","CST3"
7.19100557207876e-130,1.60525700270356,0.457,0.216,3.24141767167022e-125,"5","STMN1"
1.0335178416164e-126,1.71489437518598,0.265,0.081,4.6586850228701e-122,"5","PLEKHA4"
4.2951378179037e-125,1.86858878443768,0.386,0.166,1.93607632279827e-120,"5","ADD3"
6.63270796734741e-125,1.6601788191882,0.538,0.329,2.98975944336152e-120,"5","EMP2"
3.44766796882671e-121,1.10966014403376,0.715,0.517,1.55407081362833e-116,"5","ITGB1"
1.51145122395903e-119,2.2382901139754,0.269,0.091,6.81301753711775e-115,"5","METRN"
1.87998709975606e-119,1.87997041150246,0.349,0.144,8.47422985086041e-115,"5","COL4A2"
2.10748979609839e-119,1.62733833936874,0.436,0.208,9.49972100489311e-115,"5","MT1E"
7.93977360225503e-119,2.35713581842258,0.255,0.083,3.57893234895248e-114,"5","TUBB2A"
1.2266444295729e-117,1.70644592856538,0.411,0.189,5.5292224307428e-113,"5","MT-ATP8"
5.42432906354358e-117,1.8366146846284,0.385,0.171,2.4450705686829e-112,"5","ITGA1"
1.07643703341118e-114,1.59172797480431,0.346,0.137,4.85214757180423e-110,"5","ATP1A2"
1.13774588808882e-113,2.23147726165494,0.274,0.097,5.12850336514916e-109,"5","USP53"
3.95891100528979e-108,1.53744003301578,0.389,0.177,1.78451872474442e-103,"5","SGCE"
1.74608189110234e-107,2.02446572635022,0.272,0.098,7.87063873233289e-103,"5","SDC3"
3.18066493767482e-104,2.20839494059447,0.253,0.09,1.4337165273063e-99,"5","CTDSPL"
1.29961497987847e-103,1.30632008031559,0.416,0.195,5.85814448330017e-99,"5","RND3"
1.10797893477632e-101,2.17406096489567,0.267,0.101,4.99432584639773e-97,"5","ENDOD1"
2.66697628078223e-100,1.54290673892667,0.466,0.268,1.2021662283254e-95,"5","COMT"
1.01374893490235e-98,1.65038147706505,0.383,0.186,4.56957469896585e-94,"5","LMO4"
5.70768180611448e-98,1.01820953518254,0.71,0.602,2.57279465092416e-93,"5","S100A11"
5.25561919523392e-96,0.857883156467375,0.261,0.088,2.36902290844364e-91,"5","CD44"
6.54208044318346e-96,1.97259258121622,0.316,0.138,2.94890818056938e-91,"5","SAMHD1"
2.36364367102658e-93,1.98021765958328,0.282,0.114,1.06543602115194e-88,"5","VWA1"
2.75946771662578e-91,1.33104333683188,0.511,0.313,1.24385766794624e-86,"5","PRSS23"
1.4417836542963e-78,1.62386263943316,0.266,0.11,6.49898400010601e-74,"5","ALDH1A3"
8.08499587302347e-76,1.84274726243321,0.28,0.126,3.64439273972406e-71,"5","COL4A1"
4.30598429643291e-73,1.57199263512265,0.314,0.151,1.9409654814601e-68,"5","PIK3R1"
1.10081717891936e-70,1.46736473995678,0.337,0.173,4.96204351569692e-66,"5","FAM3C"
1.86341875270975e-68,1.69101434280063,0.296,0.144,8.39954636971447e-64,"5","IL11RA"
2.53930072732586e-64,1.02136057481236,0.557,0.407,1.1446151958494e-59,"5","RDX"
1.67134789310605e-63,1.35241164991356,0.402,0.245,7.53376776296483e-59,"5","MAP4"
8.61739480839442e-63,0.541203883849913,0.778,0.585,3.88437688383187e-58,"5","IFI27"
2.62142101531623e-60,1.23904378761297,0.388,0.23,1.18163173686394e-55,"5","QKI"
1.15754706854412e-59,1.09236810061386,0.46,0.293,5.21775916616947e-55,"5","SOX4"
7.11319710130754e-56,1.40101476218347,0.308,0.166,3.20634472538539e-51,"5","LAMP2"
1.77945215224586e-55,1.02249580947226,0.49,0.344,8.02105852146345e-51,"5","PRMT2"
8.0669388293633e-55,1.37311618609706,0.282,0.143,3.6362533467238e-50,"5","SECISBP2L"
4.98951794665088e-54,1.68947398892396,0.253,0.126,2.24907510963235e-49,"5","KDSR"
7.24367937107196e-54,0.862493247158743,0.585,0.464,3.2651609133044e-49,"5","PPIB"
1.1834527493569e-51,1.10280166042936,0.419,0.276,5.33453161300116e-47,"5","CAVIN3"
1.35279907784707e-50,1.02551990219876,0.441,0.299,6.09787712330346e-46,"5","PGRMC1"
4.14684165252199e-49,0.792954954776092,0.573,0.433,1.86923034329081e-44,"5","GNAS"
5.21977386654298e-49,1.03887351622914,0.496,0.365,2.35286526808291e-44,"5","AHNAK"
6.30272972550802e-48,1.44372654652815,0.287,0.16,2.84101845106999e-43,"5","KLF9"
3.41040659883086e-47,1.60363742084945,0.251,0.131,1.537274878489e-42,"5","CCND1"
6.06211069252616e-47,1.40228714546075,0.313,0.187,2.73255701576309e-42,"5","PON2"
4.19155873692944e-46,1.29014466315304,0.315,0.184,1.88938701625831e-41,"5","ANKRD10"
1.41048889456203e-45,1.1109628519986,0.37,0.231,6.35791974112779e-41,"5","PRNP"
5.72401014183463e-44,1.145894779181,0.381,0.249,2.58015481153338e-39,"5","NDRG2"
1.88091960221724e-42,1.23390014539643,0.33,0.205,8.47843319895443e-38,"5","LAMA4"
2.01351543323916e-41,1.40829464805156,0.287,0.169,9.07612216686885e-37,"5","CTNNA1"
1.25040860592337e-40,1.2962428855608,0.328,0.211,5.6363418320602e-36,"5","ITGB1BP1"
2.2014792761413e-40,1.04341461400442,0.391,0.264,9.92338798513453e-36,"5","TIMP2"
8.00353370669168e-40,0.618748045948478,0.43,0.277,3.60767285362834e-35,"5","MAP1B"
1.77204442380906e-37,0.602110924893963,0.603,0.503,7.98766744476173e-33,"5","PSAP"
5.30583733747684e-37,0.67883306409593,0.655,0.566,2.39165923824106e-32,"5","XIST"
1.75126325967599e-35,1.09332860751015,0.36,0.244,7.89399426931551e-31,"5","H2AFJ"
1.66775471173176e-34,0.509594740343128,0.522,0.384,7.51757113860206e-30,"5","JUND"
4.00559832573746e-34,1.1139043946614,0.354,0.244,1.80556350130942e-29,"5","DPYSL2"
3.1441535429441e-33,1.06363488059762,0.261,0.153,1.41725865101748e-28,"5","SYNGR1"
3.81453522731194e-33,1.15031122569731,0.29,0.183,1.71943989906313e-28,"5","SPTSSA"
5.17473941984081e-33,0.650730971932994,0.631,0.542,2.33256554088744e-28,"5","IFITM2"
7.50638376469365e-33,0.616686990130216,0.362,0.23,3.38357754577331e-28,"5","FBLN2"
1.06475366424627e-32,0.505603068661592,0.724,0.673,4.79948361695647e-28,"5","TOMM7"
6.62973558460984e-32,1.08246933336266,0.299,0.188,2.98841961211873e-27,"5","ITGA6"
9.8311279418092e-32,0.83820428308272,0.473,0.374,4.43147923104992e-27,"5","SRRM2"
1.54925762380503e-31,0.587796309720501,0.652,0.582,6.98343366506354e-27,"5","MYL12B"
6.46009564642769e-31,0.673479837215899,0.381,0.258,2.91195271358375e-26,"5","PLAT"
3.20873584626836e-30,0.559978111002042,0.634,0.571,1.44636977006393e-25,"5","TMEM258"
1.82478551103635e-29,0.936679611208531,0.37,0.268,8.22540316954747e-25,"5","APLP2"
2.44127340663441e-29,0.801987660232655,0.501,0.418,1.10042840077453e-24,"5","CD99"
1.69078858168185e-27,1.17422353001917,0.261,0.167,7.62139861078912e-23,"5","CPQ"
7.17882213668047e-24,0.95262889880143,0.366,0.279,3.23592586633009e-19,"5","IFIT3"
7.62057175262341e-24,0.952330914255507,0.299,0.209,3.43504892321253e-19,"5","SNHG16"
1.40105188453666e-23,0.726080141831837,0.37,0.263,6.31538147473744e-19,"5","SPTBN1"
2.61710838252815e-22,0.94502914034231,0.335,0.246,1.17968777450839e-17,"5","HSPG2"
1.85072112056649e-21,0.627893675603541,0.412,0.308,8.3423105230655e-17,"5","COL3A1"
2.20172992935028e-21,0.743158063766083,0.252,0.162,9.92451782953931e-17,"5","PCDH9"
5.61638763164158e-21,0.653330444984132,0.425,0.343,2.53164288883876e-16,"5","GNG5"
8.78677695930877e-21,0.674008971746946,0.422,0.35,3.96072758217802e-16,"5","DYNLRB1"
5.65014228468907e-20,0.553776345052444,0.352,0.261,2.54685813624645e-15,"5","PLPP1"
1.88504214639099e-19,0.528624580132394,0.347,0.247,8.49701597907203e-15,"5","TGFBR2"
1.16744616231372e-18,0.863883771323231,0.348,0.279,5.26238032124534e-14,"5","CNPY2"
2.79862578355897e-18,0.592198056990844,0.422,0.344,1.26150855819704e-13,"5","KLF6"
4.83578264434533e-18,0.893741802938289,0.295,0.225,2.1797773847651e-13,"5","ARPC1A"
2.90484195152075e-17,0.586891043170297,0.487,0.435,1.30938655806749e-12,"5","RABAC1"
1.9867819067635e-16,0.771108592584413,0.347,0.28,8.95561812292716e-12,"5","NMT1"
2.42287582236743e-16,0.851431595549856,0.253,0.184,1.09213550569034e-11,"5","PTPRA"
5.45317386770809e-16,0.528080207378224,0.496,0.449,2.4580726526081e-11,"5","NDUFA11"
1.5359290606172e-15,0.517041829787922,0.55,0.505,6.92335383363808e-11,"5","SELENOW"
3.37869148505542e-15,0.637929818420532,0.366,0.302,1.52297897380358e-10,"5","ZNF706"
5.78719473154426e-15,0.571236040818192,0.443,0.384,2.60863589719089e-10,"5","SBDS"
7.36106605208981e-15,0.820303628588104,0.29,0.226,3.31807413364e-10,"5","SIGIRR"
2.43841834346427e-14,0.841997969757108,0.303,0.243,1.09914145249995e-09,"5","TALDO1"
3.67342804863402e-14,0.505424489188727,0.361,0.292,1.65583442720227e-09,"5","HSPA5"
2.39001876460796e-12,0.503194282536692,0.474,0.432,1.07732485833468e-07,"5","NDUFC2"
2.89079771757937e-12,0.693825165176552,0.326,0.27,1.30305597917608e-07,"5","SCP2"
3.20264345993692e-12,0.727249069720379,0.323,0.269,1.44362356600117e-07,"5","GNAI2"
9.74654620288735e-12,0.599022534295613,0.39,0.342,4.3933531664135e-07,"5","ATP5C1"
1.33495786084788e-11,0.804598195644987,0.273,0.219,6.01745605355789e-07,"5","S100A16"
3.84566705726351e-11,0.850214884963905,0.267,0.215,1.7334728827321e-06,"5","RBMS1"
5.63552162591838e-11,0.708720644145151,0.298,0.247,2.54026772809897e-06,"5","TLN1"
5.9787081057585e-11,0.570327717095549,0.418,0.379,2.6949624657517e-06,"5","RHOC"
6.34466791250326e-11,0.725683522531154,0.301,0.251,2.85992250823997e-06,"5","NFE2L2"
5.32196356185213e-10,0.617322121737301,0.366,0.326,2.39892829514046e-05,"5","WASF2"
5.58925265784978e-10,0.712311116534892,0.257,0.208,2.51941152805237e-05,"5","EMC7"
3.82839418849013e-09,0.616600617921207,0.328,0.289,0.000172568696440381,"5","SEPT2"
5.04888392630519e-09,0.57541713967702,0.367,0.327,0.000227583491862133,"5","TNRC6B"
5.57092610508429e-09,0.645155795341627,0.339,0.302,0.000251115065112779,"5","TBCB"
8.75312412002883e-09,0.788971774335372,0.283,0.243,0.00039455582283442,"5","BBX"
9.68377708543192e-09,0.557816284410732,0.468,0.45,0.000436505935902929,"5","DDX17"
2.58968858027208e-08,0.649648914148628,0.296,0.256,0.00116732802444344,"5","DHRS7"
3.31997704913104e-08,0.598206113359022,0.324,0.288,0.00149651285466631,"5","POLR2F"
7.2432239063461e-08,0.654812196854596,0.316,0.28,0.00326495560802457,"5","NSA2"
1.61110127595057e-07,0.551297498575914,0.36,0.33,0.00726220011147479,"5","SELENOS"
2.40224876932238e-07,0.593180381889113,0.292,0.256,0.0108283765525975,"5","CTSD"
4.92352436509454e-07,0.552668936179025,0.284,0.248,0.0221932784281002,"5","GTF2H5"
7.73429709279701e-07,0.592276256179597,0.261,0.223,0.0348631175754918,"5","BRI3"
7.21043915955957e-06,0.666338527849677,0.255,0.228,0.325017755556307,"5","GINM1"
1.69764457194807e-05,0.528064979661924,0.302,0.277,0.765230267251312,"5","TOMM20"
2.14765119534311e-05,0.567051496724948,0.288,0.263,0.968075252812861,"5","DDAH2"
3.81307596671458e-05,0.533032131995978,0.351,0.336,1,"5","SERPINB6"
4.2282682892576e-05,0.562240841306765,0.256,0.228,1,"5","FNTA"
8.45102281878452e-05,0.522517759531717,0.251,0.226,1,"5","ADH5"
0.000102925303179231,0.687012862250147,0.251,0.228,1,"5","EIF2AK2"
0.000251896733018855,0.599734876013671,0.29,0.276,1,"5","ZBTB20"
0.00178152235048148,0.533912315989707,0.333,0.326,1,"5","NES"
0.00430207267952026,0.507019904042083,0.3,0.294,1,"5","NFIC"
0,12.4897417851938,0.996,0.003,0,"6","IFNG"
0,13.4780300974028,0.994,0.002,0,"6","IL17A"
0,14.4385246937819,0.97,0.001,0,"6","CSF2"
0,13.3039159942369,0.948,0.001,0,"6","IL2"
0,9.80045266437378,0.913,0.004,0,"6","GZMB"
0,7.72947089043711,0.947,0.042,0,"6","CCL4"
0,6.33727643982429,0.93,0.043,0,"6","CCL3"
0,11.8130737509266,0.822,0.001,0,"6","CCL20"
0,8.43398612879895,0.77,0.009,0,"6","TNF"
0,15.9376199271818,0.727,0,0,"6","IL22"
0,10.2999098589911,0.722,0.001,0,"6","CD40LG"
0,6.53042847251441,0.713,0.019,0,"6","CXCL8"
0,2.91675484940322,0.891,0.244,0,"6","RGCC"
0,4.94932268625899,0.7,0.064,0,"6","IL32"
0,3.66966649254933,0.913,0.305,0,"6","SRGN"
0,3.81792555783125,0.762,0.179,0,"6","FABP5"
0,4.22316702680889,0.725,0.151,0,"6","PIM3"
0,6.69667589453162,0.567,0.009,0,"6","LTB"
0,4.64540808069807,0.621,0.064,0,"6","CD44"
0,7.93963643500715,0.545,0.008,0,"6","MIR155HG"
0,16.83774212051,0.528,0,0,"6","IL3"
0,6.00440180268447,0.527,0.01,0,"6","GZMA"
0,2.53055125607162,0.81,0.3,0,"6","S100A4"
0,5.87584013066191,0.521,0.016,0,"6","DUSP2"
0,3.89767183801063,0.637,0.138,0,"6","IER3"
0,6.51325611346896,0.503,0.007,0,"6","CD2"
0,3.56581885957096,0.768,0.273,0,"6","PGAM1"
0,5.48295729357381,0.531,0.048,0,"6","TNFRSF4"
0,6.13307037152319,0.491,0.011,0,"6","TRAC"
0,11.9952098761217,0.477,0.001,0,"6","IL13"
0,10.2935436503955,0.472,0.001,0,"6","LINC00892"
0,4.2747094833968,0.536,0.066,0,"6","PHLDA1"
0,4.07713465200886,0.586,0.118,0,"6","CYTOR"
0,4.22534961790704,0.57,0.102,0,"6","NAMPT"
0,4.29692432985166,0.493,0.045,0,"6","CD52"
0,5.43114697323731,0.475,0.033,0,"6","DUSP4"
0,13.4219732742649,0.424,0,0,"6","CCL1"
0,3.08996747790999,0.826,0.404,0,"6","RAN"
0,5.36074145544167,0.441,0.021,0,"6","CCL4L2"
0,4.95200645027747,0.474,0.057,0,"6","ODC1"
0,3.65380388824151,0.515,0.1,0,"6","FAM107B"
0,5.73698204622871,0.424,0.01,0,"6","CD3D"
0,8.27575297378309,0.403,0.003,0,"6","IL2RA"
0,6.92046600983252,0.41,0.01,0,"6","POU2F2"
0,11.6063468995632,0.398,0,0,"6","ZBED2"
0,9.19064232915663,0.396,0.001,0,"6","TNFSF14"
0,4.6294856725135,0.399,0.011,0,"6","NKG7"
0,2.78521253823986,0.698,0.321,0,"6","PKM"
0,3.95474162607725,0.457,0.085,0,"6","CD82"
0,3.57582156539799,0.439,0.068,0,"6","RGS16"
0,2.48376106168637,0.771,0.403,0,"6","ENO1"
0,9.5148001012581,0.366,0.001,0,"6","SH2D2A"
0,4.17200199324566,0.434,0.07,0,"6","INSIG1"
0,8.16358413872511,0.36,0.003,0,"6","SLC7A5"
0,13.2925776946641,0.354,0,0,"6","IL17F"
0,3.34061367227187,0.516,0.162,0,"6","NINJ1"
0,5.59068944080503,0.372,0.02,0,"6","TNFRSF18"
0,3.5471694945817,0.432,0.08,0,"6","RGS10"
0,4.1538795098878,0.387,0.046,0,"6","CLEC2D"
0,10.0431795495855,0.337,0.001,0,"6","IL23A"
0,5.71900736025956,0.341,0.008,0,"6","TRBC2"
0,3.86585100006429,0.353,0.022,0,"6","CCL5"
0,6.13264273949214,0.335,0.009,0,"6","CD48"
0,3.43433643965037,0.413,0.099,0,"6","CREM"
0,5.00147735516242,0.337,0.031,0,"6","BIRC3"
0,12.8629371625638,0.305,0,0,"6","IL4"
0,4.37534920895756,0.354,0.052,0,"6","CSF1"
0,10.0881569353346,0.303,0.001,0,"6","SLAMF1"
0,6.09010874863728,0.311,0.01,0,"6","PTPN7"
0,15.1843831244257,0.299,0,0,"6","IL21"
0,5.52562567680047,0.32,0.021,0,"6","NFKBID"
0,4.71396339872572,0.332,0.037,0,"6","MAPKAPK2"
0,4.14635284851217,0.355,0.061,0,"6","HSPH1"
0,11.536232086236,0.293,0,0,"6","LTA"
0,6.00597692881163,0.29,0.005,0,"6","CD3E"
0,2.04504535222049,0.827,0.547,0,"6","RPSA"
0,4.69820975284235,0.316,0.043,0,"6","DUSP5"
0,5.7748846916939,0.274,0.005,0,"6","TRBC1"
0,5.94455651651227,0.276,0.007,0,"6","IL2RG"
0,2.11626330747586,0.783,0.515,0,"6","NPM1"
0,5.91306604114757,0.277,0.009,0,"6","SLA"
0,4.88262619557737,0.288,0.022,0,"6","TNFAIP8"
0,4.45559227330144,0.309,0.045,0,"6","REL"
0,8.46925095923178,0.261,0.001,0,"6","GPR171"
0,5.32348636721253,0.265,0.011,0,"6","PCED1B-AS1"
0,4.16330085516701,0.302,0.05,0,"6","HOPX"
0,1.95441679160828,0.87,0.618,0,"6","RPLP0"
0,8.8599007727639,0.251,0.001,0,"6","IRF4"
0,5.02576742777777,0.265,0.017,0,"6","MTHFD2"
0,1.88168450840716,0.9,0.658,0,"6","HSP90AB1"
0,4.56894703122268,0.262,0.029,0,"6","SIAH2"
0,3.73961377501343,0.252,0.023,0,"6","PTPRC"
0,1.79954561766018,0.953,0.746,0,"6","GAPDH"
0,1.92619852428296,1,0.831,0,"6","MT-RNR1"
0,1.82850540739017,0.987,0.819,0,"6","TPT1"
0,1.19998956739041,0.993,0.903,0,"6","EEF1A1"
0,1.26375222115797,1,0.949,0,"6","MT-RNR2"
0,1.20772317407232,0.998,0.969,0,"6","MT-CO3"
9.21926495139766e-321,2.15925905094422,0.748,0.47,4.15567586949201e-316,"6","EEF1B2"
9.03540941281066e-305,3.65264384765182,0.369,0.085,4.07280114691853e-300,"6","MIR4435-2HG"
4.53560503981339e-294,3.61397545901578,0.351,0.079,2.04446932774628e-289,"6","SRM"
1.59431719823832e-284,1.21908005849604,0.892,0.765,7.18654420277904e-280,"6","RPS16"
1.83620025151306e-278,3.77439273334495,0.291,0.055,8.27685625372029e-274,"6","ABRACL"
2.43142008766715e-275,1.81152726363853,0.766,0.524,1.09598691871684e-270,"6","CALM1"
3.1644616294608e-273,2.06571960239707,0.75,0.5,1.42641272409575e-268,"6","NCL"
4.07780759762965e-273,4.09574459467367,0.297,0.06,1.83811255270754e-268,"6","PLK3"
4.99330771102209e-271,2.57910700373917,0.6,0.276,2.25078338382032e-266,"6","HSPA5"
2.29627306086472e-264,0.79401019885437,0.994,0.942,1.03506804491538e-259,"6","MT-CO2"
7.12240503211589e-260,3.82843326364115,0.262,0.047,3.21049529227656e-255,"6","JARID2"
7.17531547650028e-252,3.34550525957205,0.398,0.119,3.23434520418727e-247,"6","NME1"
2.05784571274127e-250,0.861816720374302,0.969,0.9,9.27594533475253e-246,"6","RPS12"
4.08973106314816e-247,0.758459880147582,0.994,0.952,1.84348717402467e-242,"6","MT-CO1"
7.36940816906056e-239,3.33994227150094,0.316,0.075,3.32183442628574e-234,"6","MYC"
9.17931211472319e-236,1.71871816176164,0.744,0.512,4.13766672883262e-231,"6","RPL4"
2.87079082401265e-227,1.57623543421117,0.799,0.651,1.29403767183194e-222,"6","PRDX1"
2.92904253447219e-220,1.04618812683293,0.884,0.796,1.32029521283869e-215,"6","RPL18"
7.26688207512739e-219,3.81344915258815,0.268,0.059,3.27561976418442e-214,"6","NOLC1"
2.36527557192568e-216,0.726612163860363,0.987,0.909,1.06617161680122e-211,"6","MT-ATP6"
4.94406956059845e-212,2.74226964187716,0.48,0.204,2.22858879513536e-207,"6","DDX21"
2.94773444826985e-211,3.52748676831189,0.301,0.077,1.32872077990212e-206,"6","GTPBP4"
1.46630309627131e-210,0.896279391556657,0.919,0.865,6.60950783675256e-206,"6","EIF1"
9.05648981845594e-204,2.02103691819348,0.651,0.42,4.0823033505672e-199,"6","LDHA"
1.61392485622849e-199,3.0509647752801,0.375,0.126,7.27492768193554e-195,"6","FYN"
2.49241541589202e-193,3.48437615530872,0.267,0.065,1.12348117286749e-188,"6","UBE2S"
2.39995803555253e-181,0.951138173716829,0.877,0.805,1.08180508410566e-176,"6","RPL29"
4.12436514240112e-173,3.55291531046013,0.269,0.072,1.85909883158873e-168,"6","GADD45A"
5.59074979256254e-172,3.1017497139474,0.286,0.081,2.52008637649549e-167,"6","AGO2"
9.87082004017546e-169,2.71001248778687,0.411,0.17,4.44937084130949e-164,"6","PPP1R2"
8.4309220984289e-168,2.52107826261702,0.454,0.21,3.80032244508781e-163,"6","CFLAR"
5.16466439653512e-159,2.82022898622402,0.31,0.1,2.32802412338217e-154,"6","COTL1"
7.73273236118644e-155,0.760266078655619,0.928,0.854,3.4856064391284e-150,"6","RPS2"
2.50396747029475e-147,2.26344254690392,0.488,0.266,1.12868837691006e-142,"6","CYCS"
6.37796324813978e-143,0.878286210872453,0.861,0.766,2.87493071373149e-138,"6","RPL7A"
1.15442582411658e-135,2.24448516302001,0.454,0.237,5.20368984478789e-131,"6","LRRFIP1"
2.10966973782421e-134,2.34601889165602,0.461,0.251,9.50954731021641e-130,"6","HSPD1"
1.0985066699827e-133,0.628244946020932,0.953,0.864,4.95162866561401e-129,"6","MT-ND1"
3.90063878022961e-132,3.18498586820513,0.254,0.079,1.7582519365763e-127,"6","TUBA1C"
6.51711349759357e-132,2.6490721919624,0.326,0.126,2.93765408017528e-127,"6","CDV3"
2.21364841162688e-129,0.70219357010583,0.914,0.867,9.97824158024933e-125,"6","RPS3"
1.04308638896857e-125,2.62061525780906,0.314,0.12,4.70181620691471e-121,"6","RNF19A"
2.5134590236304e-120,1.45172019572232,0.637,0.516,1.13296678949164e-115,"6","SEC61B"
3.09448749459491e-120,0.613573230867454,0.928,0.883,1.3948711830636e-115,"6","RPL19"
1.66104229141655e-117,0.733133400849308,0.871,0.807,7.48731423278923e-113,"6","RPS7"
7.21380218043494e-116,1.55916140523496,0.561,0.39,3.25169347085286e-111,"6","NFKBIA"
1.61168388480108e-113,2.46974679593268,0.328,0.138,7.26482627912936e-109,"6","CD200"
5.16287758349254e-113,2.25490709012744,0.447,0.262,2.3272186995351e-108,"6","SLC3A2"
1.97285935160639e-112,0.783086043710941,0.831,0.795,8.89286081330096e-108,"6","RPL14"
7.73081689123391e-112,1.99152902079591,0.491,0.313,3.4847430218926e-107,"6","SH3BGRL3"
6.05084040808321e-110,1.22330970694513,0.682,0.623,2.72747682234759e-105,"6","RPL36AL"
1.35940840653286e-108,0.541942046687284,0.947,0.897,6.12766933328752e-104,"6","RPS23"
2.91210014762634e-107,2.50027872660461,0.287,0.112,1.31265826254405e-102,"6","MAT2A"
1.28169251029263e-105,2.67908636687786,0.319,0.141,5.77735715939504e-101,"6","HNRNPAB"
1.59492393380137e-104,2.65936215214394,0.29,0.117,7.18927912400305e-100,"6","GSPT1"
1.15907575882843e-103,1.60486980393903,0.569,0.44,5.22464989049505e-99,"6","TXN"
1.02861549974367e-100,2.81929380514496,0.256,0.096,4.63658722664457e-96,"6","CD55"
2.21604194115325e-100,1.60065595060914,0.56,0.427,9.98903065394239e-96,"6","SERBP1"
4.88969252956933e-100,2.21128688231052,0.375,0.192,2.20407780462867e-95,"6","EIF3A"
3.01325986377493e-99,0.72808652424822,0.833,0.784,1.35825701619519e-94,"6","MT-ND5"
3.29955063459375e-98,0.545508721983741,0.909,0.86,1.48730544404948e-93,"6","RPS19"
9.6142090197974e-98,1.12657248887063,0.576,0.381,4.33370085776388e-93,"6","JUND"
1.62555969366312e-96,0.964953571585458,0.695,0.574,7.32737287515587e-92,"6","MT2A"
3.97480146563986e-96,0.589412080315488,0.904,0.857,1.79168150865182e-91,"6","RPL8"
6.66013543602075e-91,2.72080625605035,0.259,0.105,3.00212264914071e-86,"6","ZNF593"
3.83148682954396e-90,1.30507222027512,0.651,0.571,1.72708100328524e-85,"6","TIMP1"
4.89419672905478e-89,0.80130374899864,0.779,0.725,2.20610811758873e-84,"6","RACK1"
1.57913830974182e-88,1.04153295565164,0.677,0.581,7.1181238449922e-84,"6","YBX1"
7.94404723505659e-88,2.26878341976157,0.445,0.295,3.58085873167411e-83,"6","HIST1H4C"
1.46160281698297e-86,0.544534778306128,0.895,0.868,6.58832085783243e-82,"6","RPL28"
1.88007671976116e-86,0.579090073023499,0.875,0.85,8.4746338219954e-82,"6","RPL18A"
1.68875482201818e-81,1.12051047119432,0.655,0.601,7.61223123572916e-77,"6","PFN1"
5.56074479221888e-81,1.89635218214973,0.43,0.275,2.50656132254058e-76,"6","SFPQ"
1.38245668895655e-80,1.34835039917628,0.556,0.432,6.23156177114053e-76,"6","EEF2"
1.90265451068264e-75,2.30143349424795,0.334,0.183,8.57640547235308e-71,"6","NOP56"
2.31903107777791e-75,1.62352684558671,0.482,0.349,1.04532644861917e-70,"6","SRSF7"
3.34259920537496e-75,2.05039726084913,0.378,0.227,1.50671001781482e-70,"6","RBPJ"
3.15492881781554e-70,0.883621965196071,0.689,0.659,1.42211571391853e-65,"6","BTF3"
1.54330611845668e-69,2.33142658488689,0.256,0.117,6.95660665955532e-65,"6","MDFIC"
1.20968423623091e-67,2.30429560559172,0.312,0.171,5.45277266323443e-63,"6","RILPL2"
7.54040286041336e-67,2.15124449085545,0.358,0.22,3.39891199335992e-62,"6","TOP1"
4.55735114569289e-66,1.56313475145076,0.386,0.233,2.05427160243253e-61,"6","FXYD5"
9.3630858846764e-62,1.19468808701377,0.539,0.435,4.22050459337673e-57,"6","GNAS"
2.6850157285858e-59,0.615640500521107,0.777,0.758,1.21029768981734e-54,"6","NACA"
2.32043610385054e-58,1.93079706168468,0.379,0.258,1.04595977817167e-53,"6","C1QBP"
3.90980817648767e-53,1.91736448499471,0.362,0.247,1.76238513363358e-48,"6","SNRPB"
1.67249877017431e-52,2.10105006395432,0.303,0.182,7.5389554564377e-48,"6","RPL22L1"
4.7677866631178e-48,1.77836835258482,0.341,0.226,2.14912751626698e-43,"6","ATP1B3"
2.48500135882342e-47,1.61772624642504,0.422,0.333,1.12013921250324e-42,"6","PGK1"
4.67141328896535e-47,0.606642964438812,0.747,0.747,2.10568625413402e-42,"6","RPS5"
5.37587808250836e-47,2.03831887996576,0.296,0.181,2.42323080447147e-42,"6","MSN"
8.43985714393213e-47,1.30467521686373,0.482,0.412,3.80435000619885e-42,"6","HNRNPC"
2.60128173519089e-46,2.18354578314697,0.259,0.147,1.17255375495465e-41,"6","SDF2L1"
3.34148485664213e-46,1.65436502033642,0.376,0.269,1.50620771398e-41,"6","GBP2"
1.38924228666116e-45,1.47929194842173,0.405,0.301,6.26214853135385e-41,"6","RAP1B"
1.38615697907901e-44,0.917925692727663,0.604,0.6,6.24824119889654e-40,"6","CHCHD2"
3.88820800943781e-42,1.69655851453477,0.376,0.284,1.75264864233419e-37,"6","SNRPD1"
1.07731175151337e-39,1.29799148362151,0.44,0.357,4.85609045112168e-35,"6","PPA1"
4.02373693303673e-39,0.651915780280034,0.69,0.675,1.81373965993564e-34,"6","HSP90AA1"
5.68492971447838e-39,1.25753031027455,0.467,0.412,2.56253891809828e-34,"6","RBM8A"
8.9205505546403e-39,1.11465648335542,0.516,0.485,4.02102736800966e-34,"6","SUB1"
1.21912917576026e-38,2.1758498660694,0.264,0.166,5.49534667265695e-34,"6","CCT2"
7.48852286314249e-38,1.49780578426938,0.36,0.263,3.37552656579011e-33,"6","BZW1"
1.87979836088047e-37,1.88057311021867,0.264,0.164,8.47337909150482e-33,"6","WDR1"
4.82148289026113e-35,0.768120973485357,0.61,0.639,2.17333162761411e-30,"6","HINT1"
1.94556596209074e-34,0.995241993839391,0.548,0.541,8.76983313072023e-30,"6","SOD1"
2.01313168008459e-32,0.892759854993824,0.572,0.578,9.07439236114931e-28,"6","HNRNPA2B1"
1.49711746299729e-31,1.29588741601246,0.291,0.192,6.74840667620659e-27,"6","BTG2"
3.84122253485659e-31,1.39289189185748,0.42,0.37,1.73146946981196e-26,"6","HSPA8"
8.68382655692422e-30,1.28042998669471,0.405,0.346,3.91432165879916e-25,"6","SERP1"
1.26644661023205e-25,1.28204437148706,0.398,0.35,5.708634740282e-21,"6","EIF5"
2.15403096303286e-25,1.00916883324716,0.44,0.392,9.70950996896693e-21,"6","EMP3"
1.09571379410656e-23,1.17644311607707,0.314,0.233,4.93903949831471e-19,"6","ARHGDIB"
4.2118484829788e-22,1.46686961734338,0.304,0.24,1.89853282218752e-17,"6","EIF5A"
6.61480721944969e-21,1.51868187709418,0.306,0.25,2.98169050223914e-16,"6","ANP32B"
3.38548700684555e-19,1.40423145021632,0.337,0.291,1.5260421232057e-14,"6","RSL1D1"
9.66355632348293e-19,1.49598264144973,0.281,0.223,4.35594464837317e-14,"6","CTSC"
4.82129910806717e-18,0.875638187101528,0.459,0.448,2.17324878595236e-13,"6","NAP1L1"
8.58328980604177e-18,0.623592419474379,0.547,0.556,3.86900371297139e-13,"6","BTG1"
1.85581057100315e-17,1.13689415428189,0.392,0.37,8.36525172985382e-13,"6","HSPE1"
3.03565695754271e-17,1.05014883924819,0.433,0.431,1.36835273018195e-12,"6","LDHB"
8.24284262859843e-17,0.977445735233387,0.447,0.455,3.71554374326703e-12,"6","H2AFZ"
3.70676359189389e-16,0.847773161676351,0.467,0.481,1.67086075668209e-11,"6","SLC25A6"
8.451882190949e-16,1.53305688987255,0.271,0.224,3.80977041639217e-11,"6","CCT3"
2.57789609790263e-15,0.820729720763066,0.468,0.485,1.16201244509059e-10,"6","ARPC2"
5.14880804531881e-15,1.34568958577636,0.308,0.27,2.32087671450791e-10,"6","ZC3H15"
3.74388416078895e-14,1.48403611392827,0.282,0.241,1.68759322431723e-09,"6","SLC25A5"
1.06465262266855e-13,1.44844172183175,0.292,0.257,4.79902816194078e-09,"6","COX5A"
4.41211684924424e-13,1.32802414025311,0.287,0.25,1.98880579096534e-08,"6","HNRNPF"
4.96057673788519e-13,1.06339622723806,0.387,0.39,2.23602957036913e-08,"6","UQCRH"
4.4409691628029e-11,1.34693918527408,0.28,0.25,2.00181125982503e-06,"6","TIMM13"
7.50759445738227e-11,0.596287825809236,0.517,0.568,3.38412327760963e-06,"6","OAZ1"
7.68451881448188e-11,0.632574052342529,0.521,0.573,3.46387370081585e-06,"6","PPIA"
1.1001340163623e-10,0.9871947396954,0.387,0.399,4.95896409215469e-06,"6","ATP5G3"
2.26168960438954e-10,1.0932263121301,0.323,0.305,1.01947920607463e-05,"6","ZNF706"
6.36314565180495e-10,0.559727715485927,0.441,0.438,2.8682515340076e-05,"6","PABPC1"
1.72845027810953e-09,1.17310944931449,0.298,0.28,7.79116247360651e-05,"6","APRT"
1.49880720894781e-08,1.00135812038616,0.374,0.396,0.000675602337505315,"6","SNU13"
2.38727662178014e-08,0.903358172969552,0.381,0.397,0.00107608881003362,"6","UBE2D3"
1.01952893638466e-07,1.03191958430526,0.333,0.336,0.00459562863364748,"6","RANBP1"
3.5653047823912e-07,1.18137967092053,0.251,0.231,0.0160709678371066,"6","BCLAF1"
1.04003551317007e-06,0.577906173668172,0.412,0.424,0.0468806407916539,"6","SET"
1.41973815104816e-06,1.15093047463897,0.298,0.3,0.0639961168966469,"6","PSMD8"
1.63678295284694e-06,0.544328334965753,0.301,0.271,0.0737796283825286,"6","ZEB2"
1.79668682800933e-06,1.12854063174222,0.262,0.249,0.0809874554593486,"6","EIF3J"
3.4035471869337e-06,1.18986049607586,0.269,0.261,0.153418292998223,"6","REXO2"
7.91794093593723e-06,1.04325365950138,0.294,0.296,0.356909105628307,"6","TPM3"
1.3105868138638e-05,0.526634650968985,0.475,0.523,0.590760112217246,"6","TPI1"
1.91000847977938e-05,1.05751751496845,0.305,0.315,0.860955422345354,"6","FAM96B"
2.03015019632322e-05,0.924250031745377,0.36,0.392,0.915110502494656,"6","ARPC3"
3.77706039192047e-05,0.52611591692537,0.198,0.288,1,"6","UBE2D2"
3.80453169594972e-05,1.10468381084509,0.293,0.302,1,"6","PFDN2"
8.7496861364018e-05,0.50248362256166,0.487,0.547,1,"6","ALDOA"
0.00010849928242859,0.536443741241112,0.202,0.291,1,"6","NOL7"
0.000180510708079859,0.640074359473275,0.19,0.272,1,"6","SNRPD3"
0.000212849796756473,0.548415999493049,0.191,0.271,1,"6","PSMB2"
0.000267331877251877,0.837007878044158,0.345,0.376,1,"6","CALR"
0.000569475113412069,0.608800057745639,0.429,0.498,1,"6","SEC61G"
0.000899796817604563,0.503985033030045,0.236,0.331,1,"6","EIF3F"
0.00103200227981773,0.817476064822089,0.344,0.379,1,"6","ANXA5"
0.00107112121239748,1.01803989615763,0.297,0.32,1,"6","PRRC2C"
0.00134362044977988,0.658865953597881,0.204,0.285,1,"6","TUFM"
0.00309332649233533,0.737168493739384,0.341,0.377,1,"6","TAGLN2"
0.00310134931333468,0.596666479049427,0.238,0.331,1,"6","NDUFAB1"
0.00412135477761046,1.00505728909601,0.254,0.267,1,"6","PDCD5"
0.00513492885794806,0.751116279461416,0.196,0.267,1,"6","UBE2L3"
0.00601275979677942,0.576351087995975,0.229,0.312,1,"6","NDUFS6"
0.00826598433603176,0.598341736141452,0.21,0.283,1,"6","SRSF9"
0.00847578372496233,0.806208419338556,0.337,0.382,1,"6","RBM3"
0,4.70755084880423,0.951,0.173,0,"7","TAGLN"
0,4.34330384594279,0.884,0.146,0,"7","ACTA2"
0,3.859255675065,0.762,0.127,0,"7","FRZB"
0,4.74430443301042,0.675,0.052,0,"7","SOD3"
0,2.75769910981742,0.905,0.297,0,"7","RGS5"
0,3.2486846255405,0.763,0.155,0,"7","NDUFA4L2"
0,4.77990563072083,0.658,0.062,0,"7","MYH11"
0,3.09894708519848,0.776,0.265,0,"7","CRIP1"
0,6.13412419135496,0.519,0.014,0,"7","RERGL"
0,3.9360988871524,0.561,0.073,0,"7","PGF"
0,2.38759544099118,0.734,0.259,0,"7","MAP1B"
0,3.00443749141062,0.762,0.307,0,"7","TPM2"
0,1.98899017790867,0.951,0.521,0,"7","IGFBP7"
0,2.94550574749061,0.875,0.459,0,"7","MYL9"
0,2.49465702233068,0.67,0.257,0,"7","MGP"
0,4.26101132217022,0.451,0.039,0,"7","CDH6"
0,2.7981112509713,0.572,0.162,0,"7","TINAGL1"
0,2.66882397875906,0.566,0.158,0,"7","PLAC9"
0,2.97934218144296,0.526,0.127,0,"7","PPP1R14A"
0,4.5004574820789,0.426,0.035,0,"7","RCAN2"
0,2.22544806697765,0.926,0.561,0,"7","JUNB"
0,3.21399803577273,0.445,0.098,0,"7","MCAM"
0,1.95287714024651,0.926,0.581,0,"7","FOS"
0,1.96341819776119,0.89,0.55,0,"7","JUN"
0,3.49037460536102,0.383,0.064,0,"7","GPRC5C"
0,3.81096482563349,0.339,0.034,0,"7","EFHD1"
0,3.11388135904507,0.985,0.694,0,"7","DSTN"
0,4.02449201176552,0.32,0.038,0,"7","PHLDA2"
0,1.83508571953315,0.911,0.642,0,"7","CALD1"
0,4.41627072273534,0.289,0.02,0,"7","LMOD1"
0,3.12691731448959,0.305,0.042,0,"7","GUCY1A3"
0,2.4132086374206,0.986,0.761,0,"7","ADIRF"
3.19581422355952e-319,2.98173168121966,0.464,0.121,1.44054521941169e-314,"7","FILIP1"
8.99719475121074e-290,2.85269274448932,0.453,0.126,4.05557550605575e-285,"7","MYLK"
2.22164762591642e-287,1.04695561217707,0.977,0.87,1.00142988385809e-282,"7","PTMA"
6.58564149898535e-271,2.5721185367582,0.459,0.133,2.96854376208264e-266,"7","KANK2"
3.5127841996987e-261,2.52661939947063,0.511,0.176,1.58342260585619e-256,"7","MFGE8"
8.73525645168844e-258,1.12010652638743,0.911,0.846,3.93750419816308e-253,"7","MYL6"
8.75917397977494e-253,2.47609896015389,0.428,0.12,3.94828526312335e-248,"7","KRT18"
1.96245496633642e-238,1.93774328378625,0.658,0.311,8.84596200625805e-234,"7","S100A4"
2.08672123631257e-238,2.7391309551251,0.421,0.125,9.40610464480252e-234,"7","MAP3K20"
6.06373712206759e-237,0.83956520443033,0.988,0.952,2.73329014514319e-232,"7","RPS27"
5.67273885490666e-236,2.66082520762064,0.335,0.077,2.55704376623773e-231,"7","CARMN"
3.0541905325861e-231,2.38870271354812,0.299,0.061,1.37670692446851e-226,"7","COL14A1"
1.91662932786737e-227,2.27482215344799,0.411,0.118,8.63939835829496e-223,"7","NOTCH3"
8.90703071038848e-227,2.15483887667274,0.529,0.201,4.01493316301471e-222,"7","NR2F2"
3.40922034424528e-225,2.72608323640083,0.338,0.083,1.536740162372e-220,"7","CSRP2"
1.54475331348166e-222,2.39977645101708,0.263,0.049,6.96313003584995e-218,"7","MNDA"
6.65828449752345e-209,2.21631480848616,0.569,0.253,3.00128832010367e-204,"7","SORBS2"
9.39986935971639e-205,2.80401871320416,0.274,0.059,4.23708511258576e-200,"7","PPP1R12B"
6.02576944535692e-191,0.556910282988165,1,0.999,2.71617583518908e-186,"7","MALAT1"
3.26932910267289e-182,1.9320271184971,0.479,0.186,1.47368278632083e-177,"7","COX4I2"
4.18359055189075e-179,1.79628778375308,0.629,0.327,1.88579527717027e-174,"7","ZFP36"
5.48476138039572e-177,2.62147638524671,0.309,0.084,2.47231103982717e-172,"7","LBH"
3.43077075298905e-173,1.62103040950091,0.765,0.507,1.54645422461734e-168,"7","IER2"
1.44920767810208e-169,2.16215079936319,0.548,0.263,6.53244852981292e-165,"7","EGR1"
2.70805684738294e-165,2.58667153805732,0.444,0.183,1.22068370452633e-160,"7","BTG2"
5.42939120624396e-162,2.14901531125779,0.406,0.148,2.44735238012653e-157,"7","FILIP1L"
6.29004652525271e-159,2.42008324137505,0.325,0.099,2.83530137172291e-154,"7","SYNPO2"
4.64198010324719e-154,1.30441951435383,0.67,0.373,2.0924189513397e-149,"7","CAV1"
7.14607842121239e-153,1.37367494974942,0.358,0.111,3.2211663091457e-148,"7","LGI4"
7.54408109618767e-152,2.32653950896788,0.364,0.126,3.40056999491755e-147,"7","TBX2-AS1"
1.22719679712842e-149,1.7332767596955,0.56,0.295,5.53171228273604e-145,"7","CAVIN1"
5.40580146056144e-146,1.88617470814263,0.413,0.156,2.43671906636267e-141,"7","AXL"
2.04680790938321e-145,2.55213837205849,0.322,0.106,9.22619133233576e-141,"7","PCSK7"
1.30921356566949e-141,0.652036907663446,0.981,0.924,5.90141106861178e-137,"7","RPL21"
1.15447865817449e-140,1.8708401279108,0.452,0.197,5.20392799958735e-136,"7","COL18A1"
1.03057723532341e-139,2.30566264561806,0.311,0.1,4.6454299459438e-135,"7","MT1L"
3.1954957153139e-136,0.754346156608547,0.921,0.821,1.44040164863489e-131,"7","CALM2"
1.8515533630994e-135,2.77044597763037,0.292,0.094,8.34606193950685e-131,"7","TOB1"
4.09969567386548e-133,1.76795906889276,0.54,0.285,1.8479788219516e-128,"7","HES4"
1.49695739570266e-132,2.01133326705044,0.475,0.233,6.74768515686929e-128,"7","CAV2"
2.1036083545259e-125,0.566669047020035,0.984,0.953,9.48222501886096e-121,"7","MT-CO1"
7.42044083375785e-121,2.35329589174313,0.263,0.08,3.34483791022469e-116,"7","RGS16"
1.15472835833535e-120,1.90316149753828,0.484,0.255,5.2050535480324e-116,"7","PPP1R15A"
3.58733317633426e-118,1.8587490968935,0.428,0.202,1.61702630256443e-113,"7","CSRP1"
1.9790062917812e-117,1.59706568942947,0.483,0.241,8.92056876083292e-113,"7","EPAS1"
2.99782881160734e-117,1.61027997156992,0.558,0.329,1.35130131512012e-112,"7","SH3BGRL"
6.440549732745e-117,2.27842675834948,0.283,0.095,2.90314219753214e-112,"7","SDC2"
6.13448425929711e-114,1.82841612087706,0.403,0.179,2.76518012472077e-109,"7","EBF1"
3.9536133936661e-113,1.80493858085689,0.44,0.217,1.78213077332893e-108,"7","BCAM"
7.02665921177685e-113,2.45069066741961,0.269,0.091,3.16733690630053e-108,"7","MAP7D3"
1.57573840672323e-105,2.34216292301114,0.281,0.101,7.10279844214563e-101,"7","ATF3"
8.47500906707195e-100,1.75147184471336,0.474,0.273,3.82019508707335e-95,"7","CAVIN3"
9.02669324353943e-100,1.39893746862138,0.512,0.288,4.06887224645783e-95,"7","CRIP2"
3.25953806133989e-94,1.32787825030878,0.416,0.202,1.46926937652957e-89,"7","BGN"
9.66231558702055e-94,1.91062868718714,0.369,0.177,4.35538537400538e-89,"7","HCFC1R1"
1.90964007865778e-93,1.88619422983184,0.41,0.213,8.6078936185578e-89,"7","LPP"
3.6816263057186e-93,1.01350061245284,0.705,0.535,1.65952987356571e-88,"7","TPM1"
1.05871655464168e-87,1.93351255124922,0.331,0.15,4.77227074170283e-83,"7","ZFHX3"
9.02615369192934e-84,0.534133700901728,0.912,0.823,4.06862903817407e-79,"7","LGALS1"
3.45263432672644e-83,1.93585967743881,0.369,0.186,1.55630944911521e-78,"7","CRIM1"
7.08524136346909e-81,1.50333125650922,0.397,0.206,3.19374339699733e-76,"7","FLNA"
2.01137657143941e-76,0.517284109275221,0.92,0.908,9.0664810334203e-72,"7","ACTB"
5.98419177011505e-75,1.02040566392716,0.684,0.547,2.69743428229706e-70,"7","BTG1"
6.34538822221139e-75,1.3901567562048,0.423,0.231,2.86024719504401e-70,"7","PDGFRB"
6.77697686746974e-75,1.62784224192894,0.397,0.22,3.05479009278066e-70,"7","PPP1R12A"
3.24145562528031e-73,1.55518533915386,0.427,0.252,1.46111853765135e-68,"7","ACTN4"
1.31542524871e-72,1.63903349787862,0.428,0.238,5.92941085108521e-68,"7","C11orf96"
7.9759445271644e-70,1.96705876803939,0.252,0.106,3.59523675506463e-65,"7","JAG1"
1.84761311384906e-69,1.31578143842385,0.556,0.388,8.32830087198601e-65,"7","PPP1CB"
2.49579942950885e-69,2.07809271710842,0.333,0.168,1.12500655084541e-64,"7","CYR61"
7.13504989125043e-68,1.05530241519583,0.662,0.541,3.21619508898004e-63,"7","HSPB1"
1.76632050966761e-67,0.874202552661136,0.703,0.577,7.96186632937771e-63,"7","CD9"
3.15382279881739e-67,1.16498231269917,0.525,0.35,1.42161716479493e-62,"7","FOSB"
2.38175750020883e-66,1.65732859089391,0.297,0.141,1.07360101079413e-61,"7","TGFB1I1"
3.6537600715996e-66,0.845357374692817,0.711,0.614,1.64696888987424e-61,"7","PPDPF"
3.99268622349969e-64,1.52503637381839,0.374,0.209,1.79974324210472e-59,"7","SNCG"
2.94777542364871e-63,2.02079427643167,0.256,0.116,1.32873924996389e-58,"7","PTP4A3"
1.75778077547397e-61,1.76903246378648,0.273,0.128,7.92337262352646e-57,"7","UBA2"
3.91933068155636e-60,0.532309978882125,0.857,0.81,1.76667749801834e-55,"7","RPL27A"
9.78544051074219e-55,1.47343664664181,0.417,0.273,4.41088516462215e-50,"7","OAZ2"
5.37105169358662e-53,1.58268719112085,0.354,0.208,2.42105526140111e-48,"7","CBX6"
1.01491708829761e-52,1.51717932393737,0.449,0.299,4.57484026721032e-48,"7","GADD45B"
1.2945516439537e-49,0.531690904781712,0.943,0.916,5.83532099028568e-45,"7","H3F3B"
6.22173182484023e-49,0.700635899347773,0.601,0.429,2.80450783736498e-44,"7","TSC22D1"
2.06756233168731e-48,1.28447347377521,0.425,0.296,9.31974396631371e-44,"7","CD151"
1.99707096034394e-47,1.29534112713617,0.36,0.213,9.00199706084637e-43,"7","MT1E"
3.91816137344804e-46,1.80389433389263,0.279,0.152,1.76615042069544e-41,"7","AC020916.1"
6.64669493779081e-45,1.43126510094801,0.324,0.19,2.99606421015859e-40,"7","SOCS3"
3.55190108274771e-44,1.35021389839662,0.348,0.212,1.60105493205936e-39,"7","PTEN"
3.96965067445498e-44,1.00502591728732,0.565,0.459,1.78935973801732e-39,"7","ANAPC16"
1.52043941090299e-43,1.13205091098565,0.381,0.243,6.85353268858631e-39,"7","EPS8"
2.98268889514275e-43,0.832177365270089,0.68,0.575,1.34447684637455e-38,"7","MT2A"
8.35015709482564e-41,1.45760680499811,0.316,0.192,3.7639168120636e-36,"7","ROCK1"
9.31759858877192e-40,0.824337082170909,0.613,0.548,4.20000073987483e-35,"7","SEPT7"
5.03047410659808e-39,0.767006994744622,0.623,0.524,2.26753650829015e-34,"7","ITGB1"
7.60924230002375e-38,0.793097202685066,0.454,0.308,3.4299420591587e-33,"7","MEF2C"
2.23618808937254e-35,1.39896256010778,0.257,0.146,1.00798414316557e-30,"7","PKIG"
3.42975341642469e-35,1.47756201856082,0.261,0.151,1.54599564998759e-30,"7","NR4A1"
1.56985716252051e-33,0.722117985623496,0.649,0.594,7.07628814577745e-29,"7","UQCRB"
2.50814555098e-32,0.515695787234806,0.757,0.715,1.13057168855975e-27,"7","PFDN5"
3.57249432493991e-31,0.98569810536427,0.346,0.231,1.61033754190991e-26,"7","ARHGDIB"
9.98956049754433e-31,1.34411862839677,0.257,0.153,4.50289428987308e-26,"7","PDLIM7"
1.04215694317303e-29,1.05763441408976,0.323,0.213,4.69762663704675e-25,"7","ISYNA1"
9.28050402211539e-29,0.946376904468678,0.468,0.374,4.18327999300873e-24,"7","YWHAQ"
1.49031050146916e-28,1.15217018244839,0.341,0.24,6.71772361642237e-24,"7","ILK"
1.91430112093711e-28,1.06770886686374,0.409,0.31,8.62890373273611e-24,"7","CAMTA1"
1.21505538112859e-25,1.14147797547931,0.364,0.268,5.47698363597523e-21,"7","ASAH1"
9.45258311949493e-25,0.708896505462608,0.567,0.504,4.26084636694353e-20,"7","VAMP2"
1.03874876993131e-24,0.99028692092361,0.433,0.347,4.68226395534237e-20,"7","COX7A1"
3.08802705926192e-24,0.579435074582544,0.603,0.51,1.3919590772329e-19,"7","RPL9P9"
7.47615743241785e-24,1.26781597275899,0.288,0.197,3.36995272423667e-19,"7","UTRN"
1.74904807396401e-22,0.677792492288973,0.572,0.53,7.88400909820018e-18,"7","COX6A1"
4.50185581998644e-22,1.24997768191847,0.281,0.195,2.02925652941709e-17,"7","CD46"
5.11984208972703e-22,0.939620582022787,0.283,0.189,2.30782002036536e-17,"7","COL6A2"
1.08943973482515e-21,0.707714235145745,0.561,0.512,4.91075854869785e-17,"7","GPX4"
1.94650401499272e-21,0.807382349225507,0.302,0.202,8.77406149798119e-17,"7","ESAM"
2.34539565998727e-21,0.962761698329111,0.425,0.35,1.05721054769586e-16,"7","ARPC5"
2.83226713004802e-21,1.10637719709988,0.27,0.182,1.27667273154044e-16,"7","ADI1"
1.79134131947505e-20,0.630619882361412,0.543,0.491,8.07465013166572e-16,"7","HMGN2"
2.86331546537088e-19,0.873507159793862,0.419,0.351,1.29066807917058e-14,"7","CYB5R3"
1.15409380376763e-18,1.12464438177925,0.292,0.214,5.20219322986298e-14,"7","PDLIM5"
1.1936288170736e-18,0.605161334233824,0.565,0.532,5.38040125584094e-14,"7","MGST3"
1.35026714086297e-18,0.544649124770226,0.635,0.611,6.08646416415393e-14,"7","COX7A2"
1.80673393615591e-18,0.714906379108977,0.389,0.302,8.14403389061638e-14,"7","RHOB"
2.6438682061326e-18,0.825071860762682,0.425,0.356,1.19175003259633e-13,"7","PNRC1"
2.93636516949928e-18,0.984268056400541,0.322,0.245,1.3235959638035e-13,"7","TLN1"
3.01658427432905e-18,1.21897734195382,0.253,0.176,1.35975552749656e-13,"7","PLS3"
4.06187754813231e-18,1.33683841989117,0.315,0.244,1.83093192359612e-13,"7","SNHG9"
7.01626915984106e-18,0.967020442905143,0.34,0.267,3.16265348648996e-13,"7","CYSTM1"
1.22974324142481e-17,0.709630904700964,0.5,0.434,5.54319063504646e-13,"7","PABPC1"
2.42536359554341e-17,1.07254766694093,0.344,0.274,1.09325689432715e-12,"7","PCNP"
1.5109110511121e-16,1.12074912885364,0.295,0.226,6.81058265399288e-12,"7","ARPC1A"
2.18333587160245e-16,0.829398126443398,0.435,0.381,9.84160477483519e-12,"7","PTMS"
3.8536651868371e-15,0.801636298659357,0.429,0.375,1.73707811961869e-10,"7","NDUFB7"
1.57588552384139e-12,0.624981191627774,0.497,0.458,7.10346158726747e-08,"7","EIF4A2"
4.02133437904996e-12,0.518049265881161,0.514,0.478,1.81265668470056e-07,"7","C12orf57"
1.86459729501417e-11,0.85835401546367,0.275,0.218,8.40485876700589e-07,"7","MYH9"
4.41520906024067e-11,0.644714021286474,0.361,0.3,1.99019963599408e-06,"7","SOX4"
7.50950330096734e-11,0.583528954435269,0.441,0.387,3.38498370794404e-06,"7","ARID5B"
3.52159117207092e-10,0.703949485399142,0.352,0.3,1.58739243672269e-05,"7","FTH1P10"
1.13867990160782e-09,0.770261973659367,0.263,0.209,5.13271352448743e-05,"7","CHCHD10"
1.22642774036348e-09,0.713798077240304,0.281,0.225,5.52824568246244e-05,"7","SEPT4"
3.99723664971991e-09,0.550581552756061,0.422,0.389,0.000180179439222775,"7","LMNA"
1.87815726982419e-08,0.641988997326134,0.305,0.254,0.000846598170945951,"7","NDRG2"
6.01704260686735e-08,0.863602299358696,0.264,0.221,0.00271224212547153,"7","CLIC4"
7.06001452569381e-08,0.669265579094444,0.416,0.397,0.00318237214760174,"7","MRPL33"
8.13964141627068e-08,0.67812625100607,0.351,0.31,0.00366902476479817,"7","RPS27AP16"
1.02527723875596e-07,0.726150437061858,0.302,0.263,0.00462153968141637,"7","DDAH2"
1.42162953095459e-07,0.679748306266129,0.309,0.269,0.0064081372737309,"7","TAX1BP1"
8.73792355979133e-07,0.658767142929936,0.311,0.275,0.0393870642381154,"7","CD164"
1.89451496415576e-06,0.867239761987291,0.292,0.262,0.085397156524285,"7","CFDP1"
2.38235011293291e-06,0.520365275190833,0.463,0.455,0.107386813690564,"7","C4orf3"
3.50657890044228e-06,0.619767500369769,0.403,0.389,0.158062550516336,"7","MINOS1"
5.13500686198248e-06,0.622499866289176,0.358,0.338,0.231465569310722,"7","NDUFB9"
1.04769069280195e-05,0.727943718560532,0.262,0.225,0.472257056687405,"7","NBEAL1"
1.2219525720172e-05,0.630256810064455,0.35,0.332,0.550807341362474,"7","TMED2"
1.44734856384899e-05,0.880169489315,0.25,0.219,0.652406838640571,"7","C5orf24"
0.000123459124367729,0.650931230700325,0.336,0.323,1,"7","CSDE1"
0.000233562954047965,0.524498839483428,0.302,0.277,1,"7","STOM"
0.00102527730614758,0.548807866088757,0.315,0.302,1,"7","YWHAZ"
0.00131300392514927,0.700175805953442,0.252,0.233,1,"7","AP3S1"
0.00285848810769987,0.526096071037673,0.466,0.489,1,"7","SRSF3"
0.00308596244870105,0.584632181855511,0.308,0.299,1,"7","ARL6IP4"
0.00428993204618914,0.647612266142622,0.258,0.245,1,"7","C6orf48"
0.00822994201383598,0.505605908050737,0.352,0.354,1,"7","PRMT2"
0,6.41456668857824,0.944,0.072,0,"8","MBP"
0,6.57243298570831,0.965,0.142,0,"8","MPZ"
0,5.92110036560171,0.852,0.038,0,"8","PRX"
0,5.58702316460681,0.854,0.051,0,"8","GATM"
0,4.17755833665009,0.848,0.079,0,"8","PLP1"
0,2.91407634395879,0.938,0.21,0,"8","S100B"
0,3.98896315310438,0.798,0.094,0,"8","MIA"
0,4.55456172947863,0.764,0.068,0,"8","PLEKHA4"
0,4.99022224704401,0.781,0.095,0,"8","PLLP"
0,4.86482034665849,0.731,0.057,0,"8","GLDN"
0,4.88509373868705,0.97,0.325,0,"8","PMP22"
0,6.3385215548651,0.654,0.015,0,"8","GJC3"
0,6.50282373132267,0.65,0.011,0,"8","BCAS1"
0,6.46678586710952,0.654,0.018,0,"8","MT3"
0,3.57612654288703,0.953,0.321,0,"8","CRYAB"
0,5.95775561150581,0.652,0.022,0,"8","MLIP"
0,4.31501164401435,0.717,0.092,0,"8","TSC22D4"
0,4.77949052116932,0.67,0.051,0,"8","PMP2"
0,4.13072194581561,0.705,0.09,0,"8","CNP"
0,3.44461737718649,0.668,0.079,0,"8","CAPS"
0,3.43033583998035,0.823,0.243,0,"8","SVIP"
0,5.43220351582029,0.599,0.023,0,"8","AZGP1"
0,6.83824078243269,0.558,0.008,0,"8","NCMAP"
0,3.45522680886297,0.667,0.133,0,"8","SECISBP2L"
0,4.30599409593776,0.561,0.045,0,"8","RHOBTB3"
0,4.38994724759452,0.538,0.034,0,"8","PRRG4"
0,3.36430002799196,0.555,0.078,0,"8","FGF7"
0,3.85153281335193,0.497,0.038,0,"8","MAL"
0,4.13054019940896,0.51,0.052,0,"8","FGFBP2"
0,6.72802209553337,0.441,0.005,0,"8","CLDN19"
0,7.56673058404248,0.414,0.003,0,"8","MAG"
0,4.6355624191758,0.405,0.018,0,"8","GAS2L3"
0,3.70617386254601,0.426,0.04,0,"8","SORBS1"
0,6.78796948471136,0.391,0.007,0,"8","KIF19"
0,4.01436941931778,0.391,0.021,0,"8","COL28A1"
0,5.72656169332249,0.375,0.007,0,"8","POU3F1"
0,3.78574336522211,0.411,0.047,0,"8","CARS"
0,3.50934909215864,0.396,0.034,0,"8","AATK"
0,4.2286123804372,0.389,0.032,0,"8","LHPP"
0,5.78945902438674,0.363,0.007,0,"8","DRP2"
0,6.93795572112329,0.351,0.003,0,"8","SFRP5"
0,4.32964977181345,0.366,0.019,0,"8","ART3"
0,6.42061935153989,0.348,0.004,0,"8","KIF1A"
0,3.91572327305591,0.351,0.024,0,"8","NTRK2"
0,4.16911404644736,0.356,0.029,0,"8","PLEKHB1"
0,4.53489544150634,0.345,0.021,0,"8","S100A1"
0,7.49757771142012,0.324,0.002,0,"8","CDH7"
0,3.67644138183052,0.352,0.037,0,"8","FUT8"
0,3.87521863696564,0.346,0.031,0,"8","MEGF9"
0,3.68779126277569,0.346,0.034,0,"8","SERPINE2"
0,3.83817120575223,0.341,0.03,0,"8","SCRN1"
0,2.55285019196826,0.318,0.009,0,"8","KRT14"
0,3.73658085518361,0.333,0.028,0,"8","CMTM5"
0,6.51673468609852,0.305,0.004,0,"8","KANK4"
0,4.51071976985235,0.313,0.016,0,"8","KCNK12"
0,4.20930441256451,0.313,0.018,0,"8","SHC4"
0,3.50058407996621,0.313,0.033,0,"8","AC009041.2"
0,6.042715382355,0.278,0.004,0,"8","TMPRSS5"
0,3.90237924042264,0.286,0.017,0,"8","RELN"
0,3.73126361312532,0.288,0.019,0,"8","TRPM3"
0,3.91100706937789,0.294,0.026,0,"8","PPP1R9A"
0,4.60401001348535,0.282,0.016,0,"8","CAHM"
0,4.4845211933791,0.271,0.012,0,"8","PAQR6"
0,4.6906170535238,0.267,0.014,0,"8","PRRG3"
0,3.26078047701827,0.273,0.024,0,"8","FOXD3-AS1"
0,5.19598647627881,0.25,0.007,0,"8","LGI1"
1.12646967251804e-321,3.03824965848858,0.408,0.061,5.07767469584233e-317,"8","LAMB1"
6.86543740148079e-319,3.40799462464191,0.315,0.035,3.09466456309148e-314,"8","CADM3"
2.22198514419284e-317,2.65429178757211,0.459,0.075,1.00158202359636e-312,"8","FXYD1"
5.03921860223263e-315,3.48615148652434,0.587,0.145,2.27147817714238e-310,"8","TAX1BP3"
2.99273447751741e-314,2.6515274462321,0.603,0.141,1.34900499308575e-309,"8","SNCA"
4.016697108434e-314,3.34425959766122,0.386,0.056,1.81056638859771e-309,"8","NEK1"
2.55350811947375e-313,2.64727364443056,0.702,0.214,1.15101931993399e-308,"8","STMN1"
9.74350669972887e-313,1.31563174761133,0.991,0.949,4.39198307996978e-308,"8","FTH1"
2.70131562757781e-312,3.58863820834533,0.394,0.06,1.21764503228697e-307,"8","LRRC8A"
2.50988097668106e-311,2.1501993285089,0.91,0.617,1.13135394904875e-306,"8","DYNLL1"
2.58561320989105e-297,2.05242402053729,0.906,0.573,1.16549101049049e-292,"8","CD9"
1.34428730457661e-266,3.12162959677035,0.349,0.053,6.05950945410954e-262,"8","TSPAN15"
3.66280306199783e-266,2.45715078710411,0.486,0.1,1.65104510822614e-261,"8","SEMA3B"
2.70469792423578e-242,1.85352856372169,0.83,0.378,1.21916963632852e-237,"8","GPM6B"
2.13131316850405e-238,3.40114998951228,0.343,0.057,9.60710723834884e-234,"8","SERPINB9"
4.13952565125362e-235,2.73134528565405,0.401,0.078,1.86593258255908e-230,"8","PHLDA3"
5.02040047533121e-232,2.66084205338654,0.399,0.077,2.2629957182603e-227,"8","LPL"
1.00856631485841e-222,3.00939493914831,0.478,0.118,4.54621352085578e-218,"8","SRGAP2B"
1.83803353823213e-222,2.472770202674,0.643,0.225,8.28511997693513e-218,"8","QKI"
4.30118802568119e-215,2.68817376554407,0.383,0.077,1.93880351445605e-210,"8","PTPRE"
1.07725661910129e-210,2.53407820679043,0.407,0.087,4.85584193626099e-206,"8","OTUD7B"
3.80863323474357e-202,1.0415386914734,0.982,0.897,1.71677951689301e-197,"8","S100A6"
5.03696710600523e-202,1.39610955652942,0.966,0.822,2.27046329270292e-197,"8","CALM2"
3.71815817593729e-199,2.45255435686645,0.272,0.041,1.67599697938549e-194,"8","ERBB3"
2.64546966853148e-196,1.72733656501734,0.829,0.538,1.19247190778725e-191,"8","PEBP1"
1.87741937559978e-195,2.16885322297788,0.45,0.11,8.46265557745355e-191,"8","GAS7"
1.52711726908697e-194,2.86336507231502,0.307,0.054,6.88363380213641e-190,"8","PEG10"
1.36392469615278e-193,2.37552509105488,0.459,0.12,6.14802696037825e-189,"8","SCCPDH"
3.7164115087378e-187,2.50240946508441,0.577,0.206,1.67520965167865e-182,"8","CDKN1C"
7.57742256023607e-186,2.53719019204181,0.406,0.097,3.41559899325201e-181,"8","USP53"
1.6433057979598e-184,2.0586576116002,0.707,0.342,7.4073652148836e-180,"8","DYNLRB1"
8.79152629822825e-184,1.77026320780599,0.86,0.571,3.96286839418936e-179,"8","MT2A"
7.50389268167702e-181,0.817864212873181,0.995,0.97,3.38245466519274e-176,"8","MT-CO3"
2.50866440356114e-179,2.47507549632336,0.258,0.04,1.13080556654922e-174,"8","HSPA12A"
2.30934837744853e-178,2.28721402140951,0.384,0.087,1.0409618746187e-173,"8","MME"
1.16800600332435e-177,2.28517898824102,0.608,0.238,5.26490386058483e-173,"8","FXYD6"
2.80082967967385e-176,2.79350776206175,0.513,0.172,1.26250198640978e-171,"8","CUEDC2"
1.17890170303631e-174,2.26706740865393,0.49,0.147,5.31401731660646e-170,"8","C9orf3"
3.03271389418916e-173,1.9795691216398,0.676,0.304,1.36702611494471e-168,"8","PLA2G16"
2.12353793271022e-171,2.30458687050171,0.293,0.053,9.57205958548458e-167,"8","ANK3"
1.72482665729528e-170,1.24906402437668,0.345,0.069,7.77482864042419e-166,"8","CDH19"
7.0410851817481e-170,0.93123938672115,0.976,0.901,3.17383955652477e-165,"8","MT-ND2"
2.75576787574438e-169,2.18412237133066,0.519,0.167,1.24218992767053e-164,"8","TMEM98"
7.58177977235127e-167,2.69173712658133,0.424,0.117,3.41756305018506e-162,"8","SRGAP2C"
1.28211226872421e-165,0.79492063348523,0.583,0.19,5.77924926250123e-161,"8","ALDH1A1"
2.44420285924901e-160,2.2213971504892,0.36,0.083,1.10174888083508e-155,"8","DMD"
5.85897791966606e-158,0.983014040315786,0.994,0.943,2.64099288706867e-153,"8","MT-CO2"
6.79823124514586e-156,2.0441547642331,0.634,0.281,3.06437071606195e-151,"8","TJP1"
3.07759368681942e-154,1.55862384564307,0.843,0.542,1.38725613027072e-149,"8","SPARC"
1.09398362151039e-153,2.02147267290343,0.284,0.055,4.93124057232022e-149,"8","FSTL3"
2.2108419537068e-148,2.61017602964409,0.287,0.06,9.96559119052877e-144,"8","LPIN1"
3.44348062854579e-143,0.69489136169281,0.99,0.958,1.5521833281233e-138,"8","MT-ND4"
1.74130279630676e-142,2.26009181492131,0.366,0.097,7.84909648463237e-138,"8","SMTN"
4.20918413155067e-140,2.24302099374118,0.452,0.149,1.89733183913778e-135,"8","NDRG1"
1.7279340479613e-139,2.22410780228563,0.413,0.126,7.78883551459036e-135,"8","CCSER2"
3.74973878841694e-137,2.24992012867699,0.322,0.077,1.69023225626682e-132,"8","GNG2"
5.31587159964728e-137,2.06734456173054,0.475,0.164,2.39618228225701e-132,"8","LITAF"
2.54353332238433e-132,2.4525505379531,0.27,0.058,1.14652308039796e-127,"8","BZW2"
1.43277747485287e-128,2.49128914232715,0.332,0.09,6.45838774564678e-124,"8","CASKIN2"
6.96165976509541e-126,0.722627687919732,0.987,0.953,3.13803775571441e-121,"8","MT-CO1"
8.49493939469741e-125,1.96094026004562,0.429,0.14,3.8291788815538e-120,"8","ATP1A2"
5.28568235133161e-123,1.80020915557829,0.539,0.219,2.38257417668624e-118,"8","GLUL"
9.78415772028863e-123,1.12171875331695,0.798,0.472,4.4103069339973e-118,"8","MYL9"
1.96476317426559e-122,1.90966171541873,0.281,0.064,8.85636648431958e-118,"8","ARHGAP10"
4.66039287641315e-122,2.31377644511718,0.328,0.09,2.10071869297199e-117,"8","CUX1"
2.35632310502242e-120,0.837328233684761,0.998,0.971,1.06213620281991e-115,"8","MT-ND3"
6.77857767613221e-120,1.48132848438827,0.684,0.342,3.05551167329335e-115,"8","LIMCH1"
2.2141723903764e-118,2.55552248459724,0.275,0.067,9.98060346686066e-114,"8","LYRM9"
4.2931524803036e-118,1.71372448064607,0.601,0.295,1.93518141202165e-113,"8","ZNF706"
1.40293904895842e-115,1.58816150825311,0.654,0.34,6.32388805708498e-111,"8","BLOC1S1"
2.91780675468802e-115,2.33600966436473,0.258,0.059,1.31523057274317e-110,"8","PCBP4"
1.82090403510168e-113,2.61861717766816,0.271,0.067,8.20790702862434e-109,"8","AIF1L"
4.34084842299805e-113,0.908735664674779,0.909,0.783,1.9566808351506e-108,"8","MT-ND5"
8.90602450719218e-107,1.57123476838222,0.502,0.204,4.01447960686195e-102,"8","CSRP1"
4.20633193827577e-106,1.50921084718534,0.614,0.31,1.89604618449719e-101,"8","RHEB"
1.97622538126343e-104,0.812764671606005,0.92,0.793,8.90803352858303e-100,"8","RPL38"
2.91145006693454e-104,2.02993342636248,0.389,0.134,1.31236523217141e-99,"8","OXR1"
5.37949692871251e-103,1.72836402120486,0.417,0.152,2.42486203558645e-98,"8","CTNNAL1"
2.54791450994713e-100,1.81327344644856,0.368,0.121,1.14849794450377e-95,"8","FEZ1"
7.99925982870188e-98,0.811292557431545,0.967,0.902,3.60574636038566e-93,"8","MT-CYB"
1.13087399361718e-97,1.38670597832546,0.424,0.153,5.09752761362879e-93,"8","MAF"
4.26582575760186e-96,2.22705869807469,0.318,0.1,1.92286361849662e-91,"8","OLFML2A"
1.13951955361593e-95,0.830939891061782,0.976,0.912,5.13649833987917e-91,"8","MT-ATP6"
2.18320897762404e-95,1.02247346630243,0.372,0.116,9.84103278753812e-91,"8","LGI4"
3.68868035398194e-94,1.53876716098776,0.265,0.068,1.6627095563609e-89,"8","COL14A1"
1.38934644768728e-92,2.4921956569111,0.271,0.077,6.2626180475952e-88,"8","AFAP1L2"
1.96996307251341e-91,1.6251547458189,0.516,0.241,8.87980554566143e-87,"8","H2AFJ"
2.05001594503544e-91,1.65412218883981,0.428,0.169,9.24065187384175e-87,"8","CBR1"
3.05195852737371e-87,2.32937574259913,0.262,0.076,1.37570082579897e-82,"8","ELOVL1"
4.19725174799872e-87,1.67764888131346,0.461,0.205,1.8919531979279e-82,"8","MRPL43"
1.56256502213759e-86,1.54132536895712,0.519,0.242,7.04341809378742e-82,"8","DPYSL2"
2.2301142920409e-86,1.40174696918427,0.475,0.201,1.00524631828036e-81,"8","DST"
2.77506636840023e-86,1.99674238486959,0.286,0.087,1.25088891622009e-81,"8","TUBB2A"
1.59499413812493e-84,1.77574758366849,0.271,0.078,7.18959557701192e-80,"8","WDR86"
4.96825524879122e-84,1.7446671229876,0.409,0.166,2.23949073594513e-79,"8","SH3BP5"
1.36215688825968e-83,2.09999068594606,0.261,0.077,6.14005838951932e-79,"8","PDRG1"
2.78382867202659e-82,1.6721920890236,0.372,0.141,1.25483861220271e-77,"8","SLC44A1"
4.58520154921233e-80,1.10304259628783,0.713,0.5,2.06682545032295e-75,"8","SELENOW"
1.00652000513007e-79,2.06656397729631,0.25,0.073,4.5369895751243e-75,"8","ARHGEF10"
1.71096434067414e-79,1.47730133234536,0.366,0.136,7.71234286202275e-75,"8","EPB41L2"
2.76382920879275e-77,0.973693085891435,0.783,0.58,1.24582365415542e-72,"8","YBX1"
3.61893569378862e-77,1.80615506556257,0.373,0.152,1.63127145333216e-72,"8","SPTAN1"
1.51329715902175e-76,1.42786926270727,0.525,0.265,6.82133827400645e-72,"8","CAP1"
1.45708834397039e-72,1.31009454111687,0.495,0.246,6.56797141928095e-68,"8","MAP4"
6.62322887768595e-72,0.64577574629,0.868,0.769,2.98548664890572e-67,"8","RPS16"
5.87621580175893e-71,2.09812292526824,0.287,0.101,2.64876303480086e-66,"8","KCNQ1OT1"
8.28495792086584e-67,1.56244968748829,0.278,0.095,3.73452763240949e-62,"8","METRN"
8.68261688919156e-66,1.84728674858767,0.299,0.111,3.91377638897199e-61,"8","CDKN1B"
1.1845598377044e-64,1.40840595598467,0.45,0.222,5.33952192443637e-60,"8","FNTA"
1.58289418985313e-63,1.83900967654006,0.262,0.091,7.13505385018196e-59,"8","GTF2F2"
1.29633666077091e-62,0.887594648309904,0.674,0.423,5.84336713209097e-58,"8","TUBA1A"
1.91146481106104e-62,1.83991910402078,0.304,0.119,8.61611878233876e-58,"8","IP6K2"
2.0862110078447e-60,1.57376734592986,0.361,0.16,9.40380473896076e-56,"8","KRAS"
3.41334574374584e-60,1.62638804303164,0.284,0.107,1.53859972745087e-55,"8","TAOK3"
8.42797524207441e-60,1.02872009575012,0.589,0.348,3.79899412011746e-55,"8","MRPS6"
9.16162797542711e-60,1.64331794871208,0.299,0.118,4.12969542620352e-55,"8","RBM43"
7.56307403325071e-59,1.46187535877134,0.395,0.188,3.40913125122809e-54,"8","PON2"
5.08265708575397e-58,1.31647448638273,0.457,0.239,2.29105850797446e-53,"8","TALDO1"
5.56240293547344e-56,1.42921870134389,0.35,0.153,2.50730874719401e-51,"8","SYNGR1"
5.73711898751617e-56,1.3267057304464,0.332,0.139,2.58606375481279e-51,"8","DANCR"
1.78208926014565e-54,0.507313655898489,0.942,0.867,8.03294554903253e-50,"8","MT-ND1"
2.57459209758817e-53,1.09144837800454,0.594,0.389,1.16052313390884e-48,"8","NPC2"
2.64653542166449e-53,1.44446208333557,0.343,0.153,1.19295230666949e-48,"8","CFL2"
1.00687164568675e-51,1.51322765922312,0.303,0.127,4.53857463009762e-47,"8","SLC12A2"
1.13075134621602e-51,1.05059898880696,0.599,0.396,5.09697476820332e-47,"8","FIS1"
1.46136439506212e-51,1.34947532485798,0.439,0.23,6.58724614718202e-47,"8","TMEM123"
1.84410831609939e-51,0.816253612199716,0.789,0.606,8.3125026456496e-47,"8","MT-ND4L"
3.68873874485826e-51,1.51742921555211,0.253,0.096,1.66273587663231e-46,"8","CXXC5"
4.76523665527417e-51,1.36218771965575,0.408,0.21,2.14797807473139e-46,"8","FAM213A"
1.52764563516367e-50,1.34201546642756,0.346,0.159,6.88601546506375e-46,"8","GCSH"
5.38203450216652e-48,1.52955337769653,0.341,0.163,2.42600587219658e-43,"8","MPC1"
1.76716475644835e-47,1.21321317093013,0.39,0.195,7.9656718561666e-43,"8","UTRN"
2.6411212858182e-47,0.980330275342619,0.515,0.296,1.19051183079541e-42,"8","SOX4"
3.15823596547673e-47,1.1466685115691,0.496,0.298,1.42360644379829e-42,"8","KIF5B"
3.27383940490521e-46,1.22347356414312,0.446,0.252,1.47571585015507e-41,"8","CTSD"
1.73529195979222e-45,1.1425011300354,0.335,0.155,7.8220020379594e-41,"8","PIK3R1"
1.96901182489404e-45,1.50182301877651,0.29,0.129,8.8755177018924e-41,"8","RNF130"
6.9969165831199e-45,0.80057207327283,0.713,0.538,3.15393011900713e-40,"8","YWHAE"
1.36234152935655e-44,0.867994598487762,0.649,0.47,6.14089067772759e-40,"8","TBCA"
6.23823701640619e-44,0.542090236982134,0.836,0.692,2.81194771751525e-39,"8","NDUFA4"
8.4501557260963e-44,1.32745951362855,0.323,0.151,3.80899219509517e-39,"8","CLDND1"
8.52039667923423e-43,1.50850316275248,0.313,0.151,3.84065400713162e-38,"8","PITHD1"
3.39986554647946e-42,1.23889245026932,0.333,0.163,1.53252339373108e-37,"8","SSFA2"
6.08601508535417e-42,1.60237620080093,0.258,0.112,2.74333215987425e-37,"8","LIMS2"
1.36405622245953e-41,1.33141873593035,0.396,0.216,6.14861982835859e-37,"8","MT1E"
1.43868860247456e-41,0.894816242858289,0.503,0.301,6.4850327445143e-37,"8","PGRMC1"
2.58399822223433e-41,1.22829992893742,0.318,0.152,1.16476303865435e-36,"8","NR4A1"
9.91482206346851e-41,1.37903413318305,0.279,0.124,4.46920519332906e-36,"8","SGCB"
1.84952977606751e-40,1.55872210629513,0.256,0.112,8.33694041860189e-36,"8","SEPT10"
8.55518188615584e-40,1.31373852914365,0.303,0.144,3.85633378700361e-35,"8","SAMHD1"
1.37925442948126e-39,0.939090631383305,0.394,0.205,6.21712726632973e-35,"8","COL18A1"
2.12732299115696e-39,0.836679801027686,0.552,0.355,9.5891211149391e-35,"8","PPA1"
8.03894019677033e-39,1.23423740685598,0.306,0.144,3.6236326830962e-34,"8","SEMA5A"
1.10275870810245e-38,1.26999820223397,0.333,0.168,4.97079515264262e-34,"8","MT1X"
2.24061842234703e-38,1.26001814150304,0.293,0.138,1.00998116005715e-33,"8","BIRC2"
8.85736184685775e-38,1.11034570760376,0.356,0.188,3.9925444260896e-33,"8","PUF60"
1.67228733122685e-37,1.00720861054116,0.514,0.336,7.53800237423816e-33,"8","EMP2"
2.15805794393383e-37,0.967604820871567,0.484,0.302,9.72766198807615e-33,"8","PRDX6"
3.4467477598461e-37,0.754991545226178,0.71,0.57,1.55365602022823e-32,"8","TMEM258"
4.10239225429386e-37,0.611558792396565,0.713,0.559,1.8491943325455e-32,"8","RPSA"
4.55445566819191e-36,1.27597183626351,0.318,0.163,2.05296643699418e-31,"8","KLF9"
8.9792527608444e-36,0.772602829531314,0.563,0.366,4.04748797447822e-31,"8","AHNAK"
6.64277043817205e-35,0.969419580140614,0.357,0.185,2.99429520271043e-30,"8","SGCE"
9.73851246870236e-35,1.0711872989145,0.327,0.169,4.38973188039228e-30,"8","OSBPL1A"
1.41148481760779e-34,1.36265743027952,0.273,0.132,6.36240896384889e-30,"8","ADAM10"
8.95469304342555e-34,0.686646565081982,0.65,0.502,4.0364174362545e-29,"8","PARK7"
1.26929112739788e-32,0.986198574198261,0.445,0.279,5.72145668585869e-28,"8","CAVIN3"
3.88239350351247e-32,0.796795354077429,0.587,0.417,1.75002769564328e-27,"8","SET"
4.33860947551802e-32,0.799736121933123,0.548,0.382,1.9556716071845e-27,"8","SBDS"
7.87876477775412e-32,1.09565073042714,0.386,0.228,3.55143201122045e-27,"8","UBE2E3"
9.23014858387711e-32,0.97885648209701,0.401,0.236,4.16058177566845e-27,"8","TTC3"
1.80041575888858e-31,0.65664228965828,0.521,0.343,8.11555407476616e-27,"8","KLF6"
2.24474275128168e-31,0.735355585628957,0.628,0.462,1.01184024256773e-26,"8","ST13"
6.31807035703081e-31,1.16274030790126,0.295,0.153,2.84793339413521e-26,"8","PPP4R2"
1.98281164218249e-30,1.1221958305006,0.384,0.232,8.93772175830178e-26,"8","MAP1LC3A"
5.56177775809231e-30,1.08668046567281,0.351,0.202,2.50702694223769e-25,"8","USP16"
1.07546927494198e-29,0.956350689351207,0.412,0.251,4.84778530372846e-25,"8","NDRG2"
3.97536716511037e-29,0.689649122225458,0.61,0.443,1.79193650334515e-24,"8","NAP1L1"
9.16844879249786e-29,0.825967548576463,0.513,0.348,4.13276997770634e-24,"8","TMED10"
1.08547796197119e-27,0.843791243614949,0.305,0.159,4.89290046138136e-23,"8","SSPN"
1.71439792086846e-27,1.01616750920042,0.327,0.184,7.72782006810668e-23,"8","SPTSSA"
6.9807250010825e-27,1.02305727406815,0.338,0.201,3.14663160148795e-22,"8","DYNC1LI2"
8.36843182433578e-27,0.907351680193382,0.343,0.198,3.7721543291376e-22,"8","MT-ATP8"
1.93923395664776e-26,0.865336642897048,0.436,0.282,8.74129098298544e-22,"8","GSTM3"
2.79902044984376e-25,0.715827230777159,0.463,0.309,1.26168645797158e-20,"8","FAM96B"
3.84602428625139e-25,0.69175945892012,0.553,0.403,1.73363390727068e-20,"8","SELENOK"
8.06720373699096e-25,1.04091507002441,0.3,0.171,3.63637275648604e-20,"8","C7orf50"
9.86182781064813e-25,1.07350087507545,0.277,0.154,4.44531750392775e-20,"8","SEC11C"
1.59573275790447e-23,0.907324862838798,0.276,0.152,7.19292497953017e-19,"8","COL4A2"
1.67692794596237e-23,0.975423284169353,0.29,0.164,7.55892040922e-19,"8","OSTF1"
4.0733669650983e-23,0.85146912730745,0.344,0.21,1.83611089318771e-18,"8","SNHG16"
5.33649289799359e-23,0.889737470155629,0.368,0.233,2.40547753869959e-18,"8","FEZ2"
6.99544056237077e-23,0.72456542187764,0.443,0.299,3.15326478789425e-18,"8","TBCB"
1.04965965985342e-22,0.891430959895302,0.355,0.224,4.73144588275528e-18,"8","C1orf43"
1.72398024105618e-22,0.502322800793702,0.729,0.608,7.77101333458483e-18,"8","COX7A2"
1.01530646790846e-21,0.658452836379675,0.518,0.387,4.57659543474416e-17,"8","CD81"
1.51399541778788e-21,0.626750389444737,0.531,0.391,6.82448574522066e-17,"8","SARAF"
3.58939222491293e-21,0.651198230696493,0.543,0.414,1.61795443930175e-16,"8","COPS9"
6.96217035464743e-21,0.822687592415302,0.403,0.272,3.13826790906088e-16,"8","MARCKSL1"
1.02569421443138e-20,0.773546070073238,0.332,0.207,4.62341924097088e-16,"8","EMC7"
5.67360367052821e-20,0.754842318670314,0.462,0.33,2.5574335905273e-15,"8","MRFAP1"
7.78869390979268e-20,0.893859889711797,0.253,0.143,3.51083166677815e-15,"8","PIGP"
3.26703781016017e-19,0.888226973362276,0.341,0.219,1.4726499633078e-14,"8","CD47"
3.49693201883779e-19,0.850148514406149,0.329,0.211,1.57627707681132e-14,"8","PDAP1"
3.63318545272407e-19,1.16074768251802,0.264,0.159,1.6376946746699e-14,"8","PEA15"
1.70893685663037e-18,0.600548151159511,0.408,0.265,7.70320377494707e-14,"8","SPTBN1"
2.65041906223906e-18,1.06897499707646,0.422,0.298,1.19470289649488e-13,"8","FTH1P10"
3.70937233134495e-18,0.567597177572123,0.47,0.338,1.67203667207705e-13,"8","SNHG6"
2.28698305300515e-17,0.715209922767072,0.428,0.307,1.0308804809726e-12,"8","ATP5G1"
3.66723735433767e-17,0.996717626631234,0.284,0.181,1.65304390984125e-12,"8","NDUFA10"
7.01170682031025e-17,0.730686128171476,0.383,0.268,3.16059696632305e-12,"8","TIMP2"
7.23216912946813e-17,0.647962211738751,0.372,0.253,3.25997255679905e-12,"8","LAMP1"
8.16512597477636e-17,0.588030691746277,0.425,0.295,3.68051218439019e-12,"8","HES4"
9.62248590384578e-17,0.891011954898344,0.304,0.197,4.33743174601752e-12,"8","GRHPR"
1.23729572365404e-16,0.858576162589185,0.29,0.185,5.57723420394296e-12,"8","HCFC1R1"
1.34877661059111e-16,0.790707365438182,0.295,0.188,6.07974544990049e-12,"8","ILF3-AS1"
2.92445796654518e-16,0.704948963227581,0.358,0.244,1.31822867299991e-11,"8","SNHG9"
3.65992030020997e-16,0.840517756926251,0.25,0.152,1.64974567452265e-11,"8","NAP1L4"
3.96852226166323e-16,0.652630359607837,0.4,0.284,1.78885109466732e-11,"8","PCMT1"
5.48639195801202e-16,0.55303223757902,0.453,0.333,2.4730460389935e-11,"8","RAB2A"
9.69563021340473e-16,0.689332105657334,0.385,0.275,4.37040227499432e-11,"8","TOMM20"
1.52951681103999e-15,0.810734399032731,0.264,0.165,6.89444997744384e-11,"8","TMEM9B"
1.88275539572658e-15,0.731545690942989,0.337,0.23,8.48670822177714e-11,"8","ATP1B3"
2.38766241353112e-15,0.638587342424737,0.433,0.325,1.07626270952329e-10,"8","VDAC2"
2.51339741502276e-15,0.689964220815933,0.332,0.226,1.13293901879566e-10,"8","ARPC1A"
5.54062014032403e-15,0.73287716499564,0.384,0.275,2.49748993445246e-10,"8","NENF"
5.58596025891642e-15,0.6834922076149,0.386,0.279,2.51792744630916e-10,"8","NSA2"
8.93063864251841e-15,0.617312148043804,0.3,0.191,4.0255746745016e-10,"8","ITGA6"
9.07139743538128e-15,0.667059758199302,0.371,0.263,4.08902310797247e-10,"8","SNHG8"
9.20344583693826e-15,0.698355942388493,0.281,0.179,4.14854524545829e-10,"8","MT-ND6"
1.71990747710507e-14,0.829835406531716,0.324,0.22,7.75265494379881e-10,"8","CLIC4"
2.61476468348885e-14,0.791325261661428,0.26,0.165,1.17863132872944e-09,"8","SMIM19"
3.67313361498448e-14,0.547647860413147,0.339,0.228,1.6557017082904e-09,"8","AP1S2"
6.82809785741224e-14,0.832485283306572,0.283,0.189,3.07783339020714e-09,"8","RALBP1"
1.62068826734488e-13,0.648635772145605,0.38,0.277,7.30541443388377e-09,"8","COMT"
3.69300186789472e-13,0.662533417579353,0.281,0.183,1.66465752197222e-08,"8","MGLL"
4.06143148679826e-13,0.65923884175101,0.309,0.21,1.83073085698918e-08,"8","CTSF"
7.12283668201509e-13,0.869451761979988,0.259,0.17,3.21068986278512e-08,"8","MINDY2"
9.91175914408741e-13,0.682438568735661,0.349,0.249,4.46782455178884e-08,"8","ATP1A1"
1.76014905558604e-12,0.70642440507465,0.254,0.167,7.93404788295963e-08,"8","SERTAD1"
2.57765833351272e-12,0.652771820370493,0.279,0.188,1.16190527041419e-07,"8","METTL26"
6.31740956424515e-12,0.533562610295164,0.4,0.298,2.84763553517914e-07,"8","ETFB"
7.28276477684757e-12,0.79357745921687,0.259,0.171,3.28277905081181e-07,"8","FMC1"
7.88591582260012e-12,0.694238917447156,0.284,0.195,3.55465541619523e-07,"8","PIN1"
8.03013456450141e-12,0.546468604570655,0.366,0.27,3.61966345629465e-07,"8","SLC3A2"
9.14765997361908e-12,0.588201614628167,0.462,0.362,4.12339920970854e-07,"8","PCBP2"
9.58182020597424e-12,0.604311985591009,0.371,0.281,4.31910127604495e-07,"8","CNPY2"
1.36566947168038e-11,0.709632119498216,0.284,0.195,6.1558917105465e-07,"8","LMO4"
1.55407769685033e-11,0.760980154804353,0.25,0.165,7.00516062632253e-07,"8","HPF1"
1.7568499433782e-11,0.607719988926184,0.256,0.173,7.91917680477158e-07,"8","BAG1"
1.91623805586389e-11,0.596257019440892,0.344,0.25,8.63763466061208e-07,"8","ARL3"
6.86513185146079e-11,0.528819990224249,0.465,0.371,3.09452683336447e-06,"8","EIF5B"
2.02530337236731e-10,0.716495841728484,0.312,0.231,9.12925748128289e-06,"8","ECHS1"
4.2677452173397e-10,0.622253425732542,0.328,0.244,1.92372883416804e-05,"8","NDUFS7"
5.63900387522151e-10,0.687402210810072,0.275,0.194,2.54183738679485e-05,"8","SFT2D1"
9.93390491103609e-10,0.613264760044844,0.286,0.207,4.47780697769863e-05,"8","DNAJC7"
2.74530321686853e-09,0.558553119717477,0.327,0.247,0.000123747287803566,"8","EIF3J"
2.97011367406762e-09,0.634604603380714,0.299,0.22,0.000133880843972272,"8","ATP6V1E1"
5.86776369640179e-09,0.59059808938371,0.256,0.182,0.000264495316379007,"8","COX20"
7.12857070894731e-09,0.52132720762838,0.431,0.351,0.000321327453276509,"8","PRMT2"
7.87506298366755e-09,0.619929324795241,0.312,0.238,0.000354976339051799,"8","NDUFS8"
4.39166437800037e-08,0.527232565109602,0.31,0.237,0.00197958663502745,"8","PCM1"
4.67194972034834e-08,0.620950810238166,0.275,0.203,0.00210592805594422,"8","SCOC"
1.56590549281674e-07,0.535245143413624,0.304,0.234,0.00705847559942074,"8","ARPP19"
7.97175950629666e-07,0.563264994926986,0.286,0.218,0.0359335031505828,"8","PTEN"
8.27302161844417e-07,0.514510960897004,0.327,0.259,0.0372914722472989,"8","PNKD"
2.35229277454435e-06,0.516099659129631,0.262,0.203,0.106031949105361,"8","YTHDC1"
7.94436954599479e-06,0.532121739330311,0.301,0.244,0.358100401655261,"8","C6orf48"
2.10136910546911e-05,0.627454512928375,0.27,0.212,0.947213137981255,"8","C1orf56"
0,6.52579250944845,0.796,0.053,0,"9","C1QA"
0,6.74104100780768,0.755,0.031,0,"9","C1QB"
0,6.13110073845541,0.756,0.045,0,"9","TYROBP"
0,6.98109684673016,0.712,0.02,0,"9","C1QC"
0,6.86732085366312,0.684,0.019,0,"9","AIF1"
0,6.71972780982762,0.669,0.019,0,"9","FCER1G"
0,5.17982320750028,0.814,0.283,0,"9","RNASE1"
0,5.47859346311003,0.576,0.049,0,"9","CD14"
0,6.80529842840134,0.52,0.012,0,"9","FOLR2"
0,4.04108944008369,0.778,0.278,0,"9","HLA-DRA"
0,5.89795841693418,0.497,0.015,0,"9","MS4A7"
0,5.07784814910257,0.448,0.05,0,"9","CTSS"
0,6.39013735569982,0.377,0.01,0,"9","MS4A6A"
0,6.42705833625657,0.376,0.009,0,"9","MS4A4A"
0,5.13648016609014,0.397,0.035,0,"9","GGTA1P"
0,5.74526631793399,0.363,0.01,0,"9","LYVE1"
0,6.36686631396657,0.35,0.007,0,"9","CYBB"
0,3.89685077313179,0.362,0.034,0,"9","HCST"
0,4.76791190196498,0.325,0.019,0,"9","FGL2"
0,6.13416204247231,0.312,0.008,0,"9","CD163"
0,6.57007833780267,0.309,0.007,0,"9","F13A1"
0,8.00312606013284,0.303,0.007,0,"9","LYZ"
0,5.40374909953222,0.312,0.017,0,"9","LST1"
0,5.38685941608177,0.294,0.01,0,"9","MRC1"
0,6.20899093173242,0.275,0.008,0,"9","MARCO"
0,5.87005219767461,0.256,0.008,0,"9","CSF1R"
0,2.50678710779811,0.986,0.902,0,"9","FTL"
8.69555536680594e-322,3.94245491876279,0.328,0.036,3.91960853714145e-317,"9","LAPTM5"
4.36219307138945e-286,2.67951906047145,0.907,0.656,1.96630214885951e-281,"9","CST3"
3.80304311598243e-275,4.15424361066837,0.332,0.044,1.71425971496024e-270,"9","VAMP8"
4.4860267113809e-271,4.07221602776011,0.657,0.215,2.02212140042205e-266,"9","HLA-DPA1"
5.96241691027727e-253,4.04011493812406,0.554,0.15,2.68761904647658e-248,"9","DAB2"
6.38585200933126e-246,2.92127962006509,0.842,0.416,2.87848665172616e-241,"9","CD74"
3.34369183176998e-225,4.83340227510949,0.259,0.032,1.50720253008864e-220,"9","CPVL"
6.06772410414219e-188,4.37728489498959,0.327,0.062,2.73508731718313e-183,"9","HLA-DQA1"
2.03755895587106e-183,3.67126584308317,0.642,0.296,9.1845007494844e-179,"9","HLA-DPB1"
1.42121981980871e-170,1.41467491225298,0.958,0.825,6.40629045976974e-166,"9","TPT1"
1.79336291187318e-170,3.35744700749164,0.611,0.256,8.08376266155955e-166,"9","HLA-DRB1"
2.8890456307932e-170,3.96219134186822,0.26,0.042,1.30226620853634e-165,"9","STAB1"
1.46652641603207e-166,4.19352050617852,0.272,0.048,6.61051447290614e-162,"9","HLA-DMB"
3.76879037502379e-164,2.53333189957784,0.697,0.387,1.69881994944572e-159,"9","NPC2"
1.37309108768985e-157,3.28686989214756,0.473,0.15,6.18934538687075e-153,"9","HLA-DRB5"
2.97521203223212e-156,1.07605752440437,0.985,0.949,1.34110657564895e-151,"9","FTH1"
1.31461772393907e-143,3.24831871822414,0.376,0.101,5.92577085242775e-139,"9","RNASET2"
1.2031214986753e-142,2.21574137011972,0.824,0.675,5.4231904674288e-138,"9","SELENOP"
2.64227008818788e-116,2.52033022285321,0.611,0.343,1.19102966495157e-111,"9","GPX1"
1.75338683397202e-111,2.88345740158912,0.479,0.2,7.90356649281229e-107,"9","CTSB"
8.75066528363148e-110,2.644177013894,0.253,0.055,3.94444988324972e-105,"9","MNDA"
4.28944834915769e-105,2.99914985388469,0.414,0.154,1.93351173786632e-100,"9","MAF"
1.60083159387501e-103,3.26440194782404,0.423,0.166,7.21590849255098e-99,"9","LGMN"
9.03895711054601e-103,3.35892664528439,0.324,0.098,4.07440030714972e-98,"9","SLC40A1"
4.29556757183796e-92,2.28659249145829,0.316,0.095,1.93627003868168e-87,"9","RGS10"
1.71826928134425e-91,3.03835887518196,0.305,0.093,7.74527061258733e-87,"9","LY96"
1.09840790110723e-83,2.75580391316508,0.38,0.154,4.95118345503097e-79,"9","HLA-DMA"
2.26682331120265e-82,1.99058660092864,0.639,0.471,1.02179327575771e-77,"9","FCGRT"
5.60454898249634e-82,2.96882041092134,0.275,0.084,2.52630649935005e-77,"9","PYCARD"
1.56613357066106e-77,1.81889306941564,0.671,0.504,7.05950368311177e-73,"9","PSAP"
3.56607417317818e-76,3.50714346421194,0.313,0.115,1.6074435943018e-71,"9","HLA-DQB1"
2.31894103411468e-73,3.53121856771533,0.377,0.164,1.04528586053753e-68,"9","HLA-DRB6"
2.99260963563596e-66,2.09551027164544,0.278,0.091,1.34894871935927e-61,"9","CCL3"
2.28562706468503e-64,1.41391109789649,0.556,0.336,1.03026925567742e-59,"9","SRGN"
9.45837973682253e-62,0.698089342405081,0.985,0.977,4.26345925017012e-57,"9","TMSB4X"
8.29769080716163e-52,0.862988288216297,0.796,0.731,3.74026710823618e-47,"9","RPL23"
2.16987179428341e-50,0.923216204589583,0.973,0.972,9.7809140999119e-46,"9","MT-ND3"
2.77994224190764e-47,1.75639760155733,0.275,0.11,1.25308676496229e-42,"9","CFD"
5.15924146451054e-41,1.16522443768345,0.627,0.563,2.32557968254277e-36,"9","OAZ1"
7.28971925864097e-41,0.888627195148944,0.752,0.761,3.285913853025e-36,"9","ATP5E"
2.03847098126743e-40,0.540925487553353,0.937,0.938,9.18861179516106e-36,"9","TMSB10"
9.98598508217837e-40,0.550840575346728,0.909,0.885,4.50128263564272e-35,"9","RPS24"
1.4926595719417e-38,0.602852419964488,0.868,0.87,6.72831228648441e-34,"9","RPL28"
1.08811075604177e-37,1.4221312072942,0.554,0.434,4.90476804393387e-33,"9","PABPC1"
2.20905540520706e-37,0.69949524620553,0.933,0.914,9.95753814451134e-33,"9","MT-ATP6"
2.84185271059766e-34,0.608886099642382,0.872,0.862,1.280993527829e-29,"9","RPL30"
1.03858729161049e-33,0.551308882692017,0.963,0.944,4.68153607566345e-29,"9","MT-CO2"
2.25367543449781e-33,0.736228086638784,0.906,0.869,1.01586673885423e-28,"9","MT-ND1"
2.68716704284302e-32,2.28001305799509,0.303,0.166,1.21126741623192e-27,"9","CTSZ"
2.79350229613148e-32,2.16007758617103,0.302,0.165,1.25919909500423e-27,"9","IER3"
3.05626886341213e-32,0.514928349452709,0.902,0.89,1.37764375287165e-27,"9","RPS29"
1.17947603984183e-31,1.92033312275945,0.4,0.264,5.31660619719104e-27,"9","GRN"
4.22533796930726e-30,0.652236832446628,0.925,0.903,1.90461334304494e-25,"9","MT-ND2"
5.45146846163062e-30,1.32173839028925,0.532,0.453,2.45730392376462e-25,"9","CYBA"
1.11716838896608e-29,1.75921519553172,0.316,0.179,5.03574823010351e-25,"9","NINJ1"
2.24322404739304e-29,0.707916741898764,0.743,0.762,1.01115567160289e-24,"9","RPS11"
6.87259804865488e-28,0.690938077064225,0.718,0.746,3.09789229641167e-23,"9","UBA52"
4.79687341390335e-25,1.04002904221913,0.616,0.587,2.16223866005108e-20,"9","SAT1"
3.82140368370339e-23,1.60011413714079,0.273,0.154,1.72253592446614e-18,"9","MAFB"
1.56055287443167e-22,0.529843100715609,0.922,0.904,7.03434813678819e-18,"9","MT-CYB"
3.6321009395577e-22,1.37818293430639,0.461,0.388,1.63720581951503e-17,"9","ARPC3"
2.33816948936226e-16,1.25817202866643,0.367,0.279,1.05395327902493e-11,"9","ARPC1B"
2.92321739868268e-15,1.62591464249603,0.396,0.331,1.3176694746302e-10,"9","GYPC"
5.6211369906948e-15,1.71611123291658,0.303,0.222,2.53378370992559e-10,"9","BRI3"
7.80839746298128e-14,1.40763777386917,0.293,0.205,3.51971324041344e-09,"9","CEBPD"
9.71774559368953e-12,0.700783094046676,0.592,0.608,4.38037100381149e-07,"9","RPS10"
3.91298758920676e-11,1.48538256981305,0.331,0.268,1.76381828571084e-06,"9","BLVRB"
4.05017773099667e-11,0.526114500161696,0.661,0.719,1.82565811402406e-06,"9","PFDN5"
4.26230356449124e-08,1.42123757773088,0.307,0.257,0.00192127595473007,"9","CTSD"
2.85909695067685e-07,1.04016530612702,0.341,0.294,0.012887665414871,"9","A2M"
5.27409451544002e-07,1.20243661174824,0.28,0.231,0.0237735084377974,"9","TYMP"
9.87767845649106e-07,0.696396903617011,0.525,0.541,0.0445246234104791,"9","ZFP36L1"
1.06033195283196e-06,1.6068681021976,0.25,0.203,0.0477955231058536,"9","SNX6"
4.39837987894789e-06,1.32781275889304,0.291,0.254,0.198261371423455,"9","PLD3"
1.69092825956798e-05,0.688600130484607,0.362,0.315,0.762202822282864,"9","MEF2C"
3.84953559613716e-05,0.704002806693349,0.318,0.272,1,"9","ZEB2"
0.000239908557056078,0.751006848553848,0.429,0.433,1,"9","DUSP1"
0.000341931442438224,0.736653318056808,0.565,0.603,1,"9","FOS"
0.000353310552611741,1.20474033551945,0.257,0.225,1,"9","CTSC"
0.000616698180711754,0.860955013176923,0.365,0.354,1,"9","ARPC5"
0.00102556141576586,0.97029780837237,0.329,0.317,1,"9","CAPZB"
0.00138205722362656,0.567879453187768,0.269,0.237,1,"9","ARHGDIB"
0.00196070061297767,0.562570450502812,0.205,0.288,1,"9","CTSL"
0.00329017695057774,1.09574131059409,0.286,0.272,1,"9","GNAI2"
0.00382229450542143,0.627239153418213,0.302,0.279,1,"9","EGR1"
0.00463295700476383,0.541942196115293,0.528,0.6,1,"9","UQCRB"
0.0087158794717015,1.94544591215193,0.35,0.402,1,"9","NFKBIA"
0,5.22813529394616,0.921,0.114,0,"10","CLDN5"
0,3.26941279244936,0.941,0.256,0,"10","TM4SF1"
0,3.33829153614924,0.796,0.154,0,"10","CLEC14A"
0,5.19340195460837,0.562,0.035,0,"10","EDN1"
0,3.48389916261463,0.591,0.069,0,"10","GJA4"
0,3.6541508301497,0.586,0.077,0,"10","SOX17"
0,3.1233850369219,0.613,0.104,0,"10","PTPRB"
0,4.11436412251606,0.556,0.055,0,"10","MECOM"
0,3.0748103048538,0.593,0.108,0,"10","PALMD"
0,5.70667634406086,0.488,0.01,0,"10","SEMA3G"
0,3.5315530010907,0.489,0.052,0,"10","ACE"
0,3.37968034739977,0.495,0.061,0,"10","EFNB2"
0,3.23152034001264,0.475,0.06,0,"10","LPCAT2"
0,6.08014391019598,0.421,0.007,0,"10","VEGFC"
0,3.59625911418856,0.465,0.053,0,"10","DLL4"
0,3.82010562824843,0.454,0.053,0,"10","C19orf33"
0,4.20027249870245,0.423,0.05,0,"10","CXCL2"
0,3.61531326908111,0.412,0.047,0,"10","FAM107A"
0,5.84075864989315,0.332,0.006,0,"10","TMEM178A"
0,6.55163321703621,0.307,0.003,0,"10","GJA5"
0,4.52420931512607,0.295,0.015,0,"10","PCSK5"
0,3.77397242816729,0.298,0.02,0,"10","TSPAN2"
0,4.16476269539124,0.262,0.017,0,"10","TM6SF1"
0,4.16328646788013,0.256,0.018,0,"10","BMX"
1.28457067918724e-322,3.14068161057586,0.458,0.063,5.79033079350441e-318,"10","ARL15"
3.12322497343051e-312,2.83410256713412,0.648,0.136,1.40782488902354e-307,"10","CAVIN2"
3.41730388968679e-307,2.93995268219392,0.608,0.122,1.54038390131522e-302,"10","ICAM2"
1.34189742410104e-288,2.28614897365434,0.742,0.184,6.04873682887785e-284,"10","GIMAP7"
1.50270967537243e-285,3.80107421252456,0.367,0.045,6.77361413270877e-281,"10","RNF144B"
4.41311380924228e-265,2.22562352908524,0.799,0.247,1.98925518065405e-260,"10","RAMP2"
3.41096714280117e-250,2.70592005966923,0.807,0.287,1.53752754928906e-245,"10","IGFBP3"
2.38080352355835e-248,2.14844636553254,0.906,0.419,1.07317099627916e-243,"10","DUSP1"
2.30186369535444e-247,2.21148458732366,0.802,0.281,1.03758807931797e-242,"10","A2M"
6.59554247038103e-247,1.93835249870048,0.853,0.328,2.97300672394895e-242,"10","SRGN"
7.05019318786156e-244,2.91642917320072,0.461,0.083,3.17794508136047e-239,"10","CDH5"
1.62395648601079e-243,2.851536610978,0.514,0.103,7.32014625634222e-239,"10","C10orf10"
6.50892401589266e-239,2.9670713660482,0.259,0.026,2.93396258940377e-234,"10","FBLN5"
2.34043879477544e-238,2.2661070635349,0.651,0.163,1.05497619113298e-233,"10","GIMAP4"
5.74802778367722e-236,2.31470271088479,0.61,0.144,2.59098100377035e-231,"10","PODXL"
5.53321993950687e-235,1.68303888105,0.977,0.586,2.49415421993212e-230,"10","IFI27"
3.28184774738431e-233,3.04315867879362,0.35,0.049,1.47932569061095e-228,"10","HERC2P2"
4.74014719770886e-233,2.10308835238407,0.852,0.377,2.13666875083925e-228,"10","CAV1"
7.98796460874744e-232,3.21940139910836,0.293,0.035,3.60065492703899e-227,"10","JAG2"
2.40331363493964e-224,2.5463231479632,0.659,0.182,1.08331765408539e-219,"10","CXCL12"
4.03593501838805e-224,2.39202418693255,0.534,0.116,1.8192380688886e-219,"10","GIMAP1"
3.50538732503916e-220,2.90240845640681,0.35,0.052,1.58008839063465e-215,"10","PIK3R3"
4.7983725176455e-216,2.86668195058464,0.264,0.03,2.16291439605389e-211,"10","EXOC6"
9.40272347077375e-215,2.38950821162856,0.537,0.12,4.23837163168598e-210,"10","SOX18"
5.54436293755565e-212,2.93369610860947,0.458,0.091,2.49917703773258e-207,"10","ADAMTS1"
2.18090073604579e-211,2.39549497999833,0.5,0.106,9.83062815780002e-207,"10","MMRN2"
6.17951167158905e-211,0.611193839988194,0.804,0.286,2.78547668108548e-206,"10","RNASE1"
1.69296155087501e-210,2.5549345748058,0.323,0.045,7.63119348672419e-206,"10","COBLL1"
1.35747678348004e-205,2.96927977396,0.267,0.032,6.11896234921462e-201,"10","LRRC32"
1.30100455653331e-202,2.03464368460048,0.636,0.174,5.86440813902955e-198,"10","TNFSF10"
1.47976373650968e-201,2.31714612211685,0.556,0.137,6.67018301869103e-197,"10","PECAM1"
1.40188059084998e-198,2.22560348696716,0.577,0.149,6.31911695131537e-194,"10","ECSCR"
1.48904133240376e-197,3.1389282293876,0.253,0.03,6.7120027099432e-193,"10","PIK3C2B"
1.10463870367541e-192,1.81979604010575,0.914,0.51,4.97926942068729e-188,"10","IER2"
1.53948162575034e-191,2.87672919822854,0.33,0.052,6.93936737623225e-187,"10","GFOD1"
2.27932049706195e-185,1.8589855604151,0.731,0.246,1.02742650725564e-180,"10","KLF2"
1.0891058199377e-181,2.74347811151895,0.327,0.054,4.90925339395118e-177,"10","GPIHBP1"
1.26408396572137e-181,2.76159053866442,0.295,0.044,5.69798488388567e-177,"10","GATA2"
2.35034113429931e-181,2.17507241095529,0.528,0.135,1.05943976969676e-176,"10","ADGRF5"
1.52405319932041e-172,2.53794733450449,0.392,0.079,6.86982220125669e-168,"10","THSD7A"
5.16063759350541e-171,0.950989311889076,0.991,0.937,2.3262090016485e-166,"10","TMSB10"
4.22866608573967e-169,2.60680600015761,0.367,0.071,1.90611352480801e-164,"10","TIE1"
6.13446951698375e-168,3.0014548335762,0.282,0.044,2.7651734794756e-163,"10","MCTP1"
1.02371626995988e-167,1.82046809873941,0.69,0.243,4.61450345847116e-163,"10","EPAS1"
6.00040916944848e-167,2.37672989302015,0.432,0.097,2.7047444372206e-162,"10","S1PR1"
6.18987804613743e-164,1.95484059257056,0.701,0.259,2.79014942807691e-159,"10","SLC9A3R2"
6.94922439899251e-164,2.45638644558537,0.389,0.08,3.13243239008987e-159,"10","ENPP2"
1.4541222740043e-163,2.10619893267088,0.48,0.119,6.55460156230176e-159,"10","JAM2"
5.36554322148929e-163,2.12544955297271,0.508,0.133,2.41857226251851e-158,"10","CYYR1"
2.11416372388806e-162,1.43880899780244,0.91,0.611,9.52980440179781e-158,"10","HLA-E"
1.96508689140557e-161,2.23437022333038,0.356,0.069,8.85782567169975e-157,"10","SOS1"
6.74974920701399e-161,2.00277271954636,0.56,0.165,3.04251695255363e-156,"10","MTUS1"
1.88712405273933e-160,1.81358541872402,0.509,0.131,8.50640038012781e-156,"10","FILIP1"
3.92211785941956e-160,2.70005869522848,0.281,0.045,1.76793384631196e-155,"10","IL3RA"
5.17068407582523e-156,1.84136207088937,0.605,0.191,2.33073755401898e-151,"10","UTRN"
1.2858451763896e-155,1.92678407505933,0.878,0.579,5.79607571709378e-151,"10","SAT1"
6.12266478211646e-155,2.17985272668575,0.498,0.135,2.75985237718681e-150,"10","AP002004.1"
1.03022987352255e-152,1.39791369113848,0.457,0.11,4.64386417789027e-148,"10","PLLP"
2.10060425289187e-152,1.99399120498254,0.503,0.138,9.46868373033538e-148,"10","NOTCH4"
4.55180049302154e-152,1.4302073660152,0.56,0.16,2.05176959023439e-147,"10","HLA-DRB6"
2.77438269451677e-151,2.50540505177728,0.25,0.037,1.25058074338038e-146,"10","ANXA3"
1.58196677420838e-149,1.62907935508338,0.718,0.278,7.13087343142168e-145,"10","EGFL7"
3.35329110846841e-148,0.777359918586711,0.998,0.988,1.51152950005322e-143,"10","B2M"
6.760266545692e-147,1.92168148524084,0.454,0.114,3.04725774813612e-142,"10","MAST4"
3.46796524819842e-145,1.70523904316544,0.727,0.295,1.56322001527792e-140,"10","RHOB"
2.36344715654762e-144,1.4471080983182,0.597,0.178,1.06534744028541e-139,"10","ADGRL4"
1.99651375520349e-143,2.51441068785304,0.321,0.063,8.99948540295526e-139,"10","SHE"
1.06748377611101e-142,1.98564412508598,0.583,0.195,4.81178986919798e-138,"10","LAP3"
1.32581410513315e-142,1.74460898202337,0.608,0.2,5.97623966029817e-138,"10","NPDC1"
2.06746174095026e-142,1.76811499850589,0.597,0.197,9.31929054350739e-138,"10","ESAM"
3.6417698708319e-141,1.50402399295989,0.841,0.458,1.64156418697619e-136,"10","GNG11"
5.58244761874326e-141,2.43629009169032,0.298,0.055,2.51634408862471e-136,"10","RAPGEF5"
6.4458549365036e-141,2.40395489651171,0.33,0.067,2.90553357117836e-136,"10","RUNDC3B"
4.48060583387868e-140,2.29259459193227,0.335,0.069,2.01967788567915e-135,"10","HHEX"
1.07511127775491e-139,2.0756205111484,0.41,0.098,4.84617159560804e-135,"10","ADAM15"
2.29297484044831e-139,2.38558797305316,0.316,0.063,1.03358133908048e-134,"10","GIMAP8"
7.1624084200126e-138,2.52917762457731,0.293,0.055,3.22852721940488e-133,"10","GPR146"
1.30293523349969e-137,1.38707977543343,0.608,0.192,5.87311085852322e-133,"10","EMCN"
3.45089255015485e-137,2.82525452428529,0.262,0.045,1.5555243259078e-132,"10","CLEC3B"
1.31560415711884e-136,1.45422986712674,0.591,0.179,5.93021729862889e-132,"10","PCAT19"
1.99363983342352e-136,1.72897956096563,0.679,0.267,8.98653091313986e-132,"10","STOM"
3.96875431174603e-136,2.10187306003408,0.448,0.119,1.78895569356264e-131,"10","OCIAD2"
1.17802502250638e-134,1.94191562742769,0.528,0.166,5.31006559144978e-130,"10","MIDN"
1.36401871730946e-134,1.60332944895734,0.708,0.29,6.14845077014412e-130,"10","CRIP2"
2.34154588407626e-134,1.97240378456921,0.443,0.118,1.05547522270622e-129,"10","HEG1"
5.64028819222597e-133,2.42158774914193,0.358,0.081,2.54241630552778e-128,"10","IL33"
2.06987797070009e-132,2.47544681055853,0.296,0.058,9.33018194072771e-128,"10","ASS1"
1.4224926829362e-130,1.90785059003827,0.454,0.126,6.41202801760322e-126,"10","SWAP70"
9.47921130924169e-130,1.02232118465334,0.867,0.417,4.27284928975378e-125,"10","CD74"
1.12034524054293e-128,2.12900810717488,0.397,0.099,5.0500682062713e-124,"10","MYCT1"
8.02890219957167e-127,2.09005281343272,0.398,0.102,3.61910795547893e-122,"10","NUDT14"
1.16464970491643e-126,1.8625088117757,0.461,0.13,5.24977500988129e-122,"10","TMEM88"
1.02167948503963e-125,2.00462885857722,0.292,0.057,4.60532244676463e-121,"10","BTNL9"
1.56372944750551e-125,1.21527162743193,0.921,0.573,7.04866685757582e-121,"10","JUNB"
3.15278231206029e-125,1.24881143492518,0.87,0.519,1.4211481549843e-120,"10","TXNIP"
7.57495291841261e-125,1.17071163186256,0.863,0.452,3.41448577750367e-120,"10","SPARCL1"
5.45421955893371e-124,2.28056546806772,0.27,0.051,2.45854400838496e-119,"10","CHRM3"
1.55461944322108e-122,1.92892210197415,0.364,0.087,7.00760260226336e-118,"10","FMO2"
6.33448849361809e-121,0.925178426928674,0.981,0.874,2.85533403338329e-116,"10","PTMA"
2.23208455415132e-120,1.87864288826827,0.369,0.09,1.00613443362925e-115,"10","JCAD"
4.71594981398843e-120,2.61273503112471,0.281,0.057,2.12576153815342e-115,"10","TEK"
6.8369310367182e-120,1.23032163373095,0.955,0.779,3.0818150341111e-115,"10","HLA-B"
4.3017346454899e-119,1.57795831277198,0.731,0.333,1.93904990880103e-114,"10","ZFP36"
1.62814368646663e-118,2.00567739337292,0.265,0.051,7.33902048111699e-114,"10","MYO10"
1.65427141569129e-118,1.88714899230769,0.373,0.093,7.45679383337007e-114,"10","ANKRD29"
3.39093570277985e-118,1.89155767717354,0.528,0.178,1.52849817738504e-113,"10","EFNA1"
6.60496453918081e-118,2.33841880796045,0.25,0.046,2.97725381568114e-113,"10","EPHA4"
6.11897950370139e-117,1.47513526997249,0.827,0.505,2.75819120108844e-112,"10","ID1"
6.86212649407461e-117,1.73022843650241,0.508,0.163,3.09317213846907e-112,"10","SYNE2"
2.87217748616352e-114,1.70921306337011,0.381,0.098,1.29466272366307e-109,"10","NRN1"
3.04119440327327e-114,1.86608088443553,0.397,0.107,1.37084878921946e-109,"10","JAG1"
1.10967673680669e-113,1.71730897440172,0.503,0.164,5.00197885882984e-109,"10","SEC14L1"
1.15451275291367e-113,1.73577340569311,0.449,0.133,5.20408168503367e-109,"10","CD93"
2.46024515445425e-113,2.67124372244118,0.256,0.05,1.1089801058218e-108,"10","HERC2P9"
3.42348463482997e-113,1.60542158042418,0.486,0.15,1.54316993399596e-108,"10","CD34"
1.57493198392961e-112,2.0279798348343,0.343,0.084,7.09916341076109e-108,"10","TGM2"
5.5148211924701e-112,1.24070555242252,0.674,0.26,2.48586080071782e-107,"10","NFIB"
6.17146613185602e-112,1.70634437605143,0.466,0.144,2.78185007359542e-107,"10","VSIR"
5.34266552639602e-111,1.60132578148269,0.566,0.205,2.40825991267827e-106,"10","YBX3"
7.01689723818164e-109,1.44705468708738,0.637,0.25,3.16293659908276e-104,"10","INSR"
1.53391734676306e-108,2.2557467142566,0.29,0.064,6.91428583226915e-104,"10","CRYBG3"
1.73425596033387e-108,0.990133994286104,0.66,0.256,7.81733216680094e-104,"10","HLA-DRB1"
1.9555059869298e-108,1.9767894547719,0.326,0.079,8.81463878668475e-104,"10","PREX2"
2.5370044245444e-108,2.11866708065896,0.344,0.087,1.14358011440763e-103,"10","LMO2"
2.81140085402049e-108,1.92911340720128,0.326,0.078,1.26726704895827e-103,"10","CTTNBP2NL"
4.58935314961939e-108,1.40499749788795,0.681,0.3,2.06869682572244e-103,"10","CAVIN1"
6.92402294285739e-107,1.33654554627931,0.725,0.336,3.1210725817224e-102,"10","TCF4"
1.97237082962439e-106,2.00744983612762,0.329,0.08,8.89065875161489e-102,"10","ADIPOR2"
2.87125082865473e-106,1.53895338511887,0.444,0.134,1.29424502352441e-101,"10","LDB2"
3.09432520419046e-106,1.59252273156301,0.519,0.178,1.39479802904089e-101,"10","EMP1"
3.38060146113688e-106,2.02580534121275,0.35,0.091,1.52383991462206e-101,"10","MKL2"
3.47502215956801e-106,1.90075363876438,0.353,0.092,1.56640098864688e-101,"10","RALB"
4.41364356885424e-106,1.5428719087436,0.497,0.164,1.98949397509674e-101,"10","KLF4"
2.34056779940673e-105,1.76300355509553,0.529,0.189,1.05503434126058e-100,"10","SOCS3"
4.11621907398803e-105,1.43607934648299,0.591,0.224,1.85542690979084e-100,"10","ARHGAP29"
5.45066734269464e-105,1.22873836488577,0.586,0.208,2.45694281139303e-100,"10","VWF"
3.62616271609886e-104,1.68155918051843,0.404,0.116,1.63452910590872e-99,"10","CARD16"
1.25580467809075e-103,1.64514683939199,0.497,0.168,5.66066516696188e-99,"10","CYR61"
4.49903957576922e-103,1.86411517061059,0.372,0.102,2.02798707917373e-98,"10","ACVRL1"
1.12131252500975e-102,1.56517551144167,0.441,0.136,5.05442833773395e-98,"10","FLT1"
2.04020705390787e-102,1.58701306143226,0.489,0.164,9.19643731619513e-98,"10","HYAL2"
5.86276018336311e-100,2.46619780848941,0.261,0.057,2.64269778025275e-95,"10","ABCB1"
8.00713850350989e-97,2.18523861217756,0.256,0.056,3.60929775184212e-92,"10","TES"
1.04636605934387e-95,1.43514804307352,0.627,0.269,4.71659964909844e-91,"10","EGR1"
1.22513112696104e-95,1.49764755698123,0.599,0.257,5.52240106788959e-91,"10","PLPP1"
4.30630358595477e-95,1.35964474944977,0.566,0.22,1.94110940440497e-90,"10","BCAM"
8.48499653503043e-94,1.59311487149678,0.637,0.283,3.82469703813032e-89,"10","KCTD12"
6.6482291282895e-93,1.88527522164348,0.318,0.084,2.99675576186778e-88,"10","LEPR"
8.86470851181609e-93,1.62283274161324,0.36,0.101,3.99585600878622e-88,"10","CDA"
2.41228585951238e-91,2.11052906693376,0.29,0.073,1.0873619740338e-86,"10","DOCK9"
4.15939410009603e-91,1.54315590939004,0.307,0.078,1.87488848455929e-86,"10","CEP68"
2.03009677902697e-90,1.7278252771336,0.323,0.086,9.15086424114198e-86,"10","CDC42BPA"
2.6180090822051e-90,2.02367327452459,0.27,0.064,1.18009377389477e-85,"10","ERG"
9.76302887058946e-90,1.50189245836123,0.63,0.283,4.4007828937069e-85,"10","PDCD4"
2.58913733061307e-88,1.91125057899374,0.336,0.096,1.16707954314715e-83,"10","ADCY4"
5.49101616455721e-88,1.54990521497149,0.671,0.323,2.47513044633581e-83,"10","CAPZA2"
6.97899790158911e-88,1.84989899001984,0.278,0.069,3.14585309412031e-83,"10","AIF1L"
1.4860307810756e-87,1.62382299086246,0.434,0.146,6.69843234877637e-83,"10","BHLHE40"
1.67118829780982e-87,1.5962026829644,0.35,0.101,7.53304837120756e-83,"10","FRYL"
2.01741827626285e-87,1.6113444789999,0.424,0.14,9.09371462208243e-83,"10","TSPAN7"
1.83627012361688e-86,1.38027801924046,0.506,0.189,8.27717120921546e-82,"10","BTG2"
2.70383463404646e-86,1.01260209024932,0.926,0.807,1.21878049964278e-81,"10","SRP14"
9.13257077011525e-86,1.48720819508794,0.469,0.168,4.11659760033715e-81,"10","BMPR2"
1.51095076248173e-85,1.09558800141288,0.878,0.698,6.81076165696264e-81,"10","HLA-C"
6.87223507895206e-85,1.61774046561568,0.373,0.115,3.09772868418843e-80,"10","FLNB"
1.3987293696681e-84,1.94905953702844,0.284,0.073,6.30491250671593e-80,"10","SULF2"
5.21255337930831e-84,1.49640213400166,0.415,0.138,2.34961056125702e-79,"10","TMOD3"
3.06719178445813e-83,1.54862471770472,0.432,0.15,1.38256736876235e-78,"10","NR4A1"
4.70205843950684e-83,1.54051706753519,0.378,0.119,2.1194998621921e-78,"10","FRMD4B"
4.05074923620491e-81,1.78053415775992,0.296,0.081,1.82591572571173e-76,"10","PTPRM"
5.35175391839286e-81,1.93384102549063,0.255,0.062,2.41235659625477e-76,"10","TCF7L1"
5.5846359074359e-81,1.85993037075588,0.304,0.084,2.51733048163581e-76,"10","CMIP"
8.1165278629137e-80,1.76982913605486,0.302,0.084,3.65860609948698e-75,"10","MALL"
9.74516102050738e-80,0.50413206433613,0.657,0.283,4.39272878160391e-75,"10","HLA-DRA"
1.2246111287367e-79,1.41834861104496,0.465,0.169,5.52005712389355e-75,"10","KIAA0355"
1.05313571053329e-78,1.14294394373199,0.566,0.231,4.74711452879984e-74,"10","LIFR"
2.84510944802757e-78,1.50722736010346,0.435,0.157,1.28246153479291e-73,"10","ELF1"
4.84059179303915e-78,1.49888776738913,0.315,0.09,2.18194515663033e-73,"10","ITSN2"
8.14470021191211e-78,1.09490317631171,0.42,0.143,3.6713050675215e-73,"10","PPP1R14A"
3.49758850643388e-77,1.53315413612751,0.435,0.156,1.57657299516014e-72,"10","LMCD1"
4.60265695896353e-77,1.69423058320029,0.253,0.063,2.0746936508224e-72,"10","HBEGF"
5.53024957849627e-76,1.61221452034234,0.448,0.168,2.49281530000298e-71,"10","GNAQ"
7.53490039580647e-76,1.45547629811538,0.409,0.145,3.39643170241373e-71,"10","STC1"
7.62385929403577e-76,1.626153704921,0.526,0.222,3.43653081537957e-71,"10","GLUL"
2.07062757643673e-75,1.56999924050413,0.292,0.082,9.33356086354619e-71,"10","CDC42EP3"
2.18008823575439e-75,1.49111408579962,0.289,0.08,9.82696573148651e-71,"10","SYNPO"
2.57323554259866e-75,1.92102522357769,0.25,0.064,1.15991165318177e-70,"10","LGALS9"
1.66147088875245e-74,1.26418918579904,0.58,0.269,7.48924617814055e-70,"10","TACC1"
1.43842884159401e-73,0.659989950336156,0.872,0.537,6.48386184636916e-69,"10","IGFBP7"
3.59710134474368e-72,1.350028616678,0.491,0.196,1.62142940215666e-67,"10","IFNGR1"
4.21433052097472e-72,1.34302201621124,0.623,0.307,1.89965162563457e-67,"10","HERPUD1"
6.07445633356807e-72,1.23544786509244,0.634,0.33,2.73812193691914e-67,"10","CCDC85B"
1.9056316736112e-71,1.43466684529335,0.344,0.111,8.58982533196985e-67,"10","LIMS2"
1.9084688111022e-71,1.39586752428297,0.404,0.145,8.60261401292427e-67,"10","CTSH"
6.58979157810941e-71,1.11961191753161,0.549,0.242,2.9704144517486e-66,"10","LRRFIP1"
8.80360657149316e-71,1.39580985492573,0.414,0.151,3.96831369816626e-66,"10","FN1"
1.27952264290271e-70,1.06359383743436,0.725,0.427,5.76757626514825e-66,"10","FKBP1A"
1.85757713629574e-70,1.39632460237995,0.344,0.112,8.3732146995667e-66,"10","EFCAB14"
1.97687861323119e-70,1.22090500843185,0.409,0.145,8.91097803700092e-66,"10","PTPRG"
3.00643445408264e-70,0.94831694734577,0.747,0.43,1.35518039452229e-65,"10","TSC22D1"
4.61140325116858e-70,1.04196291486989,0.552,0.238,2.07863612949675e-65,"10","CAV2"
1.01543791512159e-69,1.46492716149656,0.725,0.436,4.57718794620209e-65,"10","HES1"
2.14780636547766e-69,1.14134889856903,0.481,0.189,9.6814519730271e-65,"10","ENG"
4.71685911279517e-69,1.5874713283502,0.307,0.095,2.12617141368355e-64,"10","LTC4S"
5.60301179480996e-69,1.26864445590422,0.551,0.247,2.52561359662854e-64,"10","MGST2"
7.11814542172508e-69,1.72067479046343,0.253,0.069,3.2085752302968e-64,"10","SERTAD4-AS1"
4.92520539992637e-68,1.66415625507879,0.29,0.087,2.22008558607081e-63,"10","GIMAP6"
6.10762555670915e-68,1.37423978650044,0.4,0.143,2.75307329594222e-63,"10","HEY1"
7.47922009577327e-68,1.37483018149242,0.38,0.134,3.37133325037076e-63,"10","HSD17B12"
4.1670764044105e-67,1.05734841071688,0.579,0.261,1.87835136005208e-62,"10","SPTBN1"
6.78160541148156e-67,1.28675365494532,0.343,0.113,3.05687645527943e-62,"10","MGAT1"
1.19617085703576e-66,1.64514453148068,0.299,0.092,5.39185975517439e-62,"10","APOL3"
5.18250043862491e-65,0.815247204238337,0.894,0.656,2.33606389771456e-60,"10","ID3"
1.40486138439429e-64,0.912678030203524,0.795,0.525,6.33255317629568e-60,"10","BST2"
1.64229746836947e-64,1.41381177664731,0.315,0.102,7.40282006842221e-60,"10","HDGFL3"
2.06169110186249e-64,1.13246022929198,0.552,0.256,9.29327881075534e-60,"10","SNHG7"
1.30853506922223e-63,1.27132295326186,0.306,0.097,5.89835267802612e-59,"10","NEDD9"
1.81589675900503e-62,0.878924241994083,0.772,0.532,8.18533623089106e-58,"10","CALM1"
6.57141532242275e-62,1.42699019912121,0.35,0.123,2.96213117073528e-57,"10","ENTPD1"
9.84138655086391e-62,1.40873535748437,0.313,0.103,4.43610340166742e-57,"10","LTBP4"
1.30976326191716e-61,0.819251494627038,0.594,0.268,5.90388887941781e-57,"10","LPAR6"
7.86454574581188e-60,1.41084115148975,0.434,0.177,3.54502264038216e-55,"10","RBP7"
7.86445979266855e-59,0.845554490924306,0.795,0.541,3.54498389614327e-54,"10","IFITM2"
1.14195819123954e-58,0.901890226007456,0.4,0.153,5.14749074283133e-54,"10","HLA-DRB5"
1.27330631225311e-58,1.31529616498662,0.338,0.12,5.73955553311211e-54,"10","PPP2R2A"
2.7064631164647e-58,0.981782475747712,0.674,0.385,1.21996531437763e-53,"10","IFI44L"
7.38823665159867e-58,1.18338088616643,0.458,0.193,3.33032155307462e-53,"10","CD46"
1.10541236671741e-57,1.49970981845943,0.252,0.076,4.98275678421538e-53,"10","NOTCH1"
8.37185906270974e-57,0.788888424149506,0.54,0.234,3.77369919110704e-52,"10","FXYD5"
2.99574973569933e-56,0.966142436686384,0.648,0.35,1.35036415086383e-51,"10","ZFP36L2"
7.16437970803214e-56,0.846206935165923,0.826,0.595,3.22941579719257e-51,"10","FOS"
1.61552133144047e-55,1.19825146682523,0.315,0.11,7.28212395360108e-51,"10","ZEB1"
6.6039564636454e-55,1.02015367731817,0.519,0.238,2.9767994155528e-50,"10","FOXP1"
1.05369412330125e-54,1.23608638456684,0.426,0.179,4.74963163019273e-50,"10","POLE4"
2.38464162961102e-54,1.33565162388667,0.304,0.106,1.07490106096346e-49,"10","RUNX1T1"
2.87350706451451e-54,1.28276377341124,0.341,0.127,1.29526204440056e-49,"10","CNOT6L"
5.04848664270666e-54,1.12951175413061,0.498,0.232,2.27565583906645e-49,"10","CCNL1"
5.08775671434895e-54,1.0652679742087,0.389,0.153,2.29335721655993e-49,"10","SPTAN1"
5.31806055937039e-54,1.1151428115567,0.25,0.077,2.3971689777418e-49,"10","TNFRSF1B"
7.74298390247688e-54,1.35733554758493,0.252,0.079,3.49022742388048e-49,"10","GRB10"
1.82695855153241e-53,1.26600580064278,0.397,0.163,8.23519836688749e-49,"10","SSFA2"
4.23752899620909e-53,0.920012639370404,0.872,0.691,1.91010857033121e-48,"10","HLA-A"
4.82397322460087e-53,1.04955732180559,0.514,0.247,2.17445417072109e-48,"10","FDPS"
7.31427419736109e-53,0.59075549200344,0.91,0.81,3.29698223720249e-48,"10","RPL27A"
1.26480648033926e-52,1.08103011939115,0.474,0.216,5.70124169077725e-48,"10","S100A16"
4.88861704489192e-52,1.41713000511287,0.278,0.094,2.20359301915548e-47,"10","APOLD1"
5.57167690514268e-52,1.00777174753182,0.674,0.409,2.51148908176212e-47,"10","RDX"
8.11377928638974e-52,0.896509898298253,0.443,0.189,3.65736715113304e-47,"10","CRIM1"
1.34164535380603e-51,1.1383834289434,0.429,0.183,6.04760059681604e-47,"10","CD320"
6.25282620862267e-51,1.2877425465075,0.336,0.13,2.81852394179875e-46,"10","LUZP1"
8.29869371056562e-51,0.772544548701133,0.287,0.097,3.74071917697456e-46,"10","MIR4435-2HG"
1.06976576019169e-50,1.31100206832023,0.256,0.082,4.82207614064007e-46,"10","DHRS7B"
1.51527810404858e-50,1.27549913446755,0.335,0.128,6.83026758180936e-46,"10","SLFN5"
3.84442754868308e-50,1.23689770982347,0.304,0.109,1.73291416184439e-45,"10","HPCAL1"
8.03882102376319e-50,1.11364385398736,0.318,0.117,3.62357896467149e-45,"10","SOCS2"
2.06376861639083e-49,1.24415120973209,0.255,0.084,9.30264341524329e-45,"10","RPIA"
2.35035711126926e-49,0.825723902862551,0.782,0.541,1.05944697147573e-44,"10","HSPB1"
5.85444457786481e-49,1.51279083969499,0.275,0.096,2.63894943791834e-44,"10","FLI1"
8.34776394769327e-49,1.09568250626663,0.279,0.097,3.76283807706222e-44,"10","ABLIM1"
9.38756826277099e-49,1.3156181211994,0.255,0.084,4.23154027012665e-44,"10","NUAK1"
9.99624952053865e-49,1.13475045184461,0.412,0.18,4.505909433878e-44,"10","MGLL"
2.44780338612138e-48,0.864838227564541,0.375,0.151,1.10337185432807e-43,"10","CLEC2B"
3.14877972320464e-48,1.01510911908426,0.449,0.204,1.41934394803173e-43,"10","YWHAH"
5.97204911909422e-48,1.07859997177564,0.278,0.097,2.69196086092291e-43,"10","MAP3K11"
1.35212159697637e-47,1.00636570195419,0.455,0.21,6.0948233105307e-43,"10","XAF1"
1.38698644641997e-47,1.28443372745073,0.275,0.096,6.25198010588265e-43,"10","FKBP9"
9.09980689345808e-47,1.003932421748,0.383,0.16,4.10182895529517e-42,"10","DUSP6"
2.98642952710061e-46,1.30359018386053,0.31,0.118,1.34616297363587e-41,"10","SYNGR2"
4.96915775124619e-46,1.09699408276186,0.471,0.231,2.23989754795173e-41,"10","FEZ2"
5.41918289605724e-46,1.02534248348163,0.569,0.309,2.44275088222676e-41,"10","CDC37"
1.11893560076697e-45,0.93447786292226,0.355,0.144,5.0437141140172e-41,"10","PTPN12"
1.13594703027453e-45,1.03268580553489,0.407,0.177,5.12039483366549e-41,"10","HLA-F"
1.65689982699774e-45,0.867103145660185,0.531,0.268,7.46864166017501e-41,"10","APLP2"
9.3142627965826e-45,1.10117214188395,0.414,0.187,4.19849709818757e-40,"10","MCL1"
1.73528935619885e-44,1.26389695967016,0.312,0.121,7.82199030200192e-40,"10","AKR1C3"
1.8522748802645e-44,1.31185766633143,0.25,0.086,8.34931425028025e-40,"10","ROBO4"
2.14384708729798e-44,0.852146469963407,0.299,0.112,9.66360513070438e-40,"10","AFDN"
2.32734493554491e-44,1.02789477105273,0.298,0.112,1.04907400314623e-39,"10","MRPL17"
2.45892321985258e-44,1.09470389885611,0.323,0.127,1.10838423058075e-39,"10","KLF10"
2.92015675873904e-44,1.05836089182091,0.329,0.13,1.31628986056921e-39,"10","MAPK3"
4.00312533596629e-44,0.957895258345118,0.281,0.103,1.80444877644017e-39,"10","FNIP2"
4.43978721442198e-44,0.931228349387481,0.529,0.274,2.00127848477285e-39,"10","MGP"
1.54627876984738e-43,0.915761414868209,0.512,0.265,6.97000618296403e-39,"10","GNAI2"
1.58738234816144e-43,0.577162942427899,0.824,0.562,7.15528467257249e-39,"10","JUN"
3.20356319587729e-43,0.953226351260768,0.61,0.368,1.44403814617365e-38,"10","TAGLN2"
3.43753569920227e-43,1.28757826392387,0.282,0.107,1.54950359177242e-38,"10","ANKRD28"
4.36649972234654e-43,0.834641850657324,0.253,0.088,1.96824341484493e-38,"10","NR4A2"
5.35596867663226e-43,0.798802773663728,0.739,0.501,2.41425644067876e-38,"10","SELENOW"
1.35926447311243e-42,0.847296558024973,0.642,0.375,6.1270205390016e-38,"10","WSB1"
2.40292641351712e-42,1.22857014580218,0.25,0.089,1.08314311015698e-37,"10","NMI"
2.65401113838188e-42,0.964090714631291,0.37,0.158,1.19632206073702e-37,"10","CCDC50"
2.6961601417791e-42,0.802004052409921,0.733,0.502,1.21532114550835e-37,"10","TIMP3"
3.62981603019879e-42,1.01720437310423,0.435,0.205,1.63617587377241e-37,"10","ZFYVE21"
5.10648400891851e-42,1.09846605464795,0.259,0.093,2.30179873186011e-37,"10","CXorf36"
9.53847019559044e-42,0.922449207236115,0.623,0.379,4.29956082536435e-37,"10","DDIT4"
3.69166539163939e-41,0.793813127409707,0.407,0.181,1.66405509193537e-36,"10","ELK3"
6.73418427125006e-41,0.865932596338623,0.353,0.15,3.03550090210868e-36,"10","PHACTR2"
8.8517431104899e-41,0.811752889016018,0.628,0.362,3.99001172448443e-36,"10","SDCBP"
1.22017938118645e-40,0.895506839217793,0.543,0.289,5.50008057863606e-36,"10","PRMT1"
2.10683123021546e-40,0.891179784185618,0.392,0.175,9.49675245331922e-36,"10","PLS3"
6.11982345281087e-40,1.03496346528347,0.282,0.108,2.75857161958903e-35,"10","SNRK"
9.53281270453741e-40,1.0164878936015,0.264,0.099,4.29701065469728e-35,"10","AAED1"
1.53649612019646e-39,0.727972638395727,0.452,0.217,6.92590991139755e-35,"10","CLIC4"
2.22024241716664e-39,1.06963445332644,0.336,0.144,1.00079647196204e-34,"10","ADD1"
3.1399106592216e-39,0.862572231591762,0.512,0.27,1.41534612875073e-34,"10","SP100"
6.35315221542299e-39,0.847766463082743,0.347,0.15,2.86374689262407e-34,"10","KLF3"
7.11016682694891e-39,0.867269925469819,0.471,0.237,3.20497879891549e-34,"10","PLSCR1"
7.82323530240778e-39,0.774170755268632,0.526,0.278,3.52640154491333e-34,"10","CAVIN3"
4.65078276460816e-38,0.789490629970272,0.343,0.147,2.09638683897478e-33,"10","PKIG"
5.23277927342602e-38,0.718368358940913,0.535,0.289,2.35872758528951e-33,"10","TPM3"
1.08588443114866e-37,1.00157830402053,0.42,0.204,4.89473266184572e-33,"10","MX1"
1.09650596304452e-37,0.898882576439556,0.256,0.096,4.94261027901946e-33,"10","MYO1C"
1.17088472807601e-37,0.795425861732229,0.736,0.515,5.27788000027542e-33,"10","POMP"
1.18732260584179e-37,0.834937147135693,0.489,0.256,5.35197537809247e-33,"10","ACTN4"
1.45010986558799e-37,0.950727599504514,0.395,0.186,6.53651523012444e-33,"10","NASP"
2.29389284032046e-37,0.831792767714068,0.355,0.156,1.03399513670285e-32,"10","HLA-DMA"
9.55080010042613e-37,0.873675776563246,0.298,0.122,4.30511865326808e-32,"10","CRK"
1.08878057659644e-36,0.936779682967492,0.35,0.155,4.90778732706613e-32,"10","ODF3B"
1.88858960276782e-36,0.773047549751617,0.565,0.336,8.51300649343623e-32,"10","EMP2"
2.73972857883011e-36,0.683588297214767,0.386,0.177,1.23496005419346e-31,"10","BNIP2"
4.33051684994872e-36,0.813296826072718,0.603,0.352,1.95202377528288e-31,"10","PSMB9"
5.77406402783682e-36,0.895632764463117,0.44,0.215,2.60271710118772e-31,"10","MYH9"
7.50400544407692e-36,0.674654498084704,0.701,0.462,3.38250549397211e-31,"10","ISG15"
9.63010872027615e-36,0.640720742790404,0.778,0.576,4.34086780675168e-31,"10","RAC1"
9.77030177899599e-36,0.777977571914894,0.369,0.166,4.40406122990023e-31,"10","GAS6"
1.31691088000293e-35,0.834740982220905,0.306,0.128,5.93610748270122e-31,"10","UBE2J1"
1.59018921620524e-35,0.725348533271836,0.386,0.179,7.16793691096675e-31,"10","IQGAP1"
1.68571405240044e-35,0.906342341428305,0.404,0.194,7.59852466260021e-31,"10","CYB5A"
2.65748134170801e-35,0.821237751058071,0.279,0.112,1.1978862895883e-30,"10","SUN1"
8.12392449090322e-35,0.53674340708457,0.568,0.309,3.66194020351953e-30,"10","MEF2C"
8.5293233667676e-35,0.639171284152022,0.395,0.182,3.84467780080416e-30,"10","AQP1"
1.20003289547898e-34,0.891408240848088,0.454,0.234,5.40926827966104e-30,"10","PTTG1IP"
1.37681647305933e-34,1.00768278472838,0.321,0.141,6.20613793396222e-30,"10","IFNAR1"
1.65504112464805e-34,1.10715985839363,0.258,0.102,7.46026337346353e-30,"10","STARD3NL"
1.6931330871351e-34,0.717952448586007,0.292,0.12,7.63196670357019e-30,"10","TMEM47"
5.08674119589469e-34,1.01101176550234,0.285,0.119,2.29289946146149e-29,"10","LIPA"
9.03671374030404e-34,0.927726275434933,0.299,0.128,4.07338908557945e-29,"10","NCKAP1"
9.56053140433718e-34,1.04063679012473,0.284,0.119,4.30950513581903e-29,"10","MOB2"
3.38788202892471e-33,0.717826210392314,0.403,0.198,1.5271217033581e-28,"10","MBNL1"
5.13861698934881e-33,0.858833965654448,0.304,0.131,2.31628299411887e-28,"10","COL4A1"
5.92103016773537e-33,0.83703530014687,0.262,0.106,2.6689635584084e-28,"10","SLC44A2"
1.07231662784349e-32,0.788184419385095,0.299,0.129,4.83357443166733e-28,"10","TMEM245"
2.55803987117912e-32,1.01091548668071,0.333,0.154,1.1530620523327e-27,"10","CFAP36"
2.61442901162025e-32,0.954533224943057,0.295,0.127,1.17848002127794e-27,"10","B3GNT2"
3.13258850118048e-32,0.728765851100027,0.465,0.246,1.41204559279211e-27,"10","HSPG2"
3.96583685430368e-32,0.981161624445186,0.259,0.106,1.78764062044593e-27,"10","SLC39A10"
5.05714999255966e-32,0.906551364869701,0.287,0.124,2.27956093064619e-27,"10","ECE1"
6.22869754577841e-31,0.926642558150139,0.397,0.202,2.80764770573507e-26,"10","TMEM109"
7.19927687828797e-31,0.663935445496635,0.34,0.155,3.24514604565709e-26,"10","NDRG1"
9.87535868600633e-31,0.726498449670143,0.679,0.465,4.45141668130421e-26,"10","IFITM1"
1.06318306597814e-30,0.792156042787025,0.318,0.143,4.79240398820304e-26,"10","EHD4"
1.14863377594873e-30,0.623293714955924,0.455,0.238,5.17758160846649e-26,"10","RBM17"
8.32741131784761e-30,0.623688922249428,0.741,0.568,3.75366392563299e-25,"10","NEAT1"
1.36358705727807e-29,0.709271677445883,0.346,0.164,6.14650501938665e-25,"10","BAZ2B"
2.10859780493368e-29,0.708749862380479,0.414,0.211,9.50471546551906e-25,"10","C9orf16"
3.29561660245583e-29,0.683651026314699,0.264,0.112,1.48553213972299e-24,"10","FAM120A"
4.67696424646879e-29,0.596105837722281,0.298,0.133,2.10818840373827e-24,"10","TLK1"
5.06389617941862e-29,0.73517113435234,0.256,0.108,2.28260184183474e-24,"10","MSRB3"
6.1191537911299e-29,0.555442520379054,0.519,0.287,2.75826976288971e-24,"10","TJP1"
7.97152830468261e-29,0.69821563119284,0.642,0.436,3.59324609861873e-24,"10","GNAS"
9.01734391002796e-29,0.595407869420095,0.372,0.18,4.0646579408842e-24,"10","PARP14"
1.1501465913413e-28,0.599826479059712,0.327,0.153,5.18440077513005e-24,"10","SEC11C"
1.19358809709826e-28,0.576961709719403,0.488,0.267,5.38021770648012e-24,"10","SCP2"
1.49568977767641e-28,0.848200985769297,0.281,0.125,6.74197124185421e-24,"10","FAM13C"
3.17590985249957e-28,0.779840310794782,0.361,0.179,1.43157312511271e-23,"10","IFI44"
3.50681887255983e-28,0.657026912605525,0.427,0.226,1.58073367499507e-23,"10","STMN1"
4.54940001988925e-28,0.733684097723983,0.341,0.164,2.05068755296528e-23,"10","TMEM9B"
5.42537325033109e-28,0.657174046370466,0.696,0.48,2.44554124631924e-23,"10","ARGLU1"
6.1727303882842e-28,0.679283011829451,0.265,0.116,2.78241994982299e-23,"10","NTAN1"
6.99982982717921e-28,0.782080300978702,0.27,0.119,3.1552432928993e-23,"10","PLEC"
7.51946266978108e-28,0.779029060255374,0.269,0.118,3.38947299303052e-23,"10","HDAC7"
7.68675720904567e-28,0.82803014488845,0.273,0.12,3.46488267954942e-23,"10","HTRA1"
9.83401067596081e-28,0.662675888001156,0.568,0.349,4.43277865229609e-23,"10","CYB5R3"
1.64957735749618e-27,0.548036345648232,0.551,0.343,7.4356348966498e-23,"10","KLF6"
2.06754117765321e-27,0.870793454171626,0.287,0.131,9.31964861238962e-23,"10","NPTN"
2.63665367610267e-27,0.576566212239634,0.397,0.204,1.18849801104004e-22,"10","RAP1A"
4.81440104873986e-27,0.716007829220999,0.394,0.205,2.17013941672998e-22,"10","TGOLN2"
5.94824116742014e-27,0.818118604876056,0.634,0.4,2.6812291886263e-22,"10","CTNNB1"
1.05232370097572e-26,0.761346234432671,0.336,0.164,4.74345431451817e-22,"10","NAA10"
2.04826834720974e-26,0.602809547893831,0.532,0.319,9.23277440188264e-22,"10","EIF4G2"
5.96211526571452e-26,0.72516982911483,0.319,0.156,2.68748307717348e-21,"10","NFIA"
8.63608706947718e-26,0.59653244457119,0.4,0.211,3.89280260743753e-21,"10","ETS1"
1.15039553374366e-25,0.85360132647915,0.269,0.12,5.18552290790291e-21,"10","THBD"
1.48740321556882e-25,0.574179036774582,0.708,0.497,6.70461873449801e-21,"10","APP"
2.1415506303227e-25,0.598925369168558,0.398,0.208,9.65325362124261e-21,"10","C8orf33"
2.15885868190014e-25,0.824605289088379,0.287,0.135,9.73127139453305e-21,"10","NFKBIZ"
3.9481944391633e-25,0.732662511993948,0.278,0.129,1.77968812539725e-20,"10","PHACTR4"
7.50101307528625e-25,0.501891423931496,0.255,0.114,3.38115665381603e-20,"10","WNK1"
8.82542063252321e-25,0.60293998113409,0.278,0.13,3.97814660431616e-20,"10","SMARCA2"
9.07253125403977e-25,0.687406869025654,0.429,0.235,4.08953418807097e-20,"10","CHMP3"
9.60886745610759e-25,1.0529655301154,0.279,0.134,4.33129309451506e-20,"10","EVL"
1.02973919557615e-24,0.746642169316497,0.418,0.23,4.64165239797905e-20,"10","BCAP29"
1.72228598630349e-24,0.578410573206625,0.315,0.154,7.76337631186161e-20,"10","TMEM173"
2.88259573274747e-24,0.798002196476152,0.355,0.184,1.29935885249325e-19,"10","NOSIP"
6.78933118912142e-24,0.537530990406982,0.434,0.24,3.06035892680837e-19,"10","LIMA1"
8.34299332208989e-24,0.623269935532898,0.369,0.194,3.76068766986524e-19,"10","SERINC3"
1.12228677196131e-23,0.541988563952346,0.75,0.582,5.05881985329278e-19,"10","MYL12B"
1.15565199038402e-23,0.555547717397071,0.309,0.15,5.209216911855e-19,"10","PIK3C2A"
2.33836524923431e-23,0.817674776648321,0.27,0.13,1.05404151974486e-18,"10","NCK1"
4.01542541111977e-23,0.711345558064863,0.292,0.141,1.80999315831635e-18,"10","TXNDC12"
4.50028611659542e-23,0.603122911950926,0.495,0.294,2.02854896991655e-18,"10","PSMB8"
4.76940652204927e-23,0.518615631346071,0.341,0.175,2.14985768387893e-18,"10","RILPL2"
4.88843721768532e-23,0.630102515522574,0.355,0.187,2.20351196024384e-18,"10","TRIM56"
8.1632599539486e-23,0.70702641094054,0.326,0.165,3.67967105684187e-18,"10","NECTIN2"
1.82675828641146e-22,0.688772215497124,0.258,0.122,8.23429565182828e-18,"10","NTHL1"
2.06868808265847e-22,0.615602309868917,0.31,0.153,9.32481840139131e-18,"10","RSU1"
2.15379412061423e-22,0.516296037302917,0.278,0.135,9.70844237808069e-18,"10","CCND1"
2.49811538037613e-22,0.587675525370769,0.298,0.147,1.12605048885834e-17,"10","GNB1"
2.71030144665687e-22,0.532189311216797,0.285,0.139,1.22169548009505e-17,"10","RBMS3"
3.38829112628831e-22,0.820820010779992,0.292,0.146,1.52730610808572e-17,"10","SP110"
3.54570490280825e-22,0.572844032080146,0.363,0.192,1.59826194198985e-17,"10","TMEM204"
4.12440946747278e-22,0.505183013461096,0.435,0.248,1.85911881155803e-17,"10","ATP1A1"
4.26779566304426e-22,0.592134979062596,0.285,0.14,1.92375157307383e-17,"10","MYCBP2"
5.39420514872814e-22,0.618446879520132,0.273,0.131,2.43149191284069e-17,"10","ARPC5L"
5.82996163675326e-22,0.684427408713189,0.269,0.129,2.6279135073829e-17,"10","MRPL1"
8.35048674263082e-22,0.523622501239311,0.384,0.208,3.76406540410827e-17,"10","CRBN"
1.0591932038876e-21,0.684959639979795,0.262,0.127,4.77441928584374e-17,"10","BTN3A2"
1.26111345416402e-21,0.579729261749861,0.395,0.218,5.68459500598973e-17,"10","SH3GLB1"
1.61127337916912e-21,0.602909190318858,0.333,0.175,7.26297588394272e-17,"10","SPOP"
1.77668733609681e-21,0.514080152049928,0.34,0.176,8.00859583618997e-17,"10","CCT6A"
2.52490402156933e-21,0.616296444846856,0.285,0.142,1.13812573676259e-16,"10","TPRKB"
3.16747714814643e-21,0.530799936272202,0.319,0.164,1.42777199929849e-16,"10","ARL2BP"
3.72237752170697e-21,0.561496627097137,0.259,0.124,1.67789889168463e-16,"10","VPS36"
9.39699422254949e-21,0.691214641219548,0.335,0.18,4.23578911575641e-16,"10","CMPK1"
1.01982579861611e-20,0.504083197696802,0.554,0.357,4.59696676984197e-16,"10","PPA1"
8.51554842669888e-20,0.559747204813688,0.284,0.145,3.83846860881879e-15,"10","PAM"
8.88518893464961e-20,0.619030872782857,0.296,0.154,4.00508776418266e-15,"10","AAK1"
1.62388636358148e-19,0.533217498378138,0.372,0.206,7.31983017247986e-15,"10","NRP1"
1.65192724197425e-19,0.647846754683644,0.285,0.146,7.44622723592314e-15,"10","TMEM30A"
4.03059948592914e-19,0.726873661907236,0.306,0.162,1.81683302427742e-14,"10","SDF2"
4.73102299558457e-19,0.62884622159927,0.58,0.388,2.1325559254897e-14,"10","JUND"
8.54777415682507e-19,0.767759378498939,0.259,0.133,3.85299467893047e-14,"10","TRIM22"
1.1952929327192e-18,0.537500570218849,0.276,0.142,5.38790242352508e-14,"10","CALU"
1.43976450792158e-18,0.514334777307033,0.344,0.188,6.48988249590731e-14,"10","ZBTB38"
1.6702336492624e-18,0.595741845219635,0.358,0.2,7.52874519741521e-14,"10","H1FX"
2.01124679664681e-18,0.559920779146841,0.41,0.244,9.06589606056518e-14,"10","NKTR"
7.2543573460087e-18,0.520605905488887,0.296,0.158,3.26997411728688e-13,"10","PLK2"
1.5011255140746e-17,0.50466851290223,0.586,0.392,6.76647336724265e-13,"10","MRPL33"
1.58593836495138e-17,0.546950847932073,0.275,0.144,7.14877577385485e-13,"10","GPRC5B"
1.94210921289494e-17,0.510257700377384,0.327,0.183,8.75425148804525e-13,"10","STAT1"
2.22265919297248e-17,0.504046478894729,0.301,0.162,1.00188585782427e-12,"10","H1F0"
5.1581216804069e-17,0.529173371201002,0.281,0.15,2.32507492866021e-12,"10","RAB6A"
7.62348405004195e-17,0.532659191799296,0.549,0.377,3.43636167039691e-12,"10","RHOC"
1.02479091856186e-16,0.54523173727777,0.506,0.332,4.61934754450942e-12,"10","SERPINB6"
1.30700831142658e-16,0.551425226420714,0.261,0.137,5.89147066458644e-12,"10","COMMD7"
2.10977439212247e-16,0.631529033094768,0.366,0.221,9.51001904993126e-12,"10","BRI3"
2.65725365477079e-16,0.565597473563194,0.404,0.246,1.19778365742448e-11,"10","FLOT1"
2.99536901185392e-16,0.524308454236574,0.273,0.146,1.35019253578327e-11,"10","WDR33"
4.39090616314678e-16,0.543263589906966,0.324,0.186,1.97924486210004e-11,"10","AKR1B1"
5.48313356841528e-16,0.540654018428969,0.264,0.141,2.47157728729887e-11,"10","RIN2"
9.20702062516522e-16,0.515124407976356,0.253,0.133,4.15015661699947e-11,"10","PTBP1"
1.07066510800034e-15,0.609224710925734,0.307,0.175,4.82613004082231e-11,"10","SHISA5"
1.94101980310498e-15,0.631592130305471,0.265,0.144,8.74934086447599e-11,"10","UFD1"
3.2803259910227e-15,0.565634403239546,0.256,0.138,1.47863974371339e-10,"10","PCF11"
7.11179010341438e-14,0.539802436238911,0.282,0.16,3.20571050701506e-09,"10","VAMP3"
6.95302313618571e-12,0.534859406181091,0.273,0.161,3.13414470886707e-07,"10","MOB4"
0,4.6864389869858,0.681,0.065,0,"11","CD52"
0,5.80659548830255,0.603,0.036,0,"11","CCL5"
0,5.72375725121367,0.576,0.021,0,"11","CD69"
0,4.6881307830495,0.549,0.039,0,"11","HCST"
0,4.56822359288119,0.537,0.032,0,"11","PTPRC"
0,4.21510837364825,0.498,0.03,0,"11","CD3D"
0,5.2288438599298,0.424,0.021,0,"11","CORO1A"
0,7.66092253007983,0.401,0.007,0,"11","KLRB1"
0,6.26847143550504,0.389,0.007,0,"11","CD3G"
0,7.6157491050966,0.288,0.003,0,"11","LINC01871"
0,7.79981558930122,0.253,0.004,0,"11","KLRD1"
7.16914481084698e-291,5.24292905746663,0.3,0.013,3.23156371493738e-286,"11","CST7"
1.14984971170517e-290,5.45050969632879,0.44,0.03,5.18306256048224e-286,"11","NKG7"
1.23779690699638e-249,4.06424833650299,0.455,0.037,5.57949333797688e-245,"11","GZMA"
1.6252251861536e-247,5.04728119932804,0.409,0.031,7.32586504910596e-243,"11","CXCR4"
3.9079057153199e-246,4.06370048843939,0.335,0.019,1.7615275802376e-241,"11","CD3E"
1.32874655440517e-239,3.64699038676433,0.428,0.033,5.98945796863673e-235,"11","CD2"
2.28315876908534e-233,3.82826020911257,0.436,0.036,1.02915664675291e-228,"11","TRAC"
2.92314380855137e-212,6.51035180402356,0.319,0.021,1.31763630314261e-207,"11","GNLY"
1.13008582420304e-201,4.32583512602265,0.296,0.019,5.0939748611776e-197,"11","TRBC1"
6.05343775883749e-179,4.63394228910324,0.268,0.018,2.72864760417359e-174,"11","FYB1"
1.11323092874483e-166,4.11118831743799,0.311,0.025,5.01799973441019e-162,"11","TRBC2"
1.64811830433796e-160,4.23824222050364,0.257,0.018,7.42905806863378e-156,"11","LCP1"
2.22159549703522e-154,3.46599787428404,0.576,0.098,1.0014063862436e-149,"11","IL32"
3.81989496047656e-149,4.28759414376718,0.265,0.021,1.72185585238441e-144,"11","ALOX5AP"
1.0229783827519e-141,3.63093878067718,0.265,0.021,4.61117735809248e-137,"11","IL2RG"
1.50036636632816e-126,3.97011872837162,0.253,0.022,6.76305143286082e-122,"11","CD53"
1.47092350940421e-124,3.2121237171358,0.276,0.026,6.63033481099042e-120,"11","CD48"
2.89191033118358e-96,2.49167807238886,0.802,0.326,1.30355750088431e-91,"11","S100A4"
1.25464228609285e-80,1.57555389933567,0.961,0.89,5.65542556879214e-76,"11","RPS29"
4.88346878643881e-76,1.35543457680611,0.992,0.954,2.20127239017516e-71,"11","RPS27"
4.8014708929248e-72,2.78214892362995,0.272,0.041,2.16431101969478e-67,"11","LTB"
4.82633339557398e-67,2.79089535992832,0.272,0.044,2.17551804138893e-62,"11","DUSP2"
1.75424794009781e-64,1.23722938535673,0.996,0.977,7.90744801478491e-60,"11","TMSB4X"
3.57707190985857e-58,1.35567199431109,0.961,0.862,1.61240093408785e-53,"11","RPS19"
8.91782957856211e-57,1.02856777866742,0.988,0.939,4.01980086083266e-52,"11","RPL39"
2.48650592727344e-53,1.13639949688787,0.918,0.869,1.12081741177778e-48,"11","RPL28"
1.41887407733697e-51,0.742589866218151,1,0.988,6.39571679100412e-47,"11","B2M"
1.13732537837077e-47,1.00281053332829,0.953,0.891,5.12660787554406e-43,"11","RPS15A"
1.16129638314624e-43,1.06908444736438,0.926,0.861,5.23465957666997e-39,"11","RPLP2"
1.56050563914693e-40,2.47605676449815,0.307,0.083,7.03413521901871e-36,"11","STK17B"
2.74333715000903e-39,0.83409740421995,0.992,0.96,1.23658665373807e-34,"11","RPL34"
2.84541518829666e-39,0.82853274442377,0.969,0.945,1.2825993502766e-34,"11","RPS14"
6.62337369641646e-39,1.04961258215862,0.918,0.853,2.98555192739668e-34,"11","RPL23A"
3.72380221743957e-38,1.03349050660685,0.949,0.886,1.67854108753306e-33,"11","RPL13A"
4.72144532582139e-38,0.626910906300914,1,0.999,2.12823869506725e-33,"11","MALAT1"
2.87094304206706e-37,1.50789284428004,0.759,0.553,1.29410628564215e-32,"11","BTG1"
5.19042900869694e-37,0.966776882133198,0.926,0.869,2.33963777996023e-32,"11","RPS3"
1.1919320930518e-36,1.03867392127754,0.938,0.928,5.37275310264031e-32,"11","RPL21"
2.71005377785952e-36,0.894936936796602,0.957,0.903,1.22158384090796e-31,"11","RPS12"
1.05286828180803e-35,0.735571928056681,0.992,0.963,4.74590906707789e-31,"11","RPL10"
8.60093331800591e-34,0.968410360513382,0.93,0.858,3.87695670242434e-29,"11","RPS2"
8.58917563505208e-32,0.705252843311864,0.981,0.951,3.87165680925607e-27,"11","RPL13"
9.29698060045611e-32,0.539016626411555,0.988,0.989,4.1907069754616e-27,"11","RPL41"
1.95885827235996e-31,0.679998296254164,0.949,0.938,8.82974954848974e-27,"11","RPS28"
3.1236895551345e-30,1.92195501897568,0.658,0.435,1.40803430387243e-25,"11","PABPC1"
4.1085313964143e-30,0.947599000930873,0.911,0.851,1.85196161224771e-25,"11","RPL18A"
7.21098490006525e-29,2.85117721834593,0.331,0.125,3.25042355355341e-24,"11","PPP2R5C"
1.78057385120841e-27,0.691665127305502,0.957,0.926,8.02611469170704e-23,"11","RPS15"
7.16875281570284e-26,0.729269567033749,0.946,0.947,3.23138701920621e-21,"11","RPLP1"
1.34936524627095e-25,1.95414763157152,0.525,0.322,6.08239878409095e-21,"11","SH3BGRL3"
1.52326457134889e-25,0.695782001261235,0.957,0.934,6.86626738181227e-21,"11","RPS27A"
1.56328575012882e-24,0.89266041809402,0.837,0.756,7.04666684728068e-20,"11","RPS21"
1.66014266636067e-24,0.61671511323211,0.981,0.938,7.48325908288737e-20,"11","TMSB10"
2.05779073593501e-24,1.05428077694148,0.856,0.813,9.27569752130064e-20,"11","RPL27A"
7.30321963462876e-24,0.597584067249867,0.973,0.945,3.29199928250526e-19,"11","RPL32"
9.35333098762407e-22,0.919700399021896,0.844,0.753,4.21610747598142e-17,"11","RPL31"
2.4218237898383e-21,0.578427814177539,0.946,0.926,1.09166129150751e-16,"11","RPL11"
4.44376120683128e-21,1.36995768469136,0.685,0.604,2.00306980159127e-16,"11","PFN1"
2.00650449618629e-20,2.31021297011818,0.311,0.136,9.0445196670093e-16,"11","EVL"
2.52474926244887e-20,1.75436216472898,0.432,0.236,1.13805597754145e-15,"11","ARHGDIB"
1.29440756991382e-19,0.633842605840838,0.891,0.885,5.83467156214352e-15,"11","RPL19"
6.65153786625879e-19,0.757453307255921,0.813,0.797,2.99824720859481e-14,"11","RPL14"
8.18898955367346e-19,0.54484285982526,0.938,0.934,3.69126893121385e-14,"11","RPS4X"
2.76517595136527e-18,0.750430125030008,0.829,0.788,1.24643071183741e-13,"11","RPS26"
2.97654319732467e-18,0.699413107358164,0.899,0.879,1.34170661162607e-13,"11","RPS25"
1.97269244289526e-17,0.594803364350456,0.961,0.953,8.89210845559469e-13,"11","RPS18"
4.67486083769753e-17,0.592502141739434,0.922,0.879,2.10724027120054e-12,"11","RPL12"
7.27911403791561e-17,1.82396671013424,0.471,0.316,3.28113344373084e-12,"11","TSC22D3"
4.17811956490793e-16,0.678179131759744,0.903,0.885,1.8833291750779e-11,"11","RPS6"
9.46387892978295e-15,0.536674210856206,0.829,0.838,4.26593806638896e-10,"11","FAU"
9.95616460756361e-15,0.862357438052036,0.712,0.672,4.48784075850537e-10,"11","TMA7"
2.60199958022698e-14,0.626502046630728,0.864,0.847,1.17287733078311e-09,"11","RPL35"
3.74308812496034e-13,0.889738757220609,0.514,0.341,1.68723440320712e-08,"11","SRGN"
8.23977729307478e-13,0.601538014425,0.813,0.81,3.71416201262639e-08,"11","RPS7"
8.46392143224255e-13,0.55075395211908,0.879,0.862,3.81519722479765e-08,"11","RPL30"
9.84899000509394e-13,0.728583136925241,0.786,0.773,4.43953073469614e-08,"11","RPS16"
1.61824025659998e-12,1.99621438488228,0.296,0.158,7.29437978065007e-08,"11","AC020916.1"
3.3872292242951e-12,0.778169351956877,0.755,0.748,1.52682744514326e-07,"11","RPS20"
8.01476910406462e-12,0.791892551038203,0.767,0.745,3.61273732134817e-07,"11","RPS17"
1.33349110443719e-11,0.763576277622339,0.743,0.717,6.01084450236107e-07,"11","RPL27"
4.932802158163e-11,0.668384885957211,0.763,0.76,2.22350990081355e-06,"11","ATP5E"
2.19039265572308e-10,0.700534420907423,0.743,0.746,9.87341393493733e-06,"11","UBA52"
2.47151794446398e-10,0.93197316807117,0.654,0.616,1.11406142864658e-05,"11","MYL12A"
2.67816651390095e-10,0.639274798839957,0.774,0.746,1.20721033780599e-05,"11","RPS5"
3.3270073348876e-10,0.54529463903142,0.817,0.801,1.49968182627394e-05,"11","RPL18"
3.96839826602562e-10,0.537650474321172,0.887,0.889,1.78879520239371e-05,"11","RPL3"
4.97522726657789e-10,0.975448102200954,0.603,0.564,2.24263344268265e-05,"11","RPSA"
9.00391557185988e-10,0.617383513285812,0.794,0.797,4.05860498317156e-05,"11","RPL38"
1.61574215034545e-09,1.38322100587922,0.471,0.357,7.28311931689714e-05,"11","ZFP36L2"
4.01748960801381e-09,0.56281080861737,0.794,0.799,0.000181092361570831,"11","RPL6"
3.96903137503229e-08,1.57578772455598,0.331,0.233,0.00178908058260955,"11","RNF213"
1.26493697890774e-07,1.01567863999022,0.44,0.348,0.00570182992612453,"11","KLF6"
7.18630461060296e-07,1.60650717856452,0.284,0.188,0.0323929866627539,"11","CAPZA1"
7.2082508660294e-07,0.933044120601374,0.556,0.503,0.0324919116037141,"11","RPL17"
7.78241535269332e-07,1.44456517708766,0.272,0.175,0.0350800154438004,"11","CDC42SE1"
8.80173233455993e-07,0.749275095706866,0.619,0.598,0.0396746886712623,"11","ATP5L"
1.10892044041434e-06,0.703122511324674,0.626,0.627,0.0499856977721169,"11","RPL36AL"
1.16676858040422e-06,0.938053486233314,0.518,0.454,0.0525932605303006,"11","CYBA"
1.34417199759097e-06,0.502074662939841,0.673,0.581,0.0605898969634106,"11","JUNB"
1.38928414129836e-06,1.48206720399171,0.304,0.213,0.0626233719531647,"11","ARF6"
2.98909694251523e-06,1.21780939148179,0.385,0.302,0.134736533780816,"11","YWHAZ"
3.66794463961317e-06,1.56036372173036,0.261,0.176,0.165336272575203,"11","CKLF"
4.11289416413914e-06,1.42905015486953,0.307,0.213,0.185392817342736,"11","C1orf56"
1.27402730778311e-05,0.528519626350754,0.704,0.718,0.574280549256314,"11","PFDN5"
1.9364849293767e-05,1.29144943251476,0.28,0.197,0.87288994676584,"11","BTG2"
3.58847859426075e-05,0.996331756220518,0.494,0.484,1,"11","ARPC2"
4.07874954699865e-05,0.553305849591948,0.7,0.703,1,"11","RPL36A"
0.000227686682271681,0.586087322701579,0.619,0.647,1,"11","EEF1D"
0.000235924145390427,0.658660238895558,0.51,0.487,1,"11","EEF1B2"
0.000279296172687605,1.2907383627553,0.28,0.216,1,"11","ETS1"
0.000464629070406925,0.670168637229353,0.556,0.58,1,"11","COX4I1"
0.000491797579497527,0.739741937452697,0.486,0.487,1,"11","SUB1"
0.000704097771509742,0.602021239830952,0.588,0.608,1,"11","RPS10"
0.00145381535701331,0.764104559618854,0.436,0.394,1,"11","EMP3"
0.00156624793992688,1.16840686597341,0.257,0.203,1,"11","MBNL1"
0.00156629287875731,1.50662366830514,0.265,0.22,1,"11","PPP1CA"
0.00269353994145614,0.534931439498692,0.607,0.601,1,"11","FOS"
0.0037049572704915,0.97537204704888,0.401,0.383,1,"11","ID2"
0.0065417918698571,0.569296990038364,0.584,0.624,1,"11","COX7C"
0.00655065003717327,0.793662366887071,0.405,0.396,1,"11","SARAF"
0.00683788164440445,0.694431150302913,0.296,0.242,1,"11","FXYD5"
0,9.2539703600771,0.487,0.003,0,"12","CD79A"
0,7.34211278417097,0.443,0.005,0,"12","MZB1"
0,10.2802893879952,0.291,0.002,0,"12","IGHA2"
0,11.8390621123822,0.285,0.003,0,"12","IGLL5"
0,6.87256238260457,0.259,0.004,0,"12","SPINK2"
2.47409381870412e-308,10.4328684566027,0.443,0.018,1.11522252971907e-303,"12","IGHG4"
1.10342366382798e-241,9.9506291446665,0.487,0.029,4.97379250707101e-237,"12","JCHAIN"
1.21033637893116e-236,10.2209244443796,0.443,0.025,5.45571226167012e-232,"12","IGHG3"
3.75487619541064e-222,4.92895169987776,0.329,0.014,1.6925479938433e-217,"12","RGS1"
1.53967584713869e-176,10.5532518765466,0.405,0.027,6.94024284856235e-172,"12","IGHG2"
1.46134786915586e-135,3.21399828140174,0.316,0.021,6.58717165500694e-131,"12","EVI2B"
5.06640691846451e-133,10.2957881603292,0.456,0.047,2.28373358256706e-128,"12","IGHG1"
3.3754078500913e-110,9.98574154555302,0.329,0.029,1.52149884250716e-105,"12","IGLC2"
5.09808937721726e-95,8.32067084891378,0.348,0.037,2.29801476767445e-90,"12","IGHA1"
1.38974351992428e-73,10.3580885353055,0.342,0.044,6.26440789041067e-69,"12","IGLC3"
7.36232234952592e-56,3.03545052641783,0.278,0.037,3.3186404222723e-51,"12","TPD52"
1.91534897422058e-53,9.20592389749043,0.544,0.141,8.6336270361967e-49,"12","IGKC"
5.64003076287383e-52,2.71361753602267,0.449,0.098,2.54230026667301e-47,"12","ISG20"
9.83961834495659e-48,2.69986142907287,0.329,0.058,4.43530636517263e-43,"12","FKBP11"
3.5624851116413e-27,2.08919624015208,0.354,0.1,1.60582578892343e-22,"12","PABPC4"
3.93055498785022e-23,0.952609312624364,0.937,0.891,1.77173696632337e-18,"12","RPS29"
1.80893785660009e-22,2.23901019042455,0.348,0.11,8.15396828241056e-18,"12","DNAJB9"
5.16606807070097e-20,2.15408198067257,0.601,0.42,2.32865684354917e-15,"12","SSR4"
7.73128205082579e-17,1.61539945134731,0.437,0.197,3.48495269723023e-12,"12","BTG2"
5.08169472722893e-16,0.585424852085907,0.975,0.946,2.29062471524571e-11,"12","RPLP1"
2.70613692349968e-15,2.14837834353814,0.544,0.315,1.21981827963672e-10,"12","HERPUD1"
2.1127190025549e-13,1.77511626519049,0.38,0.179,9.52329217591649e-09,"12","XBP1"
1.53755214671159e-12,0.626462479710156,0.956,0.94,6.93067005651716e-08,"12","RPL39"
1.97422051370731e-12,0.649315351616845,0.734,0.428,8.89899638758708e-08,"12","CD74"
5.13360107411204e-12,1.49539963327242,0.354,0.157,2.31402202016674e-07,"12","SEC11C"
4.31917896401511e-11,0.642021418313262,0.981,0.903,1.94691310981945e-06,"12","RPS12"
1.54613270570294e-09,0.672150963729168,0.854,0.863,6.96934778422657e-05,"12","RPS19"
3.15669702519662e-09,0.672079525708287,0.956,0.954,0.000142291275107763,"12","RPS27"
1.91327411088203e-07,1.10308887962528,0.31,0.159,0.00862427438221183,"12","YPEL5"
1.91844440867285e-07,1.29591109091945,0.462,0.316,0.00864758001653375,"12","TSC22D3"
1.72728337324352e-06,1.15445882551253,0.259,0.132,0.0778590253323249,"12","UBE2J1"
2.41223449361894e-06,0.673552143786838,0.873,0.756,0.108733882034367,"12","RPS21"
7.6311705793749e-06,0.582133868692402,0.892,0.861,0.343982645035903,"12","RPLP2"
1.38634099084883e-05,0.551851382404501,0.949,0.85,0.624907065035019,"12","RPL37"
1.96041883729754e-05,0.568093895457399,0.506,0.348,0.883678395100241,"12","SERP1"
3.85105138285881e-05,0.732353221110181,0.563,0.454,1,"12","CYBA"
5.99446301422722e-05,0.770149679854342,0.316,0.189,1,"12","CAPZA1"
0.000127002882643858,0.542724783582319,0.956,0.862,1,"12","RPL30"
0.000156862061675838,0.592693297472699,0.316,0.192,1,"12","MCL1"
0.000192682659618342,0.75443643990419,0.595,0.486,1,"12","EEF1B2"
0.000629454899467496,1.03820723026314,0.259,0.163,1,"12","CCDC50"
0.00122269959246769,0.661343946049031,0.842,0.732,1,"12","RPL23"
0.00135147169038884,1.13192744214411,0.285,0.189,1,"12","RPL22L1"
0.00146057505807362,0.615208419705949,0.557,0.512,1,"12","SPCS2"
0.001611398966173,0.577515414658071,0.373,0.271,1,"12","SSR3"
0.001877609630489,0.578951843141534,0.671,0.564,1,"12","RPSA"
0.00332132544204548,0.712013737984387,0.468,0.386,1,"12","DDIT4"
0.00629759341352678,0.610864291129311,0.544,0.487,1,"12","SUB1"
0.00913751408357516,0.530196230407181,0.57,0.503,1,"12","RPL17"
0,5.10071536863876,1,0.037,0,"13","C1QC"
0,6.52939993350065,0.979,0.017,0,"13","LYVE1"
0,5.15189533525418,0.979,0.024,0,"13","FOLR2"
0,6.66104376116886,0.969,0.015,0,"13","MRC1"
0,5.99016719508431,0.979,0.026,0,"13","MS4A7"
0,5.16537446194406,1,0.05,0,"13","C1QB"
0,5.70136439459949,0.99,0.045,0,"13","STAB1"
0,5.65580242477955,1,0.062,0,"13","CD14"
0,6.05662745153785,0.948,0.013,0,"13","CD163"
0,5.95564040532611,0.938,0.011,0,"13","CSF1R"
0,4.66184995018907,0.959,0.035,0,"13","FCER1G"
0,5.55081481575228,0.938,0.025,0,"13","FGL2"
0,5.47313087644543,0.928,0.017,0,"13","MS4A4A"
0,6.29058897331891,0.897,0.009,0,"13","MPEG1"
0,5.81724597926595,0.897,0.014,0,"13","CYBB"
0,5.27978177315519,0.887,0.018,0,"13","MS4A6A"
0,5.66691702508055,0.887,0.022,0,"13","ADAP2"
0,5.50175586760982,0.876,0.013,0,"13","F13A1"
0,4.26400184818501,0.887,0.036,0,"13","AIF1"
0,5.20710321985166,0.825,0.02,0,"13","FCGR2A"
0,6.60473504326365,0.794,0.005,0,"13","LILRB5"
0,5.83278041302672,0.794,0.009,0,"13","IL10RA"
0,5.81974012176609,0.794,0.01,0,"13","GPR34"
0,5.84393977053797,0.784,0.008,0,"13","MSR1"
0,5.7174901383747,0.773,0.006,0,"13","BCAT1"
0,6.36237253493066,0.732,0.006,0,"13","SIGLEC1"
0,6.38367510044049,0.722,0.006,0,"13","CCR1"
0,5.53613392992835,0.701,0.014,0,"13","TTYH3"
0,5.81778279258186,0.68,0.007,0,"13","IGF1"
0,4.16386901932349,0.68,0.022,0,"13","CD53"
0,5.87010441099899,0.67,0.012,0,"13","CCL8"
0,5.81288216824579,0.67,0.014,0,"13","MARCO"
0,5.66582835049489,0.66,0.007,0,"13","VSIG4"
0,6.16281419703484,0.649,0.006,0,"13","C5AR1"
0,4.37393742764247,0.66,0.018,0,"13","ITGB2"
0,5.1240621633356,0.639,0.009,0,"13","EMB"
0,5.41051741430923,0.619,0.008,0,"13","NCKAP1L"
0,4.84489526279607,0.619,0.011,0,"13","RNASE6"
0,5.13854123378604,0.619,0.012,0,"13","MAMDC2"
0,4.35228618283577,0.619,0.016,0,"13","GPR183"
0,5.99838938918162,0.608,0.006,0,"13","C3AR1"
0,5.86089101690475,0.608,0.007,0,"13","MARCH1"
0,5.69137813909244,0.588,0.006,0,"13","CYTH4"
0,4.29489968691946,0.577,0.018,0,"13","FYB1"
0,2.88081966257338,0.567,0.014,0,"13","LYZ"
0,4.67305319719303,0.557,0.011,0,"13","PLEK"
0,6.6152273141725,0.546,0.004,0,"13","P2RY13"
0,4.6546534862681,0.526,0.013,0,"13","ARHGAP4"
0,5.41034471418652,0.515,0.006,0,"13","SLC1A3"
0,5.00009198669149,0.515,0.009,0,"13","CD84"
0,5.70786531785194,0.495,0.005,0,"13","ADCY7"
0,6.07819497268937,0.485,0.003,0,"13","FPR3"
0,5.36114217676408,0.485,0.007,0,"13","TBXAS1"
0,5.58089069936149,0.474,0.004,0,"13","RBM47"
0,5.08736627074975,0.454,0.006,0,"13","CD28"
0,5.30204366267491,0.443,0.004,0,"13","ITGAM"
0,5.6639989200306,0.443,0.006,0,"13","CLEC7A"
0,5.17244070275074,0.443,0.006,0,"13","CD68"
0,4.54028192119861,0.443,0.009,0,"13","NPL"
0,5.03794964738332,0.443,0.01,0,"13","THEMIS2"
0,6.53966624588501,0.423,0.002,0,"13","TLR2"
0,5.73521342190313,0.412,0.003,0,"13","SYK"
0,5.37746912206341,0.412,0.005,0,"13","TNFRSF21"
0,6.92874436205584,0.402,0.002,0,"13","ADORA3"
0,5.49926002063905,0.402,0.004,0,"13","FCGR1A"
0,6.11257820591042,0.402,0.004,0,"13","LGI2"
0,4.77681067836053,0.392,0.008,0,"13","P2RY14"
0,6.71812926261101,0.381,0.002,0,"13","LPAR5"
0,5.61774626349284,0.381,0.003,0,"13","CD209"
0,5.48975041713153,0.381,0.004,0,"13","FGD2"
0,4.96044598435194,0.381,0.004,0,"13","PIK3AP1"
0,5.02099059782766,0.371,0.005,0,"13","ATP8B4"
0,5.8747987745666,0.371,0.006,0,"13","TTN"
0,4.98988024855426,0.371,0.006,0,"13","PILRA"
0,4.38928496977537,0.371,0.007,0,"13","NCF4"
0,4.5007157510665,0.361,0.005,0,"13","HPGDS"
0,5.30667866680686,0.351,0.004,0,"13","SLC37A2"
0,5.64602255701853,0.34,0.003,0,"13","CD200R1"
0,5.01006119737584,0.34,0.004,0,"13","DOCK2"
0,6.92055778788462,0.33,0.002,0,"13","CCDC170"
0,6.02517017361923,0.33,0.003,0,"13","BLNK"
0,5.25623309405526,0.33,0.003,0,"13","EBI3"
0,6.16354238192031,0.32,0.002,0,"13","LILRB2"
0,6.22036832647915,0.32,0.003,0,"13","LRRC25"
0,5.84051582805204,0.32,0.003,0,"13","LILRB1"
0,5.7040768876252,0.309,0.002,0,"13","TFEC"
0,6.21818866300187,0.289,0.002,0,"13","TLR7"
0,5.95790130768128,0.289,0.002,0,"13","NFAM1"
0,5.50438401302566,0.289,0.004,0,"13","CD33"
0,5.74685968184047,0.278,0.003,0,"13","PLCB2"
0,5.35256110577236,0.268,0.003,0,"13","C3"
0,5.62188763435862,0.258,0.002,0,"13","LILRB4"
0,5.26912569982225,0.258,0.003,0,"13","ACSM5"
6.8181059126092e-322,5.07554936745545,0.34,0.006,3.07332942116772e-317,"13","SH3TC1"
1.48749332124716e-318,5.51482294677523,0.299,0.005,6.70502489485369e-314,"13","TRPM2"
1.97780164449158e-313,5.47644858154848,0.474,0.013,8.91513869271024e-309,"13","HMOX1"
2.84117120059369e-312,4.42410766219014,0.845,0.043,1.28068633037961e-307,"13","GGTA1P"
3.07907550589255e-311,5.26120199374881,0.268,0.004,1.38792407503613e-306,"13","AOAH"
2.20303643164201e-310,4.43097266404547,0.454,0.012,9.93040701926953e-306,"13","SPI1"
3.08159175615172e-310,4.52939785360032,0.33,0.006,1.38905830000295e-305,"13","FCGR3A"
1.57292569323323e-303,3.57774872103165,0.763,0.034,7.09011985481811e-299,"13","PTPRC"
2.16761021132041e-303,5.19813357698693,0.938,0.059,9.77071978854787e-299,"13","SLCO2B1"
2.29768509098545e-302,4.37469543801766,0.99,0.064,1.0357045316126e-297,"13","TYROBP"
1.55788636101552e-298,4.68927585909258,0.32,0.006,7.02232856091355e-294,"13","CD86"
9.95132884321448e-294,4.52168721725212,0.938,0.059,4.48566098936736e-289,"13","CTSS"
1.09329479371454e-293,5.9357819137478,0.34,0.007,4.92813561214768e-289,"13","Metazoa-SRP.86"
2.08726278962212e-291,4.38582123436011,0.567,0.02,9.40854575050066e-287,"13","LCP2"
2.41409352570692e-291,3.15672939801305,0.619,0.023,1.08817679764765e-286,"13","SLA"
1.37093230445499e-290,4.98508452899792,0.866,0.05,6.1796144555613e-286,"13","ARL4C"
5.56676704988444e-290,4.80082720689377,0.536,0.018,2.50927591540591e-285,"13","SIRPA"
1.5881669180587e-284,5.04421051817286,1,0.072,7.15882119984139e-280,"13","C1QA"
3.17572358478709e-283,3.93770047761413,0.577,0.021,1.43148916307863e-278,"13","ALOX5AP"
2.04120016566941e-281,4.14865607649148,0.794,0.042,9.20091386677142e-277,"13","LAPTM5"
9.65596852868993e-281,4.09170157176738,0.557,0.02,4.35252437399228e-276,"13","LAIR1"
2.62940418568382e-269,3.77805170303843,0.691,0.032,1.18523023073884e-264,"13","CD4"
1.11206761084688e-264,4.25651860704957,0.392,0.01,5.01275596265339e-260,"13","SHTN1"
1.24853216103509e-261,4.43712890290271,0.577,0.023,5.62788356908178e-257,"13","CD36"
2.74632983392728e-259,4.33799319321911,0.361,0.009,1.23793563594106e-254,"13","LY86"
3.93059031208591e-253,4.70924610008848,0.278,0.005,1.77175288907584e-248,"13","HCK"
7.51293334596537e-245,4.89668019036283,0.268,0.005,3.38652983502735e-240,"13","CSF3R"
5.07800501044488e-237,4.29787423724036,0.701,0.039,2.28896153850814e-232,"13","CD83"
5.72795061532181e-234,3.82068713213017,0.433,0.014,2.58193101936246e-229,"13","C1orf162"
5.47851668729679e-231,4.15926416979645,0.629,0.032,2.4694961819659e-226,"13","UNC93B1"
2.6618684234538e-230,4.39664494879341,0.34,0.009,1.19986381055604e-225,"13","IGSF6"
2.35145793962645e-229,4.6682956674117,0.392,0.012,1.05994318086602e-224,"13","PLA2G15"
3.70894714116564e-225,4.82199300161667,0.464,0.018,1.67184501335182e-220,"13","CMKLR1"
1.0337998171382e-223,4.35852114649854,0.381,0.012,4.65995605573215e-219,"13","SLC9A9"
6.77398211373363e-217,4.31903310658542,0.763,0.052,3.05344017758657e-212,"13","HLA-DMB"
6.73131706652748e-216,4.39803367752801,0.309,0.008,3.03420848090793e-211,"13","SORL1"
9.7588372518896e-216,3.78369508060349,0.557,0.026,4.39889347966175e-211,"13","MYO5A"
3.66432972012826e-215,4.03924214496288,0.639,0.035,1.65173326464502e-210,"13","AP1B1"
9.5640780619022e-215,3.68390108273063,0.423,0.015,4.31110382718303e-210,"13","PTGER4"
1.28960496902281e-212,3.01771258042864,0.536,0.024,5.81302335836723e-208,"13","LST1"
1.41251605624983e-211,5.00158629500402,0.515,0.023,6.36705737515171e-207,"13","SNORD3B-2"
3.958008372336e-211,3.84211740689301,0.557,0.027,1.78411185391418e-206,"13","PTPN6"
1.90352067090404e-200,3.73681559725257,0.32,0.009,8.58030977616704e-196,"13","SELPLG"
2.67851496020038e-196,4.14331806348919,0.258,0.006,1.20736740345992e-191,"13","AC009951.1"
3.59924629556741e-196,4.00076346920679,0.619,0.037,1.62239626018996e-191,"13","CPVL"
7.5937336298669e-196,4.58450265112704,0.299,0.008,3.4229513709988e-191,"13","U1.11"
2.0225310143379e-195,4.21222713620301,0.608,0.035,9.11676080022953e-191,"13","PLEKHO2"
1.61652787201339e-188,4.29184144843105,0.67,0.045,7.28666103588754e-184,"13","TNFAIP2"
6.24034855617597e-188,4.02398807181013,0.392,0.015,2.81289951518188e-183,"13","TRIM14"
2.61654147963005e-183,3.73580700111262,0.691,0.048,1.17943223735804e-178,"13","NABP1"
4.59451703725505e-182,3.7015684831861,0.732,0.054,2.07102449971309e-177,"13","IRS2"
6.06187214808558e-181,4.1057921231912,0.268,0.007,2.73244948947106e-176,"13","IRF8"
2.75866825650103e-173,4.04237861550569,0.495,0.026,1.2434973033004e-168,"13","SESN1"
3.47126775314535e-172,4.15847297130585,0.371,0.014,1.5647086524078e-167,"13","SLC7A8"
5.48812848734871e-172,3.30393391676036,0.495,0.026,2.4738287969573e-167,"13","RASGEF1B"
9.25986660704264e-171,3.26454331819392,0.711,0.053,4.17397747179054e-166,"13","CELF2"
2.5597745594973e-170,4.04473720632705,0.443,0.021,1.153843980439e-165,"13","KIAA0930"
3.7079427455557e-165,4.00743983524007,0.258,0.007,1.67139227198669e-160,"13","CD163L1"
1.23374684276556e-164,2.77272215162338,0.629,0.042,5.56123726845003e-160,"13","HCST"
1.49928104188655e-163,3.285220437019,0.67,0.05,6.75815922440779e-159,"13","VAMP8"
4.81976725289444e-163,3.61837512688059,0.351,0.013,2.1725582869147e-158,"13","FERMT3"
1.28161062678862e-162,3.95008839446907,0.392,0.017,5.77698806131238e-158,"13","ME1"
8.96652645600579e-161,3.44813401332733,0.814,0.078,4.04175146530917e-156,"13","TNFRSF1B"
1.67514560198095e-160,4.44036900158628,0.33,0.012,7.55088631548934e-156,"13","PLEKHG5"
2.37684967417978e-159,3.66776830405177,0.258,0.007,1.07138875913328e-154,"13","WAS"
7.210530294704e-159,4.48034431388369,0.443,0.023,3.25021863564078e-154,"13","AC245014.3"
6.55230709514415e-157,3.02327242801606,0.577,0.038,2.95351794620718e-152,"13","GLIPR1"
3.5332041196764e-156,3.89332894282569,0.351,0.014,1.59262708898534e-151,"13","ADA2"
1.20364959023338e-155,3.66078671640874,0.392,0.018,5.42557089293597e-151,"13","PLEKHA2"
3.00696614311985e-154,2.56937518521992,0.433,0.021,1.3554200586727e-149,"13","SAMSN1"
1.46128534021683e-153,3.35950339746049,0.588,0.04,6.58688979956139e-149,"13","RUNX1"
4.929443617135e-153,3.99423060402048,0.309,0.011,2.22199600485977e-148,"13","TLR5"
6.55868757214658e-153,4.30900827592372,0.34,0.014,2.95639401002079e-148,"13","IL6R"
1.03697580987832e-150,4.20915894225855,0.34,0.014,4.6742721606075e-146,"13","C2"
2.20691495703827e-148,4.6608486260899,1,0.159,9.94788986034569e-144,"13","DAB2"
3.48296278276946e-147,4.36912589789142,1,0.159,1.56998030396116e-142,"13","MAF"
3.44469931584544e-143,3.99435560821324,0.443,0.025,1.55273266361049e-138,"13","RHBDF2"
1.12067414998292e-142,4.06562704746101,0.361,0.017,5.05155079846302e-138,"13","TMEM106A"
1.49115877561686e-142,4.10035527528094,0.701,0.066,6.72154729697054e-138,"13","MAN1A1"
2.15684227008755e-142,3.62120241474137,0.639,0.054,9.72218221664666e-138,"13","SH2B3"
6.49393053596781e-141,3.33410786486933,0.742,0.072,2.92720412839285e-136,"13","MFSD1"
1.63084766425619e-140,3.59129309619573,0.856,0.102,7.35120893140118e-136,"13","SLC40A1"
4.37303969481408e-139,3.39997292188813,0.268,0.009,1.97119137283439e-134,"13","GPR65"
5.12458362160695e-139,4.72371792521442,0.381,0.019,2.30995731327555e-134,"13","CXCL3"
2.81864386438218e-138,3.32434805175703,0.536,0.038,1.27053190830891e-133,"13","HCLS1"
1.63554780669071e-137,3.2863614556514,0.361,0.017,7.37239529343903e-133,"13","DOK2"
5.57103437443396e-136,4.51467384551051,0.99,0.171,2.51119945461985e-131,"13","LGMN"
4.33387740730233e-135,3.42807171742384,0.68,0.063,1.9535385801156e-130,"13","FUCA1"
6.67095525338644e-135,3.94769049580104,0.608,0.051,3.00699979001647e-130,"13","RGS2"
9.13457677290798e-135,3.92565112359646,0.412,0.023,4.117501826156e-130,"13","TRIB1"
2.01524833264278e-134,3.47626693422312,0.433,0.025,9.08393338422057e-130,"13","TNFSF13B"
2.43500709281855e-134,5.11989024191712,0.289,0.011,1.09760379715889e-129,"13","RNU2-63P"
1.33432841608473e-132,3.48471113464411,0.598,0.049,6.01461876834351e-128,"13","NAIP"
1.20303701647782e-131,4.30924427113819,0.381,0.02,5.42280965547544e-127,"13","U1.10"
4.03106732887353e-131,4.36873897543522,0.258,0.009,1.81704390916303e-126,"13","DAPK1"
1.17420095119673e-130,3.07531895575208,0.361,0.018,5.2928282076144e-126,"13","CD37"
2.15601777816906e-129,2.8066795774535,0.392,0.021,9.71846573687485e-125,"13","EVI2B"
4.03820804464503e-129,3.12365049218049,0.691,0.066,1.82026265820419e-124,"13","SGMS1"
1.21927005852495e-128,4.19378482668157,0.289,0.012,5.49598171580706e-124,"13","FAM20A"
2.65986928406464e-126,3.59243416972125,0.68,0.068,1.19896267848498e-121,"13","HLA-DQA1"
8.15914512306719e-126,4.72290547948096,0.753,0.09,3.67781625567377e-121,"13","NR4A2"
8.41522785264838e-126,3.73891728052115,0.33,0.016,3.79324810685979e-121,"13","ZNRF2"
5.16999500585675e-125,2.96948054887757,0.515,0.037,2.33042694883999e-120,"13","ABCA1"
1.03866083297999e-124,3.78655819234516,0.289,0.012,4.68186757074058e-120,"13","ARHGAP45"
3.55079667813204e-124,3.76024105199235,0.443,0.029,1.6005571106348e-119,"13","ETV5"
1.34727899021272e-123,3.73634959485053,0.258,0.01,6.07299477628286e-119,"13","TLR1"
1.07688782761017e-122,3.63392522790205,0.289,0.012,4.85417957173562e-118,"13","PARP8"
1.90526769465635e-122,3.42697601841947,0.515,0.039,8.58818466043295e-118,"13","ARRB2"
8.60219389461403e-119,3.41662897901992,0.649,0.065,3.87752491993622e-114,"13","WWP1"
2.40499855497736e-118,3.38430787477156,0.979,0.157,1.0840771486416e-113,"13","HLA-DRB5"
5.27879435797119e-118,2.86621290329682,0.526,0.041,2.3794693447991e-113,"13","SMAP2"
7.21235759039206e-118,4.27926919127191,0.289,0.013,3.25104230744512e-113,"13","RNU5E-1"
8.80901460714084e-118,3.26232459822746,0.536,0.044,3.97075142431481e-113,"13","BMP2K"
2.13779503039041e-117,3.63961803021358,0.258,0.01,9.63632487898779e-113,"13","SLC8A1"
1.54493607576437e-115,3.23616902593297,0.464,0.033,6.96395385511547e-111,"13","COLGALT1"
3.52014084096052e-115,3.04168967940126,0.567,0.05,1.58673868547136e-110,"13","AGFG1"
3.81465630271484e-115,3.32308346838264,0.67,0.071,1.71949447501174e-110,"13","CCL2"
4.76999519403503e-114,3.21331942860499,0.289,0.013,2.15012303366323e-109,"13","KCNAB1"
4.72655046775052e-113,3.36572981690072,0.485,0.038,2.13053988884322e-108,"13","LYN"
7.26047990873237e-113,3.77252009281776,0.381,0.023,3.2727339236602e-108,"13","SHMT1"
1.05870521654376e-112,3.29967581998561,0.464,0.035,4.77221963409266e-108,"13","PREX1"
1.19151153381572e-112,3.30398892391164,0.526,0.044,5.37085738982773e-108,"13","USP36"
3.15831259328036e-112,3.58249683455686,0.402,0.026,1.42364098454706e-107,"13","ZNF117"
7.74083367824817e-112,2.45957785531896,0.381,0.023,3.48925818880714e-107,"13","EVI2A"
1.87516973411202e-111,2.87158960301787,0.619,0.06,8.45251509348332e-107,"13","RAB31"
5.3138381375065e-111,2.95112381363581,0.278,0.012,2.39526567886243e-106,"13","IKZF1"
3.61342441381264e-109,4.28704597305838,0.371,0.023,1.62878718877019e-104,"13","U3.43"
3.96117998870527e-108,2.99427823717931,0.474,0.037,1.78554149170879e-103,"13","VMO1"
4.36296441522652e-108,3.18810779106872,0.32,0.017,1.9666498398075e-103,"13","PTPRJ"
5.88717695552707e-108,3.83365713157947,0.433,0.032,2.65370388447338e-103,"13","ATP2B1-AS1"
5.95951200624374e-108,3.80723118475097,0.299,0.015,2.68630963193443e-103,"13","SLC38A7"
2.61095919159412e-107,3.7319572518063,0.969,0.206,1.17691596520296e-102,"13","CTSB"
4.26817739098955e-107,3.28044346698788,0.691,0.082,1.92392364076245e-102,"13","ARHGAP18"
1.2353977169666e-106,2.77780617141135,0.351,0.02,5.56867874899865e-102,"13","UCP2"
1.94225406781817e-106,2.96318535016902,0.423,0.03,8.7549044360972e-102,"13","SLC4A7"
3.36352901174456e-106,3.45368242645292,0.907,0.155,1.51614433733398e-101,"13","MAFB"
1.51216045051727e-104,3.19129201129838,0.557,0.053,6.81621444675163e-100,"13","SRGAP2"
8.04348062210043e-102,3.24893798690855,0.433,0.033,3.62567932521799e-97,"13","SKAP2"
1.35577026097025e-100,2.97419561625021,0.546,0.052,6.11127002834951e-96,"13","MKNK1"
3.50622494588794e-100,3.30858386586075,0.536,0.051,1.58046595660845e-95,"13","TLR4"
1.52958468390359e-99,3.03807341285519,0.918,0.166,6.89475592116384e-95,"13","IER3"
9.86097757323657e-99,3.2851728479462,0.361,0.024,4.44493425091212e-94,"13","DENND4B"
1.85227895377786e-97,3.20787088417025,0.979,0.204,8.3493326120491e-93,"13","CEBPD"
3.72617134755601e-97,2.89415832624829,0.557,0.056,1.67960899662435e-92,"13","OGFRL1"
1.42310096656475e-96,2.91287058083962,0.412,0.031,6.41476991688724e-92,"13","PDGFC"
2.63926783027455e-96,3.12191941024702,0.361,0.024,1.18967636717456e-91,"13","DMXL2"
8.13278466898268e-96,2.7889885409038,0.722,0.096,3.66593401739063e-91,"13","TPP1"
3.21880783539678e-95,3.04516784545632,0.825,0.135,1.45090981988345e-90,"13","MEF2A"
9.98418657621946e-95,3.47939132967297,0.392,0.029,4.50047194109668e-90,"13","SRGAP1"
5.32599110269905e-94,3.34599175464095,0.588,0.066,2.40074374945263e-89,"13","FAM46A"
9.21501492378472e-94,3.2561166643783,0.897,0.17,4.1537601270452e-89,"13","KLF4"
9.73557719698273e-94,4.81622426398731,1,0.297,4.38840877731194e-89,"13","RNASE1"
3.01048684352198e-93,3.00972510427058,0.887,0.167,1.35700704958597e-88,"13","CTSZ"
4.23499155247931e-93,3.83520453692577,0.557,0.062,1.90896479219557e-88,"13","AC103591.3"
9.47481008272555e-93,2.75178273805915,0.742,0.107,4.27086539288937e-88,"13","RB1"
1.84494391722346e-92,2.87077251381702,0.423,0.034,8.31626920127648e-88,"13","TNFRSF25"
3.65725418074085e-92,2.82388994509621,0.742,0.107,1.64854389451075e-87,"13","RNASET2"
6.79666278493132e-92,2.84964634789474,0.371,0.026,3.06366371693564e-87,"13","GPRIN3"
1.26486561767984e-91,1.21617988369144,0.732,0.094,5.70150825825363e-87,"13","CCL3"
2.70937711083095e-91,2.9442284452945,0.557,0.06,1.22127882647816e-86,"13","CXCL16"
7.66243942094713e-91,3.06727720547926,0.402,0.032,3.45392119338613e-86,"13","TFRC"
3.36406344469593e-89,3.30921906362912,0.381,0.029,1.51638523833114e-84,"13","RGS19"
9.23147663795661e-89,2.74205894833152,0.753,0.112,4.16118040932532e-84,"13","WLS"
1.83608099519429e-88,2.99571331674518,0.557,0.061,8.27631869393776e-84,"13","ITSN1"
3.65120885072104e-88,3.79475132915908,0.34,0.024,1.64581890155102e-83,"13","PLAU"
1.16203500996285e-87,2.77314014505147,0.412,0.034,5.23798901090854e-83,"13","MERTK"
1.37330774150371e-86,3.06169921698962,0.433,0.039,6.19032197560211e-82,"13","TBC1D9"
2.50581102031808e-86,2.96321751438417,0.588,0.07,1.12951937551858e-81,"13","ITPR2"
3.69481383398339e-86,2.98591461567215,0.649,0.087,1.66547428380635e-81,"13","CREG1"
1.27038231285491e-85,2.88805174456111,0.99,0.257,5.7263753134248e-81,"13","KLF2"
2.07328333854381e-85,3.21819206464091,0.412,0.036,9.34553197682007e-81,"13","ZCCHC2"
5.04861045430624e-85,3.20191073650758,0.412,0.036,2.27571164838308e-80,"13","CALHM6"
3.91841232874981e-84,2.60588247324229,0.67,0.093,1.76626354130727e-79,"13","SPRED1"
4.10956021203362e-84,2.77461088097307,0.588,0.072,1.85242536117627e-79,"13","RAP2B"
5.22708119453216e-84,2.35356467972808,0.814,0.132,2.35615911924732e-79,"13","TGFBI"
1.79397853655663e-83,3.29726416099362,0.485,0.051,8.08653765138267e-79,"13","ST6GAL1"
2.35009382254166e-83,3.91155097881599,0.32,0.023,1.05932829144888e-78,"13","NRROS"
5.08967473323227e-83,2.8331320888944,0.526,0.059,2.29422178275178e-78,"13","GRK2"
6.90660846120943e-83,2.96200270117239,0.299,0.019,3.11322282997476e-78,"13","SCD"
3.16446965373557e-81,2.45880908070454,0.423,0.038,1.42641634111785e-76,"13","NFKBID"
3.65538927238637e-81,2.97713144869252,0.423,0.039,1.64770326842088e-76,"13","ADAM9"
5.40900084214721e-81,3.04246118980531,0.464,0.047,2.43816121960628e-76,"13","MYO9B"
6.65337508660048e-81,3.74983986740007,0.309,0.021,2.99907535403603e-76,"13","RNU5D-1"
2.56006889140308e-80,3.08407730220674,0.546,0.067,1.15397665348885e-75,"13","LGALS9"
4.10820468188034e-80,2.74197852255488,0.32,0.023,1.85181434240438e-75,"13","SGPP1"
5.11200606945578e-80,2.60135206023261,0.33,0.024,2.30428785586789e-75,"13","PAG1"
4.87339970932308e-79,2.95631290974096,0.299,0.02,2.19673365297447e-74,"13","FMNL1"
3.16233380382732e-78,2.62480060840682,0.454,0.045,1.4254535854132e-73,"13","GAA"
4.91887263912103e-78,3.68016864473498,0.361,0.03,2.2172310308102e-73,"13","SCN1B"
1.13136086233653e-77,2.64941935026129,0.381,0.033,5.09972222306814e-73,"13","CCL3L3"
2.72334860361886e-77,3.04979377902797,0.371,0.031,1.22757661656724e-72,"13","EGR2"
3.37519475302039e-77,2.8307873121037,0.32,0.024,1.52140278687147e-72,"13","ADGRG6"
1.2526896241813e-76,2.9191985868359,0.381,0.033,5.64662374995965e-72,"13","TRPS1"
4.05624391007359e-76,2.59291886005007,0.887,0.19,1.82839250490477e-71,"13","MCL1"
2.58520480546816e-75,3.2666282190611,0.969,0.291,1.16530691811283e-70,"13","HLA-DRA"
2.81195973158217e-75,3.6269185130284,0.454,0.049,1.26751896860798e-70,"13","PMAIP1"
9.58404008155985e-74,2.37843617881289,0.701,0.112,4.32010190716392e-69,"13","NCOA4"
2.00663898790456e-73,2.73885341678109,0.99,0.304,9.04512590187861e-69,"13","RHOB"
3.34740993812642e-73,3.19456675735787,0.897,0.227,1.50887850370986e-68,"13","HLA-DPA1"
2.05536358715491e-72,3.08992678490308,0.351,0.03,9.26475690545946e-68,"13","OSBPL11"
2.44608868908823e-72,2.56645661035219,0.639,0.097,1.10259893749341e-67,"13","LY96"
2.6142722520679e-72,3.04549716070108,0.732,0.134,1.17840936034213e-67,"13","HSPA1B"
2.67491284859665e-72,2.63481288064122,0.711,0.124,1.20574371563343e-67,"13","FRMD4B"
6.30405860110166e-72,1.87331760230769,0.515,0.06,2.84161745503259e-67,"13","MNDA"
8.88307789686225e-72,2.06907700539904,0.67,0.099,4.00413619278963e-67,"13","RGS10"
9.565818547849e-72,2.83384282768188,0.474,0.055,4.31188836862841e-67,"13","PELI1"
1.51238528418477e-71,2.53426036960905,0.99,0.293,6.81722790699129e-67,"13","A2M"
7.22660753308461e-71,2.72110870590704,0.959,0.277,3.25746561161322e-66,"13","EGR1"
7.44740314746477e-71,3.61342563817315,0.32,0.026,3.35699144275122e-66,"13","INPP5D"
9.59889790524074e-71,2.31725351556549,0.856,0.181,4.32679921976632e-66,"13","NINJ1"
1.29683957433862e-70,2.73675487209735,0.938,0.266,5.84563406528877e-66,"13","GRN"
2.1694798355538e-70,3.30066919088616,0.268,0.019,9.77914730674231e-66,"13","RIN3"
5.89963749769468e-70,2.31593322482509,0.278,0.019,2.65932059846085e-65,"13","LCP1"
2.46694071286423e-69,3.15692594497533,0.485,0.06,1.11199819573068e-64,"13","MTSS1"
3.64567428458703e-69,2.60220242858062,0.412,0.043,1.64332414052045e-64,"13","RABGAP1L"
3.8003961998154e-69,2.49215970322356,0.546,0.073,1.71306659102879e-64,"13","RGL1"
5.80180898312934e-69,2.58985287599954,0.443,0.049,2.61522341723538e-64,"13","SNX18"
7.46369628937979e-69,2.59016590162264,0.464,0.054,3.36433573940083e-64,"13","EPB41L3"
1.19577589547702e-68,2.33017462778852,0.629,0.096,5.39007942645221e-64,"13","NRIP1"
1.20429843409145e-68,2.21171726407676,0.598,0.084,5.42849562151063e-64,"13","GPR155"
1.77892384273269e-68,2.68794974578214,0.577,0.084,8.01867711350188e-64,"13","CYFIP1"
1.65470943716916e-67,2.07156804183628,0.495,0.06,7.45876825898371e-63,"13","CXCL8"
3.46682575173835e-67,2.44070562769138,0.433,0.048,1.56270637585358e-62,"13","METRNL"
4.93026989642152e-67,2.61222721144942,0.588,0.089,2.22236845851096e-62,"13","FSCN1"
5.7571016119934e-67,2.81709424827532,0.381,0.038,2.59507112262215e-62,"13","RCN3"
7.80884356718063e-67,2.73062106232895,1,0.358,3.51991432634234e-62,"13","FOSB"
8.08888857681721e-67,2.45546669475625,0.608,0.092,3.64614741488612e-62,"13","SCAMP2"
1.78142203591164e-66,2.40730540890643,0.392,0.039,8.02993796907529e-62,"13","MMD"
2.07384920807493e-66,2.49430327616992,0.546,0.075,9.34808269031855e-62,"13","PRDM1"
5.20215496885132e-66,3.15278749369219,0.258,0.018,2.34492337375942e-61,"13","ARAP1"
9.18811753282789e-66,2.39453218355801,0.557,0.079,4.1416358590975e-61,"13","IQGAP2"
2.4196338494087e-65,2.6661646383788,0.443,0.052,1.09067415395947e-60,"13","JDP2"
2.79121002499366e-65,2.71875508915031,0.423,0.047,1.25816583086614e-60,"13","STARD13"
3.09308401311808e-65,2.45764095386837,0.773,0.152,1.39423854975311e-60,"13","PPP1R10"
4.03175313101972e-65,2.7721963884306,0.412,0.045,1.81735304133845e-60,"13","TGFBR1"
4.65374547417191e-65,2.55410959100598,0.546,0.078,2.09772230993773e-60,"13","GNS"
6.96692460637564e-65,2.45597059626688,0.804,0.174,3.14041093556988e-60,"13","C6orf62"
9.58554144120685e-65,3.10933242523908,0.474,0.062,4.3207786600384e-60,"13","RSAD2"
1.18918658847918e-64,2.6201393842029,0.392,0.041,5.36037746622876e-60,"13","TBC1D4"
3.22801245805343e-64,2.08907388027481,0.68,0.116,1.45505889559216e-59,"13","CREM"
1.07787670551174e-63,2.9903612093875,0.299,0.025,4.8586370377647e-59,"13","MOB1B"
1.59181408830673e-63,2.32674392072952,0.598,0.093,7.17526118445139e-59,"13","PLEKHO1"
2.22773776733058e-63,2.3073651194628,0.464,0.057,1.00417507600193e-58,"13","FAM49B"
2.57220207206685e-63,2.55917057128109,0.495,0.066,1.15944580600485e-58,"13","HELZ"
3.33731595209851e-63,2.67770390105144,0.309,0.027,1.50432853856792e-58,"13","TMEM63B"
2.72636804404624e-62,3.02024356820775,0.381,0.041,1.22893765953428e-57,"13","FCHSD2"
4.53605837356844e-62,2.68355649121569,1,0.508,2.04467367246971e-57,"13","PSAP"
5.23890468514904e-62,2.65186216680626,0.753,0.159,2.36148867587778e-57,"13","HLA-DMA"
9.5272153988671e-62,2.3769555182059,0.722,0.14,4.29448761319333e-57,"13","CD93"
4.81021144066779e-61,2.98189335470025,1,0.571,2.16825090899541e-56,"13","NEAT1"
1.06393488115585e-60,2.28887240481958,0.526,0.075,4.7957928702981e-56,"13","RNF149"
1.47107770267322e-60,2.78710763335253,0.99,0.539,6.63102985256982e-56,"13","ZFP36L1"
1.83892110043709e-60,2.61750426455619,0.557,0.086,8.28912075233021e-56,"13","PTPRE"
2.31271814110278e-60,2.96456814802635,0.309,0.028,1.04248082928349e-55,"13","PFKFB3"
2.46612001738097e-60,2.59408493415216,0.351,0.035,1.11162825903464e-55,"13","TPCN1"
3.7064880612532e-60,2.45803191612446,0.371,0.039,1.67073655849049e-55,"13","PRKACB"
3.80764686518345e-60,3.29598395932438,0.268,0.021,1.71633490095009e-55,"13","ELL"
4.79647474544282e-60,3.49192004970998,0.928,0.346,2.16205895625581e-55,"13","KLF6"
6.80158795337365e-60,2.3432733526174,0.845,0.208,3.06588378586271e-55,"13","NRP1"
9.22651408854314e-60,2.68066384991229,1,0.678,4.1589434905517e-55,"13","SELENOP"
9.54157370815366e-60,2.31115863988752,0.835,0.202,4.30095976468734e-55,"13","SNX6"
1.11978239046612e-59,2.20500350433748,0.608,0.098,5.04753110326506e-55,"13","COLEC12"
4.9877418358004e-59,3.17787908944142,0.629,0.119,2.24827450990539e-54,"13","HLA-DQB1"
5.19905141032576e-59,2.99229872831837,0.371,0.041,2.34352441371844e-54,"13","FGD4"
5.43452924826235e-59,2.09711292901943,0.887,0.227,2.44966840394674e-54,"13","HIF1A"
5.76964126480521e-59,2.16956200075138,0.99,0.34,2.6007234965236e-54,"13","SRGN"
3.28627561754469e-58,2.04385110729351,0.845,0.201,1.48132159736444e-53,"13","LRP1"
3.57450839203317e-58,3.15328988962789,0.289,0.026,1.61124540279287e-53,"13","PALD1"
3.93853367189889e-58,2.92355258887879,0.67,0.137,1.77533343794514e-53,"13","NFKBIZ"
4.17909244106937e-58,2.22673228015208,0.464,0.061,1.88376770873643e-53,"13","ZSWIM6"
4.89570410243423e-58,2.57416708898377,1,0.427,2.20678758121325e-53,"13","CD74"
7.00855278842054e-58,2.25813464525829,0.979,0.349,3.15917525490844e-53,"13","GPX1"
9.01506917024992e-58,1.64060777963289,0.814,0.169,4.06363257918185e-53,"13","AXL"
1.01058584875795e-57,2.7341249832831,0.258,0.02,4.55531677186134e-53,"13","ARID3A"
1.22153434975832e-57,2.70838430510999,0.464,0.064,5.5061882349706e-53,"13","RAPH1"
1.84969256933434e-57,2.68844432774151,0.412,0.051,8.33767422553145e-53,"13","CEP170"
2.18784865743967e-57,1.89527634892429,0.979,0.275,9.86194660827508e-53,"13","LPAR6"
3.39832081068278e-57,2.66051866670749,0.32,0.031,1.53182708862337e-52,"13","FAM49A"
7.45652292826446e-57,2.16591073595077,0.938,0.265,3.36110227514449e-52,"13","HLA-DRB1"
1.45201141084816e-56,2.14351181341622,0.485,0.068,6.54508663553918e-52,"13","FAM91A1"
2.58966560250829e-56,2.20994147734163,0.351,0.037,1.16731766698664e-51,"13","C9orf72"
2.80098338414268e-56,2.69198669014221,0.392,0.047,1.26257127023615e-51,"13","C20orf194"
3.94963344041999e-56,2.24359146447963,0.639,0.117,1.78033676960372e-51,"13","TLE4"
5.60843920524826e-56,2.22575417609389,0.67,0.131,2.52806005615771e-51,"13","CLTC"
8.85531206039454e-56,3.04308884144585,0.309,0.03,3.99162046434344e-51,"13","KIAA1147"
2.20655480512712e-55,1.93865377170524,0.629,0.108,9.94626643959101e-51,"13","HNMT"
3.93961912837171e-55,2.87425451702969,0.381,0.045,1.77582271830483e-50,"13","CCL4L2"
1.21144968477886e-54,2.05923676496757,0.948,0.314,5.46073059910917e-50,"13","MEF2C"
3.55348433680005e-54,2.28258020197922,0.722,0.157,1.60176859965599e-49,"13","AC020916.1"
7.89973927604883e-54,2.78213019174333,0.278,0.025,3.56088647607177e-49,"13","TBC1D14"
8.67363305367499e-54,2.37727292879835,0.423,0.055,3.90972683527454e-49,"13","ADPGK"
9.33406780279206e-54,2.26195345125304,0.505,0.078,4.20742440278655e-49,"13","CTBS"
1.2048574802342e-53,2.61927101255995,0.412,0.054,5.43101557790369e-49,"13","CYTH1"
2.35616769928134e-53,2.16017954488617,0.588,0.104,1.06206615212806e-48,"13","WASHC4"
2.3575259880946e-53,3.14168449070642,0.299,0.03,1.06267841439352e-48,"13","DENND3"
2.51418270772401e-53,2.0285955526404,0.866,0.237,1.13329299733367e-48,"13","QKI"
4.9478751203877e-53,1.89225554748294,1,0.904,2.23030418926596e-48,"13","FTL"
6.75223820211675e-53,2.27965993237472,0.948,0.394,3.04363889198615e-48,"13","NPC2"
2.07080800280351e-52,2.4549029008933,0.443,0.063,9.33437415343709e-48,"13","MAP3K1"
2.2233248887664e-52,1.91378204472495,0.598,0.107,1.00218592686034e-47,"13","ATM"
3.0201377114625e-52,2.04336174799558,0.722,0.158,1.36135727481883e-47,"13","ZFHX3"
1.26028099690581e-51,2.03149777105325,1,0.662,5.68084262165265e-47,"13","CST3"
1.65362035747201e-51,2.01062471494334,0.742,0.166,7.45385912334084e-47,"13","MX2"
1.85772949835387e-51,2.15683541707186,0.711,0.161,8.37390148677992e-47,"13","PLXND1"
2.08366801262846e-51,1.98499565887228,0.794,0.196,9.39234193372405e-47,"13","BTG2"
3.49570454019988e-51,2.09397226546198,0.825,0.224,1.5757237785405e-46,"13","CTSC"
4.38754427954026e-51,2.19323044018328,0.474,0.072,1.97772945944557e-46,"13","TNRC18"
4.64320502987113e-51,3.19261188317782,0.299,0.031,2.09297109926471e-46,"13","SNORD3A"
5.19674095898825e-51,2.58014203644321,0.887,0.305,2.34248295467354e-46,"13","HLA-DPB1"
7.39062696228216e-51,2.31291045642771,0.361,0.043,3.33139900951831e-46,"13","GNA13"
8.28652618256679e-51,2.57073616740901,0.773,0.208,3.7352345420538e-46,"13","HSPA1A"
1.51425103405782e-50,2.97854287079019,0.32,0.035,6.82563796111902e-46,"13","SFMBT2"
2.37139515201324e-50,1.86275053130137,0.691,0.145,1.06893007872149e-45,"13","VPS13C"
4.59027786862024e-50,2.67866132588704,0.33,0.037,2.06911365205926e-45,"13","HOMER3"
4.85374548955353e-50,2.23862344571571,0.856,0.253,2.18787431687115e-45,"13","PLD3"
5.21519605400207e-50,2.41420328970875,0.381,0.049,2.35080177330197e-45,"13","WDFY2"
5.55925588859955e-50,2.45689462222696,0.33,0.037,2.50589018434513e-45,"13","VCPIP1"
1.00592608704939e-49,2.60830631414697,0.278,0.027,4.53431242998384e-45,"13","PID1"
1.12317172269344e-49,2.50899307359054,0.454,0.069,5.06280885721296e-45,"13","SFT2D2"
3.97196951693721e-49,2.07846987643903,0.969,0.474,1.79040497945462e-44,"13","FCGRT"
7.92200023356362e-49,2.63600009029408,0.443,0.068,3.57092082528114e-44,"13","MGAT4A"
8.52315252289955e-49,2.22934539701349,0.732,0.174,3.8418962312222e-44,"13","CEBPB"
1.00740901667815e-48,2.56765392038582,0.412,0.058,4.54099688357844e-44,"13","PLAUR"
1.08022882413712e-48,2.08917951482447,0.99,0.43,4.86923944768047e-44,"13","DUSP1"
1.97809984533254e-48,2.73985268383083,0.278,0.028,8.91648286282097e-44,"13","DNAJC5"
3.14945278384673e-48,1.68742799884192,0.515,0.083,1.41964733684675e-43,"13","STK17B"
7.05725883758122e-48,2.4333280025901,0.412,0.06,3.18112999362811e-43,"13","PTBP3"
8.64735298328687e-48,2.31890801442904,0.423,0.061,3.89788083074639e-43,"13","MCOLN1"
1.35099212820918e-47,2.74754721462302,0.34,0.042,6.08973211711572e-43,"13","CYSLTR1"
1.74879600959586e-47,2.69626876325533,0.32,0.037,7.88287289285429e-43,"13","CNTRL"
2.36565180754913e-47,2.1084380846349,0.433,0.064,1.06634120877085e-42,"13","CYLD"
2.4607471263012e-47,2.14232173003706,0.918,0.293,1.10920637465153e-42,"13","DDX3X"
2.55598910456894e-47,2.02600609319222,0.794,0.214,1.1521376487755e-42,"13","XAF1"
2.89485618972916e-47,2.67904883728008,0.423,0.064,1.30488537608232e-42,"13","KLF7"
4.21070900220714e-47,2.77151643470478,0.546,0.101,1.89801918983489e-42,"13","AC109326.1"
5.98526193417893e-47,2.07156820213776,0.629,0.132,2.69791666945049e-42,"13","CELF1"
1.00340314317681e-46,2.51863855778873,0.309,0.035,4.52294000818378e-42,"13","SLC18B1"
1.12849263464164e-46,2.20246015094947,0.371,0.049,5.08679339991068e-42,"13","IDH1"
2.42688291860307e-46,2.40201133653143,0.32,0.037,1.09394174438952e-41,"13","DCAF12"
3.41222685782212e-46,2.57110084059062,0.742,0.197,1.5380953784319e-41,"13","VMP1"
5.06110882327642e-46,1.89152518250365,0.361,0.046,2.28134541318008e-41,"13","ADAM28"
1.37031761808813e-45,2.20983724234404,0.67,0.155,6.17684369529408e-41,"13","NR4A1"
1.39617023097967e-45,1.13341765087693,0.485,0.077,6.29337693316398e-41,"13","GATM"
1.69988815204437e-45,2.26356407159239,0.402,0.058,7.66241583415518e-41,"13","SIPA1"
4.66831927328132e-45,2.57298186602196,0.309,0.036,2.10429159562429e-40,"13","HDAC9"
5.37829892408435e-45,2.66075532133612,0.278,0.03,2.42432202302026e-40,"13","RCSD1"
8.64973399932563e-45,2.1047975394823,0.526,0.098,3.89895409753602e-40,"13","AP2A2"
9.37099702703277e-45,2.50390406329756,0.381,0.054,4.22407061990529e-40,"13","ITGB5"
1.24110382879755e-44,2.21965932947815,0.289,0.032,5.59439961868782e-40,"13","PAPSS2"
1.3672498832104e-44,2.012515830504,0.505,0.091,6.16301557355918e-40,"13","SNX9"
1.77333916763658e-44,1.71786965807885,0.918,0.29,7.99350363203864e-40,"13","KCTD12"
2.86086876301138e-44,2.32055687892878,0.361,0.049,1.28956520361501e-39,"13","CPM"
3.7050311272035e-44,3.09078493385843,0.32,0.04,1.67007983089825e-39,"13","OTUD1"
8.99866892876532e-44,1.68319648694277,0.897,0.271,4.05624000633025e-39,"13","ZEB2"
3.59077216673086e-43,2.3253309572174,0.412,0.065,1.6185764618756e-38,"13","ZBTB4"
4.49650040179346e-43,1.58125617721791,0.742,0.179,2.02684252111242e-38,"13","ARRDC3"
6.76061656702354e-43,2.3603504171525,0.423,0.068,3.04741552375153e-38,"13","CCDC88A"
6.88405383896163e-43,1.63816846315905,0.876,0.269,3.10305610845034e-38,"13","TIMP2"
8.27744106440164e-43,2.22349958803954,0.402,0.062,3.73113933418968e-38,"13","PPP1R18"
1.33084008466433e-42,3.1857904494769,0.268,0.029,5.99889476563291e-38,"13","AL356273.3"
1.42931109893707e-42,1.71936583274206,0.68,0.157,6.44276270956873e-38,"13","CD302"
1.55230125207695e-42,2.60162906368003,0.351,0.049,6.99715312386207e-38,"13","ST8SIA4"
2.01972421932425e-42,1.74863597356598,1,0.6,9.10410889102598e-38,"13","FOS"
2.03817755407187e-42,1.91453559300145,0.381,0.055,9.18728914273436e-38,"13","RHOQ"
2.82615874675473e-42,2.71525016022207,0.289,0.034,1.27391931668716e-37,"13","CXCR4"
3.64782698377964e-42,1.75439818193544,0.649,0.148,1.64429449120851e-37,"13","ARHGAP5"
9.64415413811155e-42,2.15061292431899,0.412,0.066,4.34719891929516e-37,"13","SNX13"
1.87806217147038e-41,1.97568188549189,0.701,0.183,8.46555304411988e-37,"13","PARP14"
1.95843643490172e-41,2.95394532816913,0.351,0.05,8.82784807396298e-37,"13","AC091271.1"
3.03660873917178e-41,2.08112509169834,0.361,0.051,1.36878175526907e-36,"13","ME2"
3.40771352501632e-41,2.23798882077385,0.289,0.034,1.53606094853636e-36,"13","STARD4"
4.11766535906513e-41,1.46892800937413,1,0.828,1.8560788372522e-36,"13","TPT1"
4.92069716565305e-41,2.844915721377,0.361,0.054,2.21805345438977e-36,"13","ICAM1"
9.39842334324534e-41,1.64050916331099,0.866,0.272,4.23643330620127e-36,"13","ASAH1"
1.1636990563103e-40,1.68107970568073,0.392,0.06,5.24548986622429e-36,"13","REL"
1.18159252398341e-40,1.96083244064199,0.371,0.054,5.32614646110761e-36,"13","TAB2"
1.21500832479536e-40,1.79549987272007,0.742,0.206,5.47677152484759e-36,"13","ACTR2"
1.32894220640196e-40,2.04589068432878,0.402,0.064,5.99033988957749e-36,"13","PPP3R1"
1.37494569536444e-40,1.99379351064429,0.526,0.105,6.19770521642474e-36,"13","CPEB4"
1.53476839811185e-40,2.74945767291263,0.268,0.031,6.91812203132895e-36,"13","CMTM7"
1.58609103438534e-40,2.53263301768782,0.402,0.066,7.14946394659536e-36,"13","TCOF1"
2.14763218934396e-40,1.98758450732366,0.361,0.052,9.68066685668685e-36,"13","WDFY3"
2.26859276161369e-40,2.02094498764585,0.567,0.121,1.02259087322499e-35,"13","MAT2A"
3.35920094569848e-40,1.78832174314605,0.402,0.062,1.51419341828305e-35,"13","RHOBTB3"
5.00143323470546e-40,3.73713511210199,0.268,0.032,2.25444604487583e-35,"13","Z93241.1"
7.49497066594931e-40,1.76546066047952,0.887,0.314,3.37843297738331e-35,"13","HERPUD1"
8.22678672982391e-40,2.36001666195068,0.299,0.038,3.70830638633542e-35,"13","SOAT1"
8.81556016649612e-40,1.93200746598724,0.464,0.084,3.97370190064979e-35,"13","MAP3K2"
1.71288605336095e-39,2.26062675299438,0.34,0.048,7.72100517412982e-35,"13","GNPDA1"
2.2980189594556e-39,1.94413834807128,0.763,0.232,1.03585502616421e-34,"13","RNF213"
2.38344831990703e-39,2.61562657856308,0.32,0.044,1.07436316468129e-34,"13","SLC15A3"
3.67724639545092e-39,2.00336005549513,0.402,0.065,1.65755558521346e-34,"13","PAPD4"
3.82894536664169e-39,1.65443991718839,0.959,0.391,1.72593541346741e-34,"13","IFI44L"
3.97798954887231e-39,2.30037194380464,0.536,0.114,1.79311856904968e-34,"13","PLTP"
4.06836202646614e-39,2.68015491229797,0.289,0.037,1.83385486704988e-34,"13","NFATC2"
4.16634218260992e-39,2.73430264589476,0.526,0.112,1.87802040223325e-34,"13","CITED2"
4.16710965222863e-39,2.69322704426406,0.33,0.047,1.87836634683858e-34,"13","PCDH12"
6.62148633396375e-39,2.69781219219326,0.268,0.032,2.9847011798975e-34,"13","PAX8-AS1"
8.47472852005549e-39,1.78244506595402,0.732,0.201,3.82006862770021e-34,"13","MBNL1"
1.63525700252485e-38,2.09182838380429,0.464,0.088,7.37108446458102e-34,"13","PYCARD"
1.74957608406971e-38,2.19153598631314,0.34,0.048,7.88638915655262e-34,"13","BIN1"
3.52229646964523e-38,1.63995635367492,0.577,0.129,1.58771035665729e-33,"13","NAMPT"
3.60524736732817e-38,2.01811431729455,0.856,0.302,1.62510130329685e-33,"13","TRA2B"
3.91040971760977e-38,2.02164569983358,0.495,0.099,1.76265628430978e-33,"13","LTC4S"
6.11356550567044e-38,1.8532056237098,0.505,0.102,2.75575078733601e-33,"13","NR1D2"
9.71384199842753e-38,1.57153172293189,0.938,0.342,4.37861141921119e-33,"13","ZFP36"
1.00217513321375e-37,1.67465343939842,0.464,0.084,4.51740463047431e-33,"13","GNG2"
1.51055949217362e-37,1.81537341316821,0.794,0.256,6.8089979669218e-33,"13","CTSD"
2.4470059050696e-37,1.43023134729735,0.732,0.193,1.10301238176917e-32,"13","CXCL12"
2.73675361956153e-37,2.07123394586882,0.443,0.082,1.23361906155356e-32,"13","ARHGEF2"
3.61887250085289e-37,1.59017815518453,0.619,0.147,1.63124296848445e-32,"13","SAMHD1"
4.92917197028211e-37,2.18355619500496,0.309,0.043,2.22187355732436e-32,"13","TRMT1"
5.23882564583561e-37,1.51355794284785,0.948,0.391,2.36145304811686e-32,"13","JUND"
1.72205094361946e-36,2.64815697049687,0.268,0.033,7.76231683345906e-32,"13","RNU5B-1"
2.47122489808002e-36,2.00209313338768,0.371,0.061,1.11392933505855e-31,"13","CAB39"
2.56744884354609e-36,1.61484321866607,0.691,0.183,1.15730324071683e-31,"13","IQGAP1"
2.59464796424436e-36,2.09435491398827,0.289,0.037,1.16956351636279e-31,"13","MYO1F"
2.70398490939109e-36,2.06575142837696,0.629,0.164,1.21884823775713e-31,"13","DUSP6"
2.87290420408339e-36,2.44367227645099,0.278,0.036,1.29499029903263e-31,"13","DIP2B"
3.57210445358058e-36,3.09197135752575,0.268,0.034,1.61016180349598e-31,"13","AC104695.3"
3.64627807813517e-36,2.53930544327745,0.32,0.047,1.64359630650021e-31,"13","CMPK2"
4.76419618903984e-36,1.60326488981694,0.546,0.119,2.1475090741716e-31,"13","EPS15"
6.76424406993442e-36,2.52890428899282,0.309,0.044,3.04905065696364e-31,"13","RNF135"
7.53575775256237e-36,2.17783823595648,0.567,0.137,3.39681816454501e-31,"13","CCND1"
8.06683589986107e-36,2.06954079393496,0.402,0.071,3.63620695022138e-31,"13","LPCAT2"
1.16490911472027e-35,2.2591095997731,0.258,0.031,5.25094432551309e-31,"13","AC074117.1"
1.42862680612752e-35,1.86315849084102,0.381,0.064,6.4396781913004e-31,"13","PTP4A1"
1.47719488142108e-35,2.70478781656281,0.381,0.067,6.65860364749364e-31,"13","HBEGF"
4.04215390224938e-35,1.94415416109708,0.371,0.062,1.82204129297793e-30,"13","PER1"
8.18669612389715e-35,1.89215323506271,0.557,0.132,3.69023514480788e-30,"13","RNF130"
8.6848537072788e-35,1.79146237280268,0.402,0.071,3.91478465709299e-30,"13","VEGFB"
9.17079116785797e-35,2.26546058352138,0.289,0.04,4.13382582682366e-30,"13","PLEKHM2"
9.41519531637014e-35,1.83413205286085,0.371,0.061,4.243993440807e-30,"13","DSE"
1.03175951243653e-34,2.17399618771045,0.351,0.057,4.6507591782589e-30,"13","ACER3"
1.46203190771955e-34,2.22449093523896,0.289,0.04,6.59025502723666e-30,"13","MEF2D"
1.4741917742747e-34,2.05559752037594,0.464,0.095,6.64506684172063e-30,"13","FOXN3"
1.53355523385518e-34,2.12442223134044,0.32,0.048,6.91265357212561e-30,"13","ANKH"
1.6831392506885e-34,1.34239685928234,0.979,0.435,7.58691848640351e-30,"13","PABPC1"
1.87519300209294e-34,1.43700652986282,0.577,0.133,8.45261997623412e-30,"13","B4GALT1"
1.93904101299249e-34,2.03070888919,0.402,0.073,8.74042127016496e-30,"13","PEAK1"
1.97045004923679e-34,1.74329382878833,0.361,0.06,8.88200064193976e-30,"13","EHBP1L1"
6.00193974170002e-34,1.54182500213278,0.546,0.123,2.7054343579687e-29,"13","STAT2"
9.10841318668136e-34,1.62984488303147,0.732,0.223,4.10570832802849e-29,"13","BRI3"
9.94385377926208e-34,2.41725162779565,0.351,0.059,4.48229152954018e-29,"13","CXCL2"
9.94932583440888e-34,0.91087867617178,0.536,0.114,4.48475811311815e-29,"13","CFD"
1.01823027314891e-33,2.33063835660035,0.34,0.056,4.58977477924604e-29,"13","WDR36"
1.83491558846106e-33,2.28796713096103,0.33,0.053,8.2710655065471e-29,"13","WBP1L"
2.38200978611402e-33,1.78083782027113,0.485,0.102,1.07371473118876e-28,"13","WIPF1"
3.58369730678841e-33,2.08658754660697,0.361,0.062,1.61538739800795e-28,"13","SH3BP2"
4.08439171553085e-33,2.27165127296477,0.258,0.034,1.84108040969269e-28,"13","LPCAT1"
4.30684435241991e-33,1.61313012584662,0.443,0.086,1.9413531602968e-28,"13","ITGAV"
9.92452608180258e-33,1.73134558612067,0.464,0.097,4.47357937663333e-28,"13","FNBP1"
1.0169840668305e-32,2.33952564871535,0.278,0.039,4.58415737964517e-28,"13","CYTL1"
1.07528283463958e-32,1.74882601915851,0.464,0.097,4.84694490542138e-28,"13","ATF7IP"
1.27594390364441e-32,1.83208189552817,0.485,0.106,5.75144474006753e-28,"13","NUFIP2"
1.49043590620646e-32,2.39264341371163,0.278,0.039,6.71828889081624e-28,"13","SNX29"
1.65851825230047e-32,1.63090282706755,0.784,0.268,7.4759368740696e-28,"13","BLVRB"
1.74721166934643e-32,2.1382733671846,0.33,0.053,7.87573132074596e-28,"13","CCDC152"
2.27889733562288e-32,2.1964867922983,0.258,0.034,1.02723576300537e-27,"13","PRR5"
2.46212540297223e-32,1.88878364025705,0.402,0.076,1.10982764664376e-27,"13","HIPK1"
6.94413695150941e-32,2.19607770595165,0.392,0.076,3.13013917226238e-27,"13","OAS2"
8.0264763719476e-32,1.91240205759714,0.546,0.138,3.6180144894191e-27,"13","FOXO3"
8.9639510884033e-32,1.85246293861982,0.433,0.089,4.04059059260867e-27,"13","GNB4"
9.32492485138345e-32,1.9898051020476,0.299,0.045,4.2033031260096e-27,"13","TMEM37"
1.05840823882423e-31,1.76625988450973,0.505,0.118,4.77088097732409e-27,"13","MGAT1"
1.67142183535799e-31,2.24965664224932,0.474,0.106,7.53410106505966e-27,"13","NEU1"
2.48833886981739e-31,2.58411613469787,0.258,0.036,1.12164362895889e-26,"13","PPP1R9B"
3.0433747379751e-31,1.54839055825118,0.608,0.163,1.37183159688966e-26,"13","ELF1"
3.94177552061295e-31,1.61650261737667,0.577,0.148,1.77679473367149e-26,"13","DNAJB1"
5.0996197333942e-31,1.5453495959249,0.546,0.135,2.29870459102477e-26,"13","TRIM22"
5.3900090814372e-31,1.60812733952336,0.495,0.113,2.42960049354863e-26,"13","DICER1"
5.96508410504047e-31,1.71080049998526,0.454,0.098,2.68882131118804e-26,"13","CEP350"
6.14257092143057e-31,1.58970759106356,0.464,0.099,2.76882526854405e-26,"13","C4orf48"
8.82076761428006e-31,1.9549835337761,0.454,0.1,3.97604920981288e-26,"13","PABPC4"
1.85487267267719e-30,1.4222085351487,0.526,0.125,8.36102405935968e-26,"13","PPP2R5C"
3.07839686297788e-30,2.58658688521971,0.33,0.058,1.38761816995591e-25,"13","LDLR"
3.08900079438122e-30,1.80504767073558,0.474,0.109,1.39239799807528e-25,"13","RHOG"
3.31945929348709e-30,1.66881817487179,0.464,0.103,1.49627947113224e-25,"13","NCOA3"
3.6210308804992e-30,1.16766658809881,0.691,0.19,1.63221587969382e-25,"13","TMEM176B"
4.63948328108501e-30,1.7264322581768,0.412,0.085,2.09129348378188e-25,"13","PIAS1"
5.28957552995754e-30,2.1490116689172,0.33,0.058,2.38432906588366e-25,"13","YTHDC2"
5.64532350947759e-30,1.65597805538461,0.454,0.099,2.54468602513212e-25,"13","TAOK1"
7.41062692054266e-30,1.89210423551668,0.351,0.064,3.34041419070381e-25,"13","ARHGAP21"
1.44792162323097e-29,2.03174455599966,0.34,0.061,6.52665150887592e-25,"13","IKBKB"
1.85096492743959e-29,1.73917428660946,0.433,0.093,8.34340950692671e-25,"13","LMO2"
2.26060672819021e-29,1.68213728907357,0.485,0.112,1.01899108879902e-24,"13","NAGK"
2.4165402818494e-29,1.93770812110857,0.278,0.042,1.08927969744643e-24,"13","C1GALT1"
2.42298013896e-29,1.3435536031025,0.577,0.146,1.09218252743761e-24,"13","PECAM1"
2.42832852139256e-29,1.53517661197139,0.546,0.139,1.09459336430291e-24,"13","GRB2"
2.91468222940141e-29,1.97894964492777,0.392,0.08,1.31382216172498e-24,"13","CD2AP"
3.13215547340363e-29,2.54381647823143,0.258,0.038,1.41185040119142e-24,"13","TBC1D12"
3.29695322603744e-29,1.89189309246355,0.433,0.095,1.48613463616864e-24,"13","CNPY3"
3.88421833165406e-29,1.47921934127884,0.732,0.237,1.75085025517638e-24,"13","CCNL1"
4.0147695587225e-29,1.65219942407076,0.381,0.075,1.80969752628975e-24,"13","AHR"
4.4720566378877e-29,1.61719103549041,0.485,0.114,2.01582425009426e-24,"13","ATP2B1"
6.62853708570399e-29,1.48327085305603,0.526,0.131,2.98787937675193e-24,"13","KLF10"
6.88078088704663e-29,2.11441960243517,0.299,0.05,3.10158079264514e-24,"13","SREBF2"
1.31595962102772e-28,1.97319204729232,0.536,0.147,5.93181958774454e-24,"13","SOD2"
1.39216594334569e-28,1.82129605727111,0.392,0.081,6.27532720622504e-24,"13","DTX3L"
1.65353331871935e-28,1.29432269170552,0.969,0.57,7.45346678745932e-24,"13","XIST"
1.9219232055678e-28,1.86873477732992,0.32,0.055,8.66326104141743e-24,"13","ST3GAL5"
2.06118338645877e-28,2.19379018552543,0.464,0.11,9.29099023280155e-24,"13","ATF3"
2.17870392471393e-28,1.55999991032879,0.433,0.095,9.82072581104052e-24,"13","TRIP12"
2.52280076650406e-28,2.08039735028577,0.289,0.047,1.13717767350937e-23,"13","DMXL1"
2.64987179121912e-28,1.01506703711453,0.536,0.132,1.19445620860993e-23,"13","LENG8"
3.66208628084751e-28,2.04989360994244,0.258,0.038,1.65072201195482e-23,"13","ANKFY1"
4.77342278033194e-28,2.07376548056658,0.299,0.051,2.15166805246243e-23,"13","NUP62"
4.92716964598149e-28,2.17026347841146,0.423,0.097,2.22097098962262e-23,"13","SAMD9L"
5.48564788132411e-28,1.51047698153798,0.402,0.082,2.47271063898566e-23,"13","ATP6V0A1"
8.78250331211649e-28,1.28674271317901,0.732,0.24,3.95880119296963e-23,"13","ADAR"
1.82275202933718e-27,1.19011147873051,0.732,0.237,8.21623704744029e-23,"13","PRNP"
2.7088056776162e-27,1.50392102337443,0.608,0.183,1.22102124724228e-22,"13","IFI44"
3.85412182515544e-27,1.47726791545963,0.67,0.221,1.73728395390706e-22,"13","RPN2"
4.37803385279982e-27,1.25687359248613,0.423,0.091,1.97344253948804e-22,"13","FAM105A"
4.51759441885235e-27,1.29231807790764,0.99,0.675,2.03635086024188e-22,"13","HSP90AA1"
4.58771363707442e-27,0.939135737466136,1,0.869,2.06795779904766e-22,"13","MT-ND1"
5.83441364745458e-27,1.52185967251453,0.691,0.228,2.62992029572663e-22,"13","GLUL"
5.83519694660588e-27,1.29524151514062,0.371,0.073,2.63027337565207e-22,"13","ATP6V1B2"
6.30384963270892e-27,2.14604698160501,0.278,0.046,2.84152326043987e-22,"13","SUSD6"
6.91708743604539e-27,1.91212517037508,0.361,0.073,3.11794633267182e-22,"13","FKBP5"
6.93659682179848e-27,1.5393157773443,0.515,0.135,3.12674038339388e-22,"13","RPN1"
1.12501322316989e-26,1.86573107853358,0.299,0.052,5.07110960476059e-22,"13","PLXNB2"
1.8081132279411e-26,1.42477770393569,0.856,0.358,8.1502511862673e-22,"13","PNRC1"
2.3321056643956e-26,1.43818337777941,0.825,0.331,1.05121994928296e-21,"13","GYPC"
2.4105129819762e-26,1.39186608307833,0.423,0.095,1.08656283175559e-21,"13","PER3"
2.54782512010704e-26,0.842632009300085,0.67,0.192,1.14845765113945e-21,"13","ATP1B1"
3.68872343585206e-26,1.42850598311665,0.454,0.109,1.66272897594467e-21,"13","PICALM"
4.10352625486906e-26,1.53064084527531,0.361,0.073,1.84970549464478e-21,"13","FBXO11"
4.67604595838769e-26,1.33418237408487,0.742,0.27,2.10777447620283e-21,"13","GNAI2"
7.27168041781049e-26,1.04724498797677,0.835,0.288,3.27778266513226e-21,"13","EGFL7"
7.87954918929523e-26,1.5054122476302,0.361,0.074,3.55178559256672e-21,"13","ATP2A2"
9.48456374917603e-26,1.23399266852611,0.474,0.112,4.27526195557859e-21,"13","PLXDC1"
1.08221705482389e-25,1.64969231106189,0.546,0.156,4.87820159632418e-21,"13","AAK1"
1.12644875602419e-25,1.74105681857833,0.361,0.075,5.07758041265463e-21,"13","ATF6"
1.17559813900463e-25,1.3261121614964,0.608,0.185,5.29912617137729e-21,"13","STAT1"
1.23323183599905e-25,1.77125463624361,0.381,0.084,5.55891582394931e-21,"13","ADIPOR1"
1.7756255099822e-25,1.57865460776164,0.351,0.071,8.00380954879574e-21,"13","USP9X"
2.00190593778733e-25,1.23613111402108,0.691,0.228,9.02379120517017e-21,"13","EIF2AK2"
2.1359891839605e-25,1.36073540641405,0.557,0.158,9.62818484562033e-21,"13","AKAP13"
2.28668811608254e-25,1.77485264195995,0.361,0.075,1.03074753520537e-20,"13","IL13RA1"
2.45133800808957e-25,1.85162083989478,0.361,0.077,1.10496512052645e-20,"13","EPN1"
3.08494165896891e-25,1.1315630624247,0.99,0.586,1.39056830219683e-20,"13","SAT1"
4.24404403851896e-25,1.8665382286511,0.309,0.059,1.91304529080281e-20,"13","GIT2"
5.23444157428288e-25,1.49506462120658,0.454,0.112,2.35947688402375e-20,"13","TAOK3"
5.84208257572342e-25,1.50780567290791,0.351,0.071,2.63337714183309e-20,"13","TMED5"
6.09098522654871e-25,1.62639191161162,0.371,0.08,2.7455725007191e-20,"13","USP15"
7.57744732099535e-25,1.96893454871802,0.289,0.052,3.41561015441186e-20,"13","ZNF503"
1.21258218583487e-24,1.45316679209037,0.412,0.095,5.46583546086927e-20,"13","ZMYM2"
1.29232308733612e-24,1.23893293962945,0.588,0.173,5.82527554847628e-20,"13","LAMP2"
1.46470599320093e-24,1.32605003795147,0.526,0.144,6.60230873495252e-20,"13","HOOK3"
2.30608020036322e-24,1.52944058644055,0.381,0.086,1.03948871111572e-19,"13","SETX"
3.96541482946937e-24,1.58196519775356,0.433,0.107,1.78745038853161e-19,"13","M6PR"
4.43570391728122e-24,1.25119177378182,0.794,0.32,1.99943789775368e-19,"13","ATP6V0B"
5.60531429263021e-24,1.42818736518224,0.32,0.063,2.52665147054599e-19,"13","YTHDF3"
5.89290227984893e-24,1.48748113998173,0.515,0.146,2.65628463166471e-19,"13","ZNF106"
9.77465431621409e-24,1.52825058696441,0.433,0.108,4.40602317957667e-19,"13","SDC3"
1.06235972593966e-23,1.15182125461548,0.639,0.198,4.78869270064562e-19,"13","ETS2"
1.55381781841617e-23,1.45864329246114,0.433,0.109,7.00398919829274e-19,"13","GALNT1"
1.8364603651412e-23,1.15738899052869,0.443,0.107,8.27802874191046e-19,"13","PYGL"
2.43306366871559e-23,1.01140506118912,0.629,0.197,1.09672777931024e-18,"13","SNX2"
3.09863959194194e-23,1.34869615728596,0.454,0.116,1.39674278246375e-18,"13","P4HA1"
3.14595163238158e-23,1.33504882829695,0.515,0.145,1.41806915781232e-18,"13","YME1L1"
3.19460396900069e-23,1.56414878983199,0.546,0.167,1.43999968506675e-18,"13","CTSA"
5.10714816515301e-23,1.21604262422672,0.969,0.576,2.30209810692437e-18,"13","HNRNPA2B1"
5.36206554938557e-23,1.76993632063063,0.392,0.095,2.41700466704104e-18,"13","ARID1A"
5.36288869748051e-23,1.81236818318995,0.299,0.059,2.41737570927631e-18,"13","SLC38A10"
8.94313522317312e-23,1.45257489346219,0.526,0.159,4.03120763319751e-18,"13","GOLGA4"
1.20451396359569e-22,1.30341219938548,0.485,0.132,5.42946714230393e-18,"13","DRAM2"
1.22493288820188e-22,1.67417488269563,0.402,0.098,5.52150748685878e-18,"13","FRMD4A"
1.35303951480548e-22,0.879486819606801,1,0.568,6.09896091693718e-18,"13","JUN"
1.55320309268166e-22,1.25924619833024,0.443,0.115,7.00121826057185e-18,"13","FAM120A"
1.68963007085035e-22,1.28477436409835,0.722,0.273,7.61617650736502e-18,"13","APLP2"
2.08898662351226e-22,1.23637180725538,0.814,0.347,9.41631610414385e-18,"13","HNRNPU"
2.50628116596808e-22,1.22446509910949,0.845,0.38,1.12973129837177e-17,"13","WSB1"
3.03424426196009e-22,1.16022823308118,0.464,0.123,1.36771594352113e-17,"13","SNAP23"
3.26088478409023e-22,1.77207552077224,0.309,0.064,1.46987642527651e-17,"13","ATP6V1A"
3.86618277320482e-22,1.23726897689698,0.485,0.136,1.7427205468498e-17,"13","CDV3"
4.17423706701626e-22,1.22615685567172,0.649,0.231,1.88157910032825e-17,"13","TYMP"
4.65143301421652e-22,1.2821038169248,0.361,0.082,2.09667994548824e-17,"13","PPP1R14B"
4.8546800905758e-22,1.70501498167101,0.361,0.085,2.18829559762795e-17,"13","TRIM38"
5.06668622180515e-22,1.0620798827102,0.711,0.255,2.28385948134089e-17,"13","LAMP1"
5.25312504585368e-22,1.5630170463503,0.371,0.088,2.367898645669e-17,"13","SMG1"
5.41136669526314e-22,1.85122006117494,0.268,0.05,2.43922765155681e-17,"13","ARPIN"
5.42505353339611e-22,1.46669946270713,0.351,0.079,2.44539713071363e-17,"13","CEPT1"
6.69054001898316e-22,1.44428382802021,0.299,0.06,3.01582781895685e-17,"13","AP1G1"
8.41211468772582e-22,1.69162705398736,0.34,0.077,3.79184481663929e-17,"13","ZNF330"
8.73703955039196e-22,1.11602146087461,0.433,0.109,3.93830794773468e-17,"13","CPED1"
8.8701092917127e-22,1.34476527582065,0.402,0.1,3.99829046433242e-17,"13","ZFYVE16"
1.17967507314614e-21,1.62447957992264,0.299,0.061,5.31750335971352e-17,"13","ATP6V1C1"
1.46889579095568e-21,1.56085879832095,0.34,0.077,6.62119466731181e-17,"13","KDM6B"
1.6396242173593e-21,1.54643132676568,0.443,0.123,7.39077012216877e-17,"13","LIPA"
1.77751465885397e-21,1.31478303651675,0.619,0.215,8.01232507625015e-17,"13","IRF2BP2"
2.58311413762622e-21,1.28230599637054,0.495,0.144,1.1643645286764e-16,"13","ACAP2"
2.67736266936842e-21,1.17380589126182,0.515,0.153,1.20684799684451e-16,"13","TM9SF2"
2.74629272790836e-21,1.0364927062499,0.701,0.248,1.23791891003197e-16,"13","LRRFIP1"
3.16569107553809e-21,1.5041690483088,0.454,0.126,1.42696690920955e-16,"13","SRGAP2C"
4.11364904894803e-21,1.63193552150778,0.361,0.086,1.85426844530381e-16,"13","FADS1"
4.32234903031193e-21,1.37920051991265,0.598,0.209,1.94834204890341e-16,"13","TGOLN2"
4.84109991084893e-21,1.57705524922411,0.351,0.083,2.18217419581426e-16,"13","KIAA1551"
4.84757402396698e-21,1.55726537397939,0.258,0.048,2.18509246704336e-16,"13","GNPTAB"
6.50503017232882e-21,2.18953038897711,0.278,0.057,2.93220740047894e-16,"13","MTHFR"
8.17091433968503e-21,1.30985112480525,0.423,0.112,3.68312134775643e-16,"13","KMT2C"
8.47774155891081e-21,1.70974427591957,0.299,0.064,3.82142678509464e-16,"13","MLXIP"
8.92607323644846e-21,1.52077798757092,0.268,0.052,4.02351677206151e-16,"13","KIAA2013"
8.92851527920274e-21,1.00093118315375,0.649,0.224,4.02461754725343e-16,"13","RSRP1"
1.05739311206627e-20,1.68514174259998,0.371,0.093,4.7663051919499e-16,"13","TPST2"
1.56906474523501e-20,1.76951014355871,0.381,0.099,7.07271624562131e-16,"13","FLI1"
2.03902184245175e-20,1.29896325277205,0.392,0.099,9.19109485703549e-16,"13","LRRC58"
2.2411698391779e-20,1.76535232836243,0.299,0.065,1.01022971670783e-15,"13","IQSEC1"
2.26946331126291e-20,0.986172129360828,0.608,0.202,1.02298328218487e-15,"13","MT-ATP8"
2.3137508036103e-20,1.50178881791336,0.34,0.08,1.04294631223538e-15,"13","SPTLC2"
2.4052669003708e-20,1.53744908501242,0.33,0.076,1.08419810801114e-15,"13","EFR3A"
2.94945613053676e-20,1.71024186631904,0.361,0.09,1.32949684540075e-15,"13","USF2"
3.21925114909843e-20,1.64114935030851,0.33,0.077,1.45110964796761e-15,"13","ALG13"
3.60321339427773e-20,1.70153999892681,0.299,0.065,1.62418446960463e-15,"13","TCF12"
3.75846496515647e-20,1.37276964670953,0.268,0.053,1.69416566769393e-15,"13","RREB1"
3.78617885060633e-20,1.22990004460456,0.588,0.197,1.70665797869931e-15,"13","ROCK1"
3.83481966808364e-20,1.85053638760932,0.392,0.105,1.72858331358538e-15,"13","EIF4A1"
3.85970706134298e-20,0.9171247370413,0.66,0.235,1.73980155497096e-15,"13","TMEM123"
5.04271460919773e-20,1.21884088201927,0.825,0.356,2.27305403724197e-15,"13","ZFP36L2"
5.32985141546875e-20,1.40506897019157,0.412,0.112,2.4024838240367e-15,"13","STX7"
5.45213370579166e-20,1.39119209777756,0.701,0.284,2.45760378922265e-15,"13","CTSL"
5.46987620255103e-20,1.67618485451914,0.32,0.073,2.4656013970619e-15,"13","ETV6"
5.54389682879651e-20,1.39344384717569,0.33,0.077,2.49896693454831e-15,"13","MSL1"
5.63944043735711e-20,0.890612749473412,0.856,0.367,2.54203417154309e-15,"13","SDCBP"
5.68153972523566e-20,1.4376900070265,0.351,0.084,2.56101084654722e-15,"13","RASSF4"
6.06513954165133e-20,1.48835561166075,0.289,0.06,2.73392229979476e-15,"13","DCTN4"
6.29699861015652e-20,1.04093442261904,0.485,0.142,2.83843509351415e-15,"13","RBM5"
7.14397600943141e-20,0.990007509122408,0.856,0.398,3.2202186260113e-15,"13","NFKBIA"
7.65711288178918e-20,0.644274169673675,0.557,0.169,3.45152020259529e-15,"13","HLA-DRB6"
8.43538944383313e-20,1.90798339510442,0.289,0.062,3.80233614570222e-15,"13","SPPL3"
1.13288914269441e-19,1.18457607576033,0.423,0.115,5.10661109960932e-15,"13","MKLN1"
1.35160144220864e-19,1.04416717978878,0.536,0.168,6.09247866089966e-15,"13","STAG2"
1.58486684877298e-19,1.19622391851716,0.381,0.097,7.14394580752909e-15,"13","RNU4-2"
2.59038309397232e-19,1.74915775393709,0.278,0.06,1.16764108343896e-14,"13","DOCK4"
2.68861308718348e-19,1.12083909227334,0.526,0.168,1.21191923517883e-14,"13","BAZ2B"
2.82282701025178e-19,1.25124496033753,0.485,0.15,1.27241750314109e-14,"13","GNB1"
3.04849622528413e-19,1.19342744018952,0.412,0.113,1.37414015850907e-14,"13","IDI1"
5.04110110986864e-19,1.48705307201694,0.34,0.084,2.27232673628439e-14,"13","COPA"
5.27446408865651e-19,1.02152532557012,0.711,0.283,2.37751743260281e-14,"13","SFPQ"
5.45204957681192e-19,1.77703858767622,0.32,0.077,2.45756586724374e-14,"13","TBC1D5"
5.70966825529254e-19,1.56220541760187,0.278,0.06,2.57369006275566e-14,"13","LGALS8"
6.10918854375455e-19,1.47867821597914,0.392,0.107,2.7537778279828e-14,"13","GATAD1"
6.16217303524947e-19,1.53862774261793,0.258,0.052,2.77766111736905e-14,"13","GPCPD1"
6.29357673413919e-19,1.26702969502865,0.268,0.055,2.83689264868058e-14,"13","USP10"
6.46100694695693e-19,0.897238812614931,0.907,0.44,2.9123634914103e-14,"13","GNAS"
9.32865605483265e-19,1.21728235038744,0.588,0.209,4.20498500327636e-14,"13","MX1"
9.96730273839029e-19,1.31147471334469,0.289,0.063,4.49286138235681e-14,"13","WDR26"
1.07141663839231e-18,0.895348666090251,0.536,0.17,4.8295176392172e-14,"13","GAS6"
1.26967054999787e-18,1.30116420913021,0.278,0.059,5.72316697117039e-14,"13","RHOT1"
1.34331971181267e-18,1.16778527115019,0.711,0.294,6.05514793296677e-14,"13","TPM3"
1.59611092943176e-18,1.42586332617412,0.32,0.077,7.19462962550659e-14,"13","UHMK1"
1.60563274336204e-18,0.865050057901663,0.856,0.39,7.23755015397872e-14,"13","CD81"
1.63747571742024e-18,1.6311387295761,0.268,0.057,7.38108554384349e-14,"13","MAN2C1"
1.68610463250561e-18,1.01866749411907,0.474,0.144,7.60028524148228e-14,"13","G3BP1"
1.72270858776985e-18,1.38614894045557,0.32,0.076,7.76528123023136e-14,"13","RAB8B"
1.83467747445949e-18,1.43433851863658,0.299,0.069,8.26999218387359e-14,"13","FAR1"
1.86063557315166e-18,1.70118607210332,0.258,0.054,8.38700090953843e-14,"13","UGCG"
1.93986897445242e-18,1.06154076173397,0.381,0.102,8.74415338924172e-14,"13","SPEN"
1.94603669276517e-18,0.970131918245712,0.443,0.129,8.77195499630828e-14,"13","SRGAP2B"
2.99049937490994e-18,1.38704871586865,0.351,0.091,1.34799749823441e-13,"13","INSIG1"
2.9935150482742e-18,1.27743669684099,0.33,0.081,1.34935684316008e-13,"13","FAM208A"
3.06930453617945e-18,1.52047908559345,0.392,0.112,1.38351971272825e-13,"13","IFIT2"
3.33557320364504e-18,1.54781390980464,0.289,0.065,1.50354297727504e-13,"13","FAM53C"
3.37026524235784e-18,1.03363039670867,0.68,0.271,1.51918076064522e-13,"13","DAZAP2"
4.63188116310219e-18,1.00549029648286,0.454,0.136,2.08786675307994e-13,"13","ADAM10"
5.91647584800835e-18,1.10050587199803,0.32,0.077,2.66691065324824e-13,"13","AMFR"
6.83252627207517e-18,1.13572559877441,0.784,0.356,3.0798295424006e-13,"13","SRSF7"
7.30721015894939e-18,1.26658152362642,0.423,0.126,3.29379805124803e-13,"13","PARP9"
7.75986760463168e-18,1.0783371703356,0.361,0.094,3.49783792146378e-13,"13","PBRM1"
1.14826744274636e-17,0.926701946284058,0.454,0.134,5.1759303249235e-13,"13","NPTN"
1.34212150525935e-17,1.30383699229173,0.381,0.107,6.04974689710706e-13,"13","FNIP2"
1.41752548366279e-17,1.38274291067399,0.402,0.118,6.38963787015839e-13,"13","LINC00969"
1.45647289656027e-17,2.01916904989727,0.258,0.057,6.56519722853505e-13,"13","LYL1"
1.54385699877642e-17,0.7765447724775,0.948,0.52,6.95908980768458e-13,"13","IER2"
1.7203136436272e-17,0.921333094655303,0.639,0.241,7.75448578001395e-13,"13","PLSCR1"
1.88448700059248e-17,1.38264063073492,0.433,0.135,8.49451360387068e-13,"13","MOB1A"
3.24950878212888e-17,1.17207353598533,0.361,0.097,1.46474857863241e-12,"13","CDC42SE2"
3.35582377394381e-17,1.04451885529396,0.474,0.152,1.51267112434291e-12,"13","PTP4A2"
3.41470708383973e-17,1.65281423656275,0.258,0.056,1.53921336511159e-12,"13","PDXK"
3.61918427775408e-17,1.40455369733884,0.299,0.072,1.63138350504043e-12,"13","CREBL2"
3.64242533216809e-17,1.41365085950727,0.351,0.095,1.64185964272809e-12,"13","MED13L"
4.18474602501101e-17,1.18618107237829,0.33,0.084,1.88631611823396e-12,"13","GCA"
4.77037876166255e-17,0.80325043900365,0.722,0.291,2.15029593060701e-12,"13","ATRX"
5.24407205620379e-17,1.19134041971914,0.268,0.059,2.36381792005442e-12,"13","NAV2"
5.43778138174842e-17,1.90848700997992,0.258,0.058,2.45113433563692e-12,"13","PPM1F"
6.72623261554338e-17,0.657111700417699,0.99,0.904,3.03191661378233e-12,"13","MT-ND2"
1.04297330800043e-16,0.88891895228142,0.969,0.595,4.70130648314275e-12,"13","DDX5"
1.07774176520801e-16,1.07357345102843,0.485,0.16,4.85802878085161e-12,"13","PIK3R1"
1.23431730101718e-16,1.32617879394826,0.32,0.082,5.56380866606504e-12,"13","CREBBP"
1.35967972184746e-16,1.1596543853596,0.371,0.105,6.12889231419959e-12,"13","RAB21"
1.42167050618777e-16,1.01063563175464,0.773,0.36,6.408321973692e-12,"13","DNAJA1"
1.71897579962267e-16,1.33599568411786,0.309,0.078,7.74845531437915e-12,"13","OAS3"
2.31799050608935e-16,0.910173125176132,0.536,0.186,1.04485740052484e-11,"13","GRINA"
2.42281736640118e-16,1.18159889801316,0.351,0.096,1.092109156079e-11,"13","MAGT1"
2.50952623872293e-16,0.863623041647643,0.392,0.112,1.13119404736675e-11,"13","COTL1"
2.61398247241718e-16,1.36380193846373,0.33,0.088,1.17827873926677e-11,"13","C17orf62"
2.66660008463326e-16,1.02362421712397,0.381,0.11,1.20199665414929e-11,"13","MAPK1IP1L"
2.98765347099635e-16,1.30265211130619,0.351,0.099,1.34671467858632e-11,"13","LARP1"
3.06462574565581e-16,1.41495289280088,0.258,0.058,1.38141070111181e-11,"13","UBAP2L"
3.44185148873745e-16,1.12859943115372,0.505,0.173,1.55144897706329e-11,"13","LITAF"
3.9810294183317e-16,1.36427363626051,0.278,0.066,1.7944888206072e-11,"13","ZNF655"
4.07930242022982e-16,1.14984268074121,0.381,0.113,1.8387863589428e-11,"13","APOL6"
4.15347840756566e-16,1.08796409833195,0.392,0.117,1.8722219269943e-11,"13","EFCAB14"
4.36483114928841e-16,1.06712110128952,0.402,0.121,1.96749128885324e-11,"13","SMS"
4.82269216443232e-16,0.858333978062919,0.691,0.289,2.17387672003951e-11,"13","SPATS2L"
5.45220933689546e-16,1.05272670461888,0.371,0.105,2.457637880699e-11,"13","STK4"
5.56094010356756e-16,1.48776925984797,0.278,0.067,2.50664936108411e-11,"13","RHOU"
6.116345930558e-16,1.38880545457641,0.289,0.071,2.75700409165833e-11,"13","GPATCH2L"
6.60500061601381e-16,1.27608259055728,0.309,0.08,2.97727007767439e-11,"13","LNPEP"
6.75759726194184e-16,1.24593600114171,0.289,0.071,3.0460545417929e-11,"13","ATXN1"
7.57244187700761e-16,1.29148633821607,0.32,0.085,3.41335390047995e-11,"13","TMEM70"
8.53004516852042e-16,1.27196179329279,0.299,0.076,3.84500316016226e-11,"13","HERC4"
9.65885513629114e-16,0.907093819559867,0.505,0.174,4.3538255412346e-11,"13","GNAQ"
9.82528281857685e-16,1.33402720917002,0.34,0.095,4.4288444833017e-11,"13","ITSN2"
9.83723489800783e-16,1.32309673776618,0.289,0.072,4.43423200262601e-11,"13","FNDC3B"
1.14175632806645e-15,1.2932722638135,0.433,0.143,5.14658082439232e-11,"13","MYCBP2"
1.37478852700278e-15,1.20367525748855,0.33,0.09,6.19699676431774e-11,"13","CREB3L2"
1.4781268986478e-15,1.21346741753541,0.34,0.096,6.66280480834483e-11,"13","RANBP2"
1.66946778422189e-15,1.09392291446953,0.371,0.11,7.52529298415859e-11,"13","BIRC6"
1.77214548005296e-15,0.931196748672657,0.412,0.128,7.98812296588672e-11,"13","RBM26"
1.86054887661041e-15,1.06929375859003,0.505,0.179,8.38661011620909e-11,"13","XBP1"
2.60761460608315e-15,0.952170029008394,0.361,0.104,1.17540835983804e-10,"13","ETNK1"
2.69544667351099e-15,1.6440202869368,0.258,0.062,1.21499954255181e-10,"13","LCOR"
2.74673079941106e-15,1.27985285500505,0.443,0.149,1.23811637514253e-10,"13","SP110"
2.8006542972987e-15,0.646114024420897,0.948,0.544,1.26242293105036e-10,"13","MARCKS"
2.91852358034979e-15,1.09083113342088,0.495,0.175,1.31555368907847e-10,"13","MIDN"
3.36722038217446e-15,1.16451401435265,0.268,0.065,1.51780825946896e-10,"13","PTAR1"
3.55832147807284e-15,1.47203517923374,0.299,0.08,1.60394898945612e-10,"13","FCHO2"
3.68304801650324e-15,1.58901844485525,0.289,0.075,1.660170723919e-10,"13","IL10RB"
3.81429923774095e-15,1.13118617445288,0.381,0.118,1.71933352440411e-10,"13","SMCHD1"
3.98172475882176e-15,0.73527090255753,0.454,0.147,1.7948022522865e-10,"13","LINC01578"
3.99468647435766e-15,1.6142943140875,0.33,0.095,1.80064487518146e-10,"13","MKNK2"
4.77776913029477e-15,1.41963574940372,0.278,0.07,2.15362721317167e-10,"13","PDS5A"
5.07106063147967e-15,1.51590215456675,0.33,0.096,2.28583129024578e-10,"13","PHKB"
5.31042118648607e-15,1.21323593991371,0.454,0.157,2.39372545402046e-10,"13","EPSTI1"
5.96447606660231e-15,1.09226812915029,0.309,0.082,2.68854723178166e-10,"13","FAM13A"
6.12382679146917e-15,1.69091966492455,0.268,0.068,2.76037616452264e-10,"13","IFIH1"
6.25572419306651e-15,1.64787491754653,0.258,0.063,2.81983023726666e-10,"13","TMEM2"
6.67608414593765e-15,1.21343216757121,0.309,0.084,3.00931168962285e-10,"13","KHSRP"
6.87141671921367e-15,0.892216455812335,0.557,0.21,3.09735980035275e-10,"13","JMJD1C"
6.88766030644724e-15,0.818451693456879,0.598,0.235,3.10468175973416e-10,"13","RBPJ"
6.98868042280375e-15,0.525273545838057,0.32,0.082,3.15021758738302e-10,"13","NOTCH2"
7.39594126024619e-15,1.3661050954612,0.278,0.072,3.33379448246857e-10,"13","TLNRD1"
7.59549402041892e-15,1.17696347062856,0.361,0.109,3.42374488464403e-10,"13","MLLT6"
7.69616492513711e-15,1.01961842372951,0.289,0.074,3.4691233016548e-10,"13","AKAP11"
7.8142939007605e-15,0.542552247669797,0.691,0.275,3.5223711187068e-10,"13","CD164"
8.28106804176653e-15,1.14240941775658,0.33,0.092,3.73277423050668e-10,"13","RAB32"
9.42424913359878e-15,0.942979337771292,0.495,0.175,4.24807453946099e-10,"13","OS9"
9.45968025004695e-15,1.01650285610576,0.515,0.194,4.26404546951116e-10,"13","BRD2"
1.34213294517981e-14,0.844312635267606,0.773,0.389,6.0497984636925e-10,"13","ARPC3"
1.43446764048753e-14,1.29602204506768,0.278,0.072,6.46600633626159e-10,"13","HUWE1"
1.54041725367233e-14,1.3712800935451,0.33,0.095,6.94358481265341e-10,"13","CMTM3"
1.54886692304632e-14,1.01667734606495,0.32,0.088,6.98167254232357e-10,"13","CCDC14"
1.66884290360565e-14,1.50625657648594,0.278,0.073,7.52247627229282e-10,"13","TRIM33"
1.77775277715356e-14,0.810831320652166,0.784,0.371,8.01339841829737e-10,"13","HSPA8"
1.95177062176551e-14,1.36763289414276,0.299,0.083,8.79780125467022e-10,"13","AFF1"
2.28216979188476e-14,0.6775995772962,0.845,0.45,1.02871085538998e-09,"13","DDX17"
2.29862356001101e-14,1.28149493796166,0.351,0.107,1.03612755591056e-09,"13","ZNF148"
2.39028708269165e-14,0.838253166592882,0.474,0.167,1.07744580539409e-09,"13","PJA2"
2.48028751981641e-14,1.11755705384321,0.34,0.1,1.11801440243245e-09,"13","SEL1L"
2.88444824254638e-14,0.784937246924672,0.454,0.156,1.30019388981021e-09,"13","CLEC2B"
3.32752317520795e-14,0.779957722683783,0.454,0.148,1.49991434645674e-09,"13","TMEM176A"
3.53736272630776e-14,0.827524302295742,0.536,0.2,1.59450162251048e-09,"13","NORAD"
3.5933205807314e-14,0.863535379569097,0.722,0.32,1.61972518497049e-09,"13","ANKRD12"
4.12607208885283e-14,0.569617251427087,1,0.954,1.8598682547713e-09,"13","MT-CO1"
4.22847684283904e-14,1.08861063444879,0.371,0.118,1.90602822167813e-09,"13","G3BP2"
4.30290993141857e-14,0.686037288420901,0.495,0.175,1.93957968068624e-09,"13","TM9SF3"
4.7372829815715e-14,1.17522034542633,0.392,0.129,2.13537767677317e-09,"13","NIPBL"
5.16505843245931e-14,0.864910823334513,0.33,0.091,2.32820173901536e-09,"13","ARHGAP24"
5.50884737725837e-14,1.14502140265218,0.381,0.123,2.48316804377298e-09,"13","SYNGR2"
5.62905590673872e-14,1.10324785723712,0.351,0.107,2.53735324052155e-09,"13","ZC3HAV1"
5.72183950339647e-14,0.731271744609918,0.845,0.454,2.57917637455099e-09,"13","CYBA"
5.85232809493719e-14,1.07927442294968,0.351,0.107,2.63799541207389e-09,"13","USP53"
6.09984794474559e-14,1.07676479962289,0.361,0.112,2.74956745957352e-09,"13","FNDC3A"
6.61554046246164e-14,0.975705937629392,0.34,0.101,2.98202101885921e-09,"13","RCBTB2"
6.63397111012732e-14,1.06458759941689,0.546,0.219,2.99032881760099e-09,"13","TNFRSF1A"
6.68014375172977e-14,1.24800936107664,0.268,0.07,3.01114159752971e-09,"13","SUGP2"
7.37038111039784e-14,1.25330084385717,0.371,0.119,3.32227298932293e-09,"13","HDLBP"
8.30287286469895e-14,1.05718698639882,0.351,0.108,3.7426029724917e-09,"13","HNRNPL"
8.38825460295149e-14,1.21486026761263,0.268,0.07,3.78108964482641e-09,"13","HNRNPUL2"
8.55954731215657e-14,1.21488631124527,0.309,0.088,3.8583015464277e-09,"13","PLEKHB2"
9.21356956258517e-14,0.8703516371253,0.485,0.175,4.15310861603089e-09,"13","PABPN1"
1.00077753232988e-13,0.950704737483286,0.33,0.094,4.51110480473015e-09,"13","SPINT2"
1.13948836113009e-13,1.34624420613562,0.258,0.066,5.13635773662998e-09,"13","ST3GAL1"
1.27312765037105e-13,0.80442425302191,0.464,0.166,5.73875019681253e-09,"13","WAC"
1.30150963336671e-13,0.824532556454,0.536,0.208,5.86668482336379e-09,"13","RAP1A"
1.40201415851439e-13,0.845217120978575,0.402,0.132,6.31971902091948e-09,"13","SNX5"
1.41530046412619e-13,0.813238261353099,0.515,0.194,6.37960837209522e-09,"13","ASH1L"
1.42101693313913e-13,1.05430899028372,0.268,0.07,6.40537592781792e-09,"13","UBR5"
1.56697179555484e-13,0.668679092138448,0.649,0.28,7.06328206564299e-09,"13","ARPC1B"
1.72121612853515e-13,1.08764343111156,0.278,0.075,7.75855382098503e-09,"13","PPIP5K2"
2.16668666840581e-13,1.17279912535207,0.361,0.118,9.76655682650603e-09,"13","PUM1"
2.18695225525064e-13,0.937840675412473,0.309,0.089,9.85790598576777e-09,"13","SBF2"
2.25607927817125e-13,1.20981654344457,0.309,0.09,1.01695029542847e-08,"13","TMEM259"
2.33102189633323e-13,0.987910488637481,0.412,0.14,1.05073142999117e-08,"13","PCF11"
2.36778821220123e-13,1.15563206316458,0.34,0.106,1.06730421453183e-08,"13","RC3H1"
2.3691329230679e-13,1.53234393676532,0.268,0.074,1.06791035640209e-08,"13","GLRX"
3.01808827539843e-13,1.24464373455007,0.268,0.072,1.3604334710186e-08,"13","UBA6"
3.48497078500006e-13,0.698577137743889,0.454,0.159,1.57088543104663e-08,"13","NFIA"
3.54357591064965e-13,0.919808982771999,0.526,0.205,1.59730227748444e-08,"13","LAP3"
3.61953060987747e-13,1.53493413544146,0.392,0.136,1.63153961770837e-08,"13","SGK1"
3.6946308241929e-13,0.829206163230823,0.639,0.281,1.66539179031319e-08,"13","NSA2"
3.9791312784684e-13,1.22741754001317,0.423,0.154,1.79363321508242e-08,"13","KLF3"
4.07483466783054e-13,1.45178965133816,0.258,0.069,1.83677247487129e-08,"13","DCP2"
4.35008370726635e-13,0.842705299141465,0.289,0.08,1.96084373188738e-08,"13","ETF1"
4.59312900778026e-13,1.11615006610546,0.361,0.117,2.07039883154703e-08,"13","PDCD6IP"
4.93870432504165e-13,0.77373560015037,0.598,0.248,2.22617036155577e-08,"13","TSPAN4"
5.21647292398296e-13,1.20766107876326,0.268,0.073,2.35137733521456e-08,"13","SP1"
5.29817707491778e-13,0.825570493967838,0.32,0.094,2.38820629828994e-08,"13","CCND2"
5.32864558111186e-13,0.755079610552603,0.361,0.113,2.40194028214198e-08,"13","POGZ"
5.97183308422708e-13,0.992187381024973,0.289,0.081,2.6918634810462e-08,"13","VMA21"
6.11220210796347e-13,1.01128281215977,0.34,0.106,2.75513622218561e-08,"13","EVI5"
7.13415234041788e-13,0.83919627176321,0.402,0.138,3.21579050896676e-08,"13","ERBIN"
7.44415936194169e-13,1.06396124945846,0.299,0.087,3.35552927398883e-08,"13","ZNF451"
7.48307193668754e-13,1.20223526097474,0.32,0.099,3.37306950618127e-08,"13","CARD8"
7.67121195090928e-13,0.723042948471088,0.68,0.303,3.45787549899187e-08,"13","SCAF11"
8.0382099970891e-13,1.33379820006438,0.309,0.093,3.62330353828788e-08,"13","CSNK1D"
1.03736827854197e-12,0.890990991801933,0.443,0.163,4.67604125235578e-08,"13","CCDC50"
1.11034604685795e-12,0.921203289186908,0.278,0.078,5.0049958408169e-08,"13","MAPK1"
1.15054827679046e-12,0.625518549527569,0.969,0.732,5.18621141246068e-08,"13","RPL23"
1.18681988110956e-12,0.861911104500826,0.371,0.121,5.34970929608943e-08,"13","GAS7"
1.28245861231442e-12,1.08533556479515,0.278,0.079,5.78081044086849e-08,"13","RXRA"
1.40836608061648e-12,0.89112125110483,0.454,0.167,6.34835094498685e-08,"13","CREBRF"
1.41095894808387e-12,0.52329246246931,0.773,0.345,6.36003855438285e-08,"13","TCF4"
1.70183836462904e-12,1.28923399270626,0.289,0.086,7.67120661240186e-08,"13","SUZ12"
1.70717310896001e-12,1.07914666665745,0.433,0.161,7.69525350594815e-08,"13","ATP6AP1"
1.86169450434504e-12,0.985152103351302,0.33,0.102,8.39177414778571e-08,"13","ATP6V0D1"
1.96271379012022e-12,1.36710535355845,0.309,0.096,8.8471286803459e-08,"13","CASP1"
2.20264104811214e-12,0.817088818190258,0.68,0.316,9.92862478847027e-08,"13","CAPZB"
2.67908732951862e-12,1.27083008302652,0.351,0.117,1.20762540465381e-07,"13","PPM1K"
2.82300382766006e-12,0.825973743707385,0.474,0.182,1.27249720535605e-07,"13","NCOA7"
2.98494252979583e-12,0.609134033625022,0.835,0.429,1.34549269473077e-07,"13","IFI16"
3.03538378739744e-12,0.874559668209648,0.34,0.109,1.36822959600727e-07,"13","ITPRIPL2"
3.18119588927351e-12,0.788314179333442,0.794,0.409,1.43395585904893e-07,"13","FUS"
3.77412332756514e-12,0.762272261582417,0.526,0.21,1.70122383113326e-07,"13","TECR"
3.78047592340559e-12,1.14021227542869,0.309,0.094,1.7040873272343e-07,"13","MYLIP"
3.98196389226453e-12,0.811060414199583,0.557,0.24,1.79491004407716e-07,"13","SF3B1"
4.68835544814461e-12,1.09088350178223,0.258,0.071,2.11332310180566e-07,"13","PTCD3"
4.97538016366669e-12,0.779609777912074,0.691,0.353,2.2427023625744e-07,"13","ARPC5"
5.00477666708276e-12,0.689788023741037,0.546,0.224,2.25595313045422e-07,"13","CFLAR"
5.09653908267771e-12,1.41648690149683,0.289,0.088,2.29731595690781e-07,"13","STX4"
5.80313280259186e-12,0.711090272780231,0.309,0.094,2.61582014209631e-07,"13","UBE2W"
5.83234093077517e-12,0.760445237147641,0.546,0.229,2.62898599795622e-07,"13","RNF13"
6.71715019067902e-12,0.629537502758227,0.67,0.308,3.02782261995047e-07,"13","CANX"
6.91433150707512e-12,1.45311778496063,0.33,0.11,3.11670407012918e-07,"13","IFRD1"
7.50117737007747e-12,0.74415331375843,0.351,0.115,3.38123071133612e-07,"13","FBXL5"
7.59512512627808e-12,0.81409402544565,0.258,0.071,3.42357860192111e-07,"13","VPS53"
7.70827084761454e-12,0.811732667362819,0.371,0.127,3.47458016727073e-07,"13","AHCYL1"
8.57257080774212e-12,0.868533377198697,0.32,0.101,3.86417201729784e-07,"13","UBL3"
9.5709027734141e-12,1.2236064528657,0.268,0.078,4.31418013414414e-07,"13","HSPH1"
9.84202951231731e-12,0.9235630282078,0.268,0.077,4.43639322297215e-07,"13","UBLCP1"
1.10008072179038e-11,0.902269673710972,0.433,0.162,4.9587238615423e-07,"13","ARID1B"
1.25093828014702e-11,1.2042339576158,0.258,0.074,5.6387293915907e-07,"13","TAF10"
1.28412416729854e-11,0.842475287568223,0.299,0.091,5.7883180965149e-07,"13","OSTM1"
1.31390883431122e-11,1.21429186339937,0.32,0.105,5.92257546154127e-07,"13","STX16"
1.32874216879651e-11,0.829862470007644,0.701,0.352,5.98943820006716e-07,"13","EIF5"
1.37848794545981e-11,0.870903287666261,0.392,0.14,6.21367226295465e-07,"13","GNAI3"
1.38957019632344e-11,1.19640286465655,0.258,0.074,6.26362661694755e-07,"13","IPO7"
1.50821283808758e-11,0.831531925390207,0.309,0.097,6.79842018896356e-07,"13","SUPT5H"
1.52346099726193e-11,0.963784562471537,0.299,0.093,6.86715279125788e-07,"13","LBR"
1.73622065316341e-11,1.19220321254316,0.268,0.079,7.8261882161994e-07,"13","PPP4R3A"
1.8024193596624e-11,0.974542560422107,0.505,0.217,8.12458550561423e-07,"13","RBMS1"
1.98967783633681e-11,1.02529829095795,0.464,0.192,8.9686718150718e-07,"13","PRPF40A"
2.06496731183899e-11,0.832754681440317,0.474,0.192,9.30804665484543e-07,"13","GDI2"
2.4596139582951e-11,0.798338554896483,0.433,0.167,1.1086955878411e-06,"13","MRPL14"
2.57710949864697e-11,0.769422528227777,0.33,0.109,1.16165787761011e-06,"13","PRRC2B"
2.62793031395023e-11,0.625788998833555,0.856,0.483,1.18456586831621e-06,"13","TMBIM6"
2.81190072834749e-11,1.46524746127495,0.258,0.077,1.26749237230991e-06,"13","DIP2A"
2.90012826323028e-11,1.12953879394946,0.381,0.142,1.30726181593368e-06,"13","GOLGB1"
3.03304753351738e-11,0.635639909617675,0.32,0.101,1.36717650620829e-06,"13","MAPRE2"
3.22322880800016e-11,0.866051932577911,0.299,0.094,1.45290261749415e-06,"13","XPO1"
3.22823856087356e-11,1.2154783988,0.299,0.095,1.45516081369937e-06,"13","ATOH8"
3.29773924091881e-11,1.07340038609442,0.309,0.101,1.48648894023656e-06,"13","MAP3K11"
3.46963159346709e-11,1.11425999084935,0.34,0.119,1.56397113707123e-06,"13","ZBTB7A"
3.66622468140316e-11,0.975084816391692,0.33,0.112,1.65258743738929e-06,"13","NUDT3"
3.73243061439056e-11,1.12885085979725,0.495,0.203,1.68243042374269e-06,"13","H1FX"
3.81199859431972e-11,0.697322779195096,0.289,0.088,1.71829648637556e-06,"13","AZIN1"
3.89929444893652e-11,0.621039509119147,0.608,0.272,1.75764596580263e-06,"13","CAP1"
4.0515743105657e-11,0.882685353701433,0.577,0.271,1.8262876362306e-06,"13","FAM133B"
4.14808603777778e-11,0.791645311344658,0.423,0.161,1.86979126238871e-06,"13","ARPC4"
4.33078885370322e-11,0.925866717586275,0.351,0.121,1.95214638369526e-06,"13","RTCB"
4.45723186674774e-11,1.18030273890708,0.289,0.091,2.00914183625521e-06,"13","FUCA2"
4.54329392110553e-11,1.10871891166517,0.289,0.091,2.04793516787753e-06,"13","CACUL1"
4.8865855119112e-11,1.11606979207429,0.299,0.096,2.20267728534909e-06,"13","BLVRA"
5.14908218483485e-11,0.873805991710933,0.32,0.105,2.32100028563616e-06,"13","ZNF280D"
5.15891597654441e-11,1.1062227653255,0.289,0.089,2.32543296558716e-06,"13","ACP5"
5.44123760694756e-11,0.942098882784018,0.289,0.09,2.45269226370768e-06,"13","VASP"
6.72367147331178e-11,0.531874189410602,0.546,0.231,3.03076215331002e-06,"13","AP1S2"
6.76424299985056e-11,0.885932133848963,0.309,0.102,3.04905017461264e-06,"13","SP3"
7.08795897102546e-11,1.11450017750367,0.392,0.152,3.19496838577943e-06,"13","VSIR"
7.22723011228112e-11,0.632168050297987,0.423,0.159,3.25774624541184e-06,"13","TSPYL1"
8.01424545990854e-11,1.02595900366836,0.412,0.165,3.61250128350837e-06,"13","H1F0"
8.15072914844231e-11,0.73013327159315,0.381,0.138,3.67402267095186e-06,"13","ALDH9A1"
8.90471824888077e-11,0.762126968942661,0.433,0.171,4.0138907978655e-06,"13","RAB10"
9.11652003675878e-11,0.982152930398927,0.258,0.074,4.10936257176939e-06,"13","QPRT"
1.02253985126089e-10,0.835688602492961,0.454,0.183,4.60920063354357e-06,"13","NRP2"
1.13346820856902e-10,0.616573826974871,0.753,0.394,5.10922129694569e-06,"13","SARAF"
1.2088646458783e-10,1.25288330553484,0.278,0.09,5.44907827776105e-06,"13","CMIP"
1.22271268310009e-10,1.18234643722765,0.278,0.09,5.51149969034195e-06,"13","BAZ1A"
1.25456598160383e-10,0.649619399689469,0.588,0.269,5.65508161867743e-06,"13","IFIT1"
1.31767074937197e-10,1.0323202038631,0.309,0.104,5.93953266986911e-06,"13","CAT"
1.42957469330853e-10,0.765225873808539,0.33,0.113,6.44395088755754e-06,"13","ZNF644"
1.44947377761833e-10,0.853521729844331,0.32,0.107,6.53364799999237e-06,"13","NBR1"
1.50618672684779e-10,0.916405314596486,0.33,0.115,6.78928728993909e-06,"13","CHD1"
1.79150662335225e-10,0.752764951020731,0.289,0.092,8.07539525542258e-06,"13","TNS3"
1.81030538443658e-10,0.958659083293758,0.392,0.15,8.16013255088631e-06,"13","SPCS3"
1.94372035971455e-10,0.785291733303582,0.495,0.211,8.7615138934493e-06,"13","CHCHD10"
2.08849387220542e-10,0.709712256559175,0.577,0.27,9.41409497835315e-06,"13","SSR3"
2.17425954670552e-10,0.58410964239885,0.423,0.16,9.8006923327298e-06,"13","ERP44"
2.21483724877707e-10,1.162336071936,0.258,0.08,9.98360038258754e-06,"13","DAAM1"
2.3404262558605e-10,0.820432764243375,0.278,0.089,1.05497053909168e-05,"13","RPS6KA3"
2.73795582209717e-10,0.830181252234687,0.299,0.099,1.23416096636852e-05,"13","XRN1"
2.84760865890407e-10,1.11486740856581,0.268,0.085,1.2835880790876e-05,"13","CTDNEP1"
2.91615497986778e-10,0.854604522956564,0.495,0.223,1.3144860187252e-05,"13","LPP"
3.06839090285577e-10,0.911288957948578,0.289,0.094,1.38310788337127e-05,"13","ZYX"
4.05075613210367e-10,1.06362362993555,0.268,0.086,1.82591883410705e-05,"13","CHD2"
4.30131178869161e-10,0.755058110546966,0.289,0.095,1.93885930187063e-05,"13","ELK4"
4.40806410994187e-10,0.734202207803705,0.423,0.167,1.9869789781974e-05,"13","OSTF1"
5.23779777023516e-10,1.30610316831653,0.289,0.1,2.3609897229112e-05,"13","CREB1"
5.4816602927821e-10,1.13986628593506,0.258,0.082,2.47091319357446e-05,"13","MED13"
5.48418084974385e-10,0.806379264372513,0.392,0.153,2.47204935983054e-05,"13","OAS1"
5.62407069813446e-10,0.705529996762975,0.381,0.143,2.53510610789109e-05,"13","EPB41L2"
5.75298862075444e-10,0.95819328536775,0.258,0.08,2.59321715069127e-05,"13","ARL8B"
7.51593667617507e-10,0.560069866147331,0.557,0.247,3.38788361615267e-05,"13","NKTR"
7.8529358305063e-10,0.754429998433244,0.34,0.123,3.53978935495902e-05,"13","PLEKHA1"
8.06628357903571e-10,0.940311421050108,0.351,0.131,3.63595798608614e-05,"13","IFNGR2"
8.39864415871321e-10,0.637452788557134,0.289,0.095,3.78577284098157e-05,"13","SPIN1"
8.58896264706623e-10,0.694272578336959,0.32,0.112,3.87156080279157e-05,"13","SMU1"
8.89730419304854e-10,0.968130869371786,0.33,0.121,4.01054883805856e-05,"13","TRIM44"
9.04102765853396e-10,0.841990973596811,0.278,0.091,4.07533362736077e-05,"13","STX12"
9.06877843765735e-10,0.675096811154843,0.526,0.231,4.08784256855843e-05,"13","DPP7"
1.07650680592236e-09,0.737417244210162,0.423,0.173,4.85246207837565e-05,"13","SEC14L1"
1.09125956917112e-09,0.661987877179192,0.423,0.175,4.91896163399573e-05,"13","ZNF207"
1.32059312500971e-09,0.646275963190191,0.526,0.233,5.95270557029379e-05,"13","EIF4B"
1.6335033099222e-09,0.834532273063474,0.289,0.097,7.36317951980533e-05,"13","GLMP"
1.67366555529369e-09,0.849209707379395,0.299,0.105,7.54421485704182e-05,"13","VEZF1"
1.69706815170785e-09,0.934506986087932,0.32,0.115,7.6497044006383e-05,"13","ERCC1"
2.30665919035932e-09,0.732710367505613,0.33,0.122,0.000103974969664637,"13","RICTOR"
2.52526936940865e-09,0.980215932564212,0.278,0.095,0.000113829042095464,"13","HERC5"
2.65471054941878e-09,0.81192626785675,0.34,0.129,0.000119663732725601,"13","DYNC1H1"
2.73693244618365e-09,0.906367090080886,0.289,0.101,0.000123369966944174,"13","KDM5A"
2.75418311225373e-09,0.601208561503155,0.464,0.199,0.000124147557967949,"13","CD46"
2.83144256920732e-09,0.89145253187688,0.278,0.095,0.000127630105249589,"13","NIN"
2.98177422356285e-09,1.37265142072053,0.289,0.103,0.000134406454901319,"13","APMAP"
3.07330661869748e-09,0.697721752201902,0.485,0.216,0.000138532369144408,"13","POLR2J3"
4.18302926279324e-09,1.24941504799815,0.33,0.126,0.000188554227049668,"13","INTS6"
4.20744980931648e-09,0.541827663290215,0.361,0.138,0.00018965500760475,"13","KANSL1"
4.43241833146318e-09,0.719333013382486,0.351,0.135,0.000199795688709034,"13","KIDINS220"
4.79648983060385e-09,0.621488152393938,0.629,0.316,0.000216206575604299,"13","TSC22D3"
5.03264941291535e-09,0.553741176182637,0.443,0.189,0.000226851704936572,"13","TAPBP"
5.04248704920996e-09,0.636173183809433,0.32,0.118,0.000227295146230188,"13","FYTTD1"
5.8520027298753e-09,0.656617651514093,0.443,0.193,0.000263784875051859,"13","APPL1"
6.23289889381301e-09,0.775881576706131,0.412,0.174,0.000280954150537515,"13","HEXA"
6.29240448070858e-09,0.857415853607239,0.278,0.098,0.00028363642437242,"13","ACIN1"
6.56589901625511e-09,0.548372047885934,0.495,0.219,0.000295964464056715,"13","GNB2"
6.82477889413766e-09,0.808520455406673,0.371,0.151,0.000307633733432149,"13","SMARCA5"
6.8413713639368e-09,0.806139900193001,0.351,0.137,0.000308381655600815,"13","AFF4"
6.92331159846882e-09,1.11553869437656,0.258,0.088,0.000312075193612581,"13","NSUN6"
7.49025384958993e-09,0.816747383646622,0.34,0.132,0.000337630682524116,"13","FNBP4"
8.81939881848001e-09,0.683271372675104,0.361,0.143,0.000397543221141805,"13","RBBP6"
9.42876696787619e-09,0.83341454428233,0.32,0.122,0.000425011099843987,"13","SDCCAG8"
9.84224041453959e-09,1.02787589043794,0.289,0.106,0.000443648828925787,"13","POLR2A"
9.94083884043822e-09,0.762722597466312,0.433,0.189,0.000448093251571593,"13","AKR1B1"
1.01095599263015e-08,0.871659342070086,0.361,0.148,0.000455698523237966,"13","PKN2"
1.02651242745943e-08,0.545100642459347,0.454,0.197,0.000462710741801613,"13","LMO4"
1.05210103904947e-08,0.771725797621679,0.351,0.138,0.000474245064361939,"13","PRKCSH"
1.07729120470317e-08,0.73853975930807,0.351,0.138,0.000485599783432,"13","DNAJB4"
1.18995604784535e-08,0.970292008728819,0.278,0.1,0.000536384588126769,"13","WDR82"
1.21643702309789e-08,1.01763439366214,0.268,0.095,0.000548321152531604,"13","NUMA1"
1.42755669466109e-08,0.552455552154998,0.412,0.172,0.000643485455685435,"13","MT1X"
1.50037745349134e-08,0.7552401428276,0.34,0.133,0.000676310140935754,"13","SENP6"
1.52472964907253e-08,0.855220226888022,0.299,0.112,0.000687287136615932,"13","TNFRSF14"
1.54616190402971e-08,0.754111256366837,0.464,0.208,0.000696947939860434,"13","RND3"
1.57334973494985e-08,0.686461455158804,0.381,0.16,0.000709203126525995,"13","CRTAP"
1.58957031722391e-08,0.664253237633347,0.289,0.104,0.00071651471619185,"13","MXD4"
1.59144439367516e-08,0.738683688082048,0.268,0.094,0.000717359474893014,"13","PUM2"
1.64332029499949e-08,0.604690828314467,0.381,0.158,0.000740743056173972,"13","IST1"
1.95522913007477e-08,0.707236969162424,0.32,0.124,0.000881339082672504,"13","CARD16"
2.02240954430941e-08,1.04669353570235,0.268,0.097,0.000911621326192912,"13","WDR74"
2.17527742800369e-08,0.813596271333032,0.649,0.362,0.000980528053446942,"13","SQSTM1"
2.19805606325146e-08,0.825698328890195,0.268,0.096,0.000990795751071227,"13","SMAD2"
2.32882274566628e-08,0.57012428317473,0.412,0.176,0.00104974014083653,"13","CKLF"
2.66011382172576e-08,0.772542047838451,0.392,0.169,0.0011990729062811,"13","H2AFY"
2.90563439392625e-08,0.649530312535139,0.258,0.089,0.0013097437594062,"13","EXOC5"
3.07797009739696e-08,0.663605766002651,0.34,0.137,0.00138742580110265,"13","EVL"
3.18766998154022e-08,0.695546033738912,0.351,0.142,0.00143687412087907,"13","RNF114"
3.89351548212143e-08,0.67444694512232,0.361,0.15,0.00175504103872106,"13","SEC31A"
4.11516349352711e-08,0.733692184657358,0.351,0.145,0.00185495109634228,"13","CALU"
4.15174272724888e-08,0.85239030987358,0.361,0.153,0.0018714395517347,"13","AKR1A1"
4.16306696984838e-08,0.71253759465004,0.278,0.101,0.00187654406732886,"13","SURF4"
5.09596647894234e-08,0.814638991977041,0.268,0.098,0.00229705785004805,"13","DCAF7"
5.51382700058173e-08,0.897779922252526,0.309,0.123,0.00248541265878222,"13","ARID4A"
5.89018605370533e-08,0.596508216096737,0.371,0.158,0.00265506026556821,"13","PDIA4"
5.91301546618825e-08,1.71570153623138,0.289,0.114,0.00266535085153902,"13","TMEM107"
6.06700754236019e-08,0.700155657425062,0.32,0.127,0.00273476431979428,"13","BLOC1S6"
6.22663645762796e-08,0.602692728969954,0.567,0.293,0.00280671864964038,"13","NFIC"
9.36542345336402e-08,0.607163802850165,0.371,0.161,0.00422155827583837,"13","TAF1D"
1.00795975730864e-07,0.590827783217054,0.381,0.168,0.00454347940204443,"13","BRD4"
1.01081415080344e-07,0.829517551022158,0.289,0.113,0.00455634586616158,"13","LYPLA1"
1.01106050941714e-07,0.683965911335534,0.351,0.149,0.00455745635224868,"13","DNAJB14"
1.01149912143164e-07,0.962865169897884,0.258,0.095,0.00455943343976528,"13","NMRK1"
1.01469412090838e-07,0.642779756630379,0.278,0.101,0.00457383521940661,"13","GPSM3"
1.0857877956841e-07,0.557879710642955,0.33,0.133,0.00489429706782565,"13","SMARCA2"
1.18924591243023e-07,1.05982887282455,0.278,0.109,0.00536064487487052,"13","CTBP2"
1.2394113423331e-07,0.882039007460091,0.268,0.103,0.0055867705667007,"13","PPP2R5E"
1.42923836229297e-07,0.506139567693723,0.443,0.198,0.0064424348418718,"13","TSPAN3"
1.5071142363677e-07,0.500682103168948,0.454,0.216,0.00679346813185106,"13","RAB14"
1.50939390412376e-07,0.857971035790169,0.299,0.122,0.00680374396222825,"13","SAMD9"
1.58801647731406e-07,0.754321388316025,0.33,0.138,0.00715814307314086,"13","RTN3"
1.72463642483396e-07,0.680979737176659,0.433,0.211,0.00777397114858157,"13","YY1"
2.11556486308904e-07,0.696537362535496,0.278,0.108,0.00953612017686016,"13","TTC17"
2.81777551745183e-07,0.591799358376689,0.278,0.108,0.0127014049224658,"13","SNRNP200"
2.92273803952267e-07,0.735802691316857,0.289,0.117,0.0131745339869524,"13","WNK1"
2.93250018381425e-07,0.591931258661224,0.309,0.124,0.0132185378285611,"13","APOC1"
3.10406213891575e-07,0.61986076586987,0.258,0.097,0.0139918704973766,"13","KPNA4"
3.32791946854344e-07,0.575364562121405,0.32,0.133,0.0150009297964064,"13","KDSR"
4.08321455113484e-07,0.690086369238105,0.289,0.117,0.0184054979106954,"13","TUG1"
6.13460533470538e-07,0.554771514037648,0.289,0.116,0.027652347006718,"13","IRF2"
6.54819896409921e-07,0.529911766626008,0.258,0.099,0.0295166616505736,"13","USP14"
7.24757506129997e-07,0.601471295759336,0.258,0.1,0.0326691693463157,"13","TBC1D15"
7.2834795681045e-07,0.534103792714296,0.412,0.199,0.0328310125011878,"13","ANP32A"
9.2899052498421e-07,0.790861366770935,0.258,0.102,0.0418751769041883,"13","SMC1A"
9.71089307012927e-07,0.599362579459982,0.392,0.186,0.0437728216029147,"13","PGLS"
1.16495449736422e-06,0.646875783316504,0.371,0.174,0.0525114889231896,"13","RNMT"
1.38334456627538e-06,0.772105060107556,0.268,0.109,0.0623556396694291,"13","UBE2R2"
1.57231096056208e-06,0.632089276789587,0.268,0.109,0.0708734888582964,"13","FNIP1"
1.64978346091925e-06,0.748610135053261,0.258,0.104,0.0743656392843963,"13","CLSTN1"
1.82474654458555e-06,0.780973134752368,0.268,0.111,0.0822522752437381,"13","OXA1L"
2.72985299294525e-06,0.641425445608087,0.371,0.182,0.12305085351,"13","BNIP2"
2.9633526451517e-06,0.637031873099335,0.33,0.151,0.133576083832858,"13","APH1A"
5.87294210818805e-06,0.554577802004127,0.299,0.133,0.264728738468684,"13","HNRNPUL1"
6.72330432565406e-06,0.508062522494211,0.309,0.141,0.303059665783182,"13","LONP2"
7.18230175558631e-06,0.576401179304486,0.268,0.114,0.323749433934809,"13","DBNL"
7.4967846727267e-06,0.703384183264808,0.258,0.11,0.337925065907829,"13","DNAJB11"
8.28120623862062e-06,0.747774152878582,0.258,0.111,0.373283652412063,"13","RAB8A"
1.63112277409124e-05,0.565504063125883,0.289,0.134,0.735244901649366,"13","LUC7L2"
1.64955407157045e-05,0.706533225012024,0.619,0.382,0.743552993301096,"13","ID2"
3.15080828574985e-05,0.67562482301126,0.299,0.145,1,"13","TXNDC12"
0.00012795400650878,0.591810569305171,0.258,0.126,1,"13","CRK"
0.000142837449317158,0.524758247115476,0.268,0.133,1,"13","LARS"
0.000203150009844559,0.518671067836156,0.278,0.142,1,"13","EIF4A3"
0,10.6315945010413,0.966,0.003,0,"14","S100A8"
0,10.6047778377535,0.931,0.005,0,"14","S100A9"
0,14.4176839949811,0.931,0.005,0,"14","FDCSP"
0,10.5221454012278,0.885,0.008,0,"14","S100A2"
0,9.65829839173066,0.885,0.017,0,"14","KRT14"
0,11.8785508115617,0.655,0.001,0,"14","SFN"
0,9.5281622581082,0.644,0.005,0,"14","CXCL1"
0,11.69834984434,0.632,0,0,"14","MIR205HG"
0,12.0442140611999,0.586,0.001,0,"14","KRT5"
0,12.6578674724771,0.563,0.001,0,"14","KRT19"
0,8.96507221389774,0.563,0.008,0,"14","TACSTD2"
0,8.22991756407797,0.517,0.006,0,"14","SAA1"
0,12.5905276626037,0.471,0,0,"14","ODAM"
0,13.8867898796429,0.471,0,0,"14","KRT6A"
0,11.8263800675806,0.402,0.001,0,"14","LY6D"
0,11.3147891509088,0.391,0.001,0,"14","PDZK1IP1"
0,11.1761679660094,0.391,0.001,0,"14","SAA2"
0,8.63747602920493,0.368,0.004,0,"14","CSTA"
0,14.0402584482308,0.345,0,0,"14","KRT16"
0,10.4070367696201,0.299,0.001,0,"14","S100A14"
0,16.3353652681381,0.264,0,0,"14","CALML3"
0,9.84352372897205,0.264,0.002,0,"14","KRT17"
4.71908827884931e-235,6.53650301472006,0.54,0.021,2.12717623257412e-230,"14","FXYD3"
2.36327029450108e-187,7.738542176222,0.575,0.031,1.06526771794931e-182,"14","SLPI"
1.11524462589534e-85,5.24858855668996,0.494,0.05,5.02707667568585e-81,"14","PERP"
3.36822609097702e-57,5.33943290329719,0.299,0.026,1.5182615927688e-52,"14","LYPD3"
1.42510799911485e-46,4.29820076901153,0.632,0.156,6.42381681681008e-42,"14","CLEC2B"
2.05181030864463e-46,4.60047766767591,0.299,0.032,9.24874014724651e-42,"14","TMEM45A"
1.6042654509843e-44,4.07573624571984,0.713,0.213,7.23138694685684e-40,"14","FABP5"
2.80078604507786e-27,2.2037258740855,0.862,0.633,1.2624823176793e-22,"14","GSTP1"
1.47940576865636e-26,3.456099387779,0.299,0.052,6.66856944279542e-22,"14","VAMP8"
1.04768675206011e-22,1.22049692478014,0.989,0.863,4.72255280358615e-18,"14","RPS19"
6.81829778527247e-20,3.10535409202391,0.483,0.172,3.07341590968942e-15,"14","MT1X"
1.41755592584585e-19,3.18149068810503,0.356,0.094,6.38977509134273e-15,"14","SPINT2"
1.56724567680396e-15,3.34774453350349,0.333,0.102,7.06451661276155e-11,"14","PLP2"
2.05707838542854e-15,1.71050182286885,0.701,0.427,9.27248653015767e-11,"14","DCN"
2.40774285094031e-15,1.90422379029346,0.77,0.608,1.08531416748985e-10,"14","S100A11"
2.0564575708641e-13,3.14903916846633,0.437,0.193,9.26968814642701e-09,"14","TXNDC17"
2.15843795245994e-11,1.82049332575276,0.563,0.343,9.72937491450843e-07,"14","PKM"
1.06562109620852e-10,0.834096488572982,0.989,0.9,4.80339365326952e-06,"14","S100A6"
1.63325142315298e-10,1.68012484372741,0.69,0.547,7.36204411500439e-06,"14","HSPB1"
8.59646357056137e-10,0.998549914216942,0.931,0.858,3.87494191906624e-05,"14","RPS2"
7.91617883425789e-09,0.652944086489647,0.966,0.945,0.000356829677133009,"14","MT-CO2"
1.47419220089882e-08,2.33006420545341,0.368,0.177,0.00066450687647715,"14","CBR1"
6.62447598031075e-08,1.2005765856944,0.69,0.633,0.00298604879288487,"14","RPLP0"
1.47545567996759e-07,0.629659943256565,0.977,0.946,0.0066507640230219,"14","RPLP1"
6.25694058497153e-07,1.40366279492925,0.586,0.494,0.0282037853808177,"14","LRRC75A-AS1"
2.48366425517343e-06,1.65406670956709,0.586,0.507,0.111953649966198,"14","ANXA1"
1.06463971208553e-05,1.09336498768181,0.644,0.587,0.479896996619673,"14","SAT1"
2.05416595181926e-05,0.591268301793218,0.92,0.887,0.925935844442047,"14","RPL13A"
2.63375394715512e-05,1.86930897401847,0.322,0.186,1,"14","TNFSF10"
3.96823845374451e-05,2.30192074068477,0.276,0.148,1,"14","SOD2"
5.22600228379019e-05,1.83102353298051,0.356,0.223,1,"14","CD47"
0.000153196236352069,1.26059153410573,0.609,0.604,1,"14","PFN1"
0.000245454404270148,1.95355018968214,0.46,0.412,1,"14","CSTB"
0.000420051082027467,0.710309892824331,0.736,0.747,1,"14","RPS5"
0.000582638048574864,0.562852832040906,0.874,0.887,1,"14","RPL7"
0.000827942839426705,0.774101399461673,0.575,0.526,1,"14","RPL4"
0.00085679891046937,2.18468225226146,0.299,0.201,1,"14","CLTB"
0.00246353508335262,0.510071980665034,0.839,0.851,1,"14","RPL18A"
0.00297401140766039,1.52914156740435,0.299,0.209,1,"14","CTSB"
0.00325874509948949,2.04358819429014,0.299,0.223,1,"14","S100A16"
0,10.4456833681116,0.985,0.017,0,"15","HBA1"
1.91539435706901e-296,10.2750889277161,0.985,0.047,8.63383160392426e-292,"15","HBA2"
4.55316510489075e-126,10.1543188913555,0.985,0.124,2.05238470268056e-121,"15","HBB"
4.25060085345157e-44,3.4334826068313,0.788,0.194,1.91600084070183e-39,"15","SLC25A37"
5.4108535710782e-27,3.05910230237256,0.485,0.104,2.43899635569921e-22,"15","SLC25A39"
5.30004252436121e-08,1.98797029871209,0.303,0.105,0.00238904716828106,"15","FAM210B"
4.07301701648398e-06,1.43524192228536,0.545,0.332,0.183595315035032,"15","GYPC"
0.00282290654638195,1.16634310837286,0.303,0.175,1,"15","BAG1"
